project_id,project_name,ministry,sector,implementing_agency,state,latitude,longitude,approval_date,original_cost_cr,revised_cost_cr,approved_completion_date,revised_completion_date,cumulative_expenditure_cr,num_milestones,milestones_completed,milestones_delayed,status
705728,MUMBAI-AHMEDABAD HIGH SPEED RAIL PROJECT- 508 KM,Ministry of Railways,Railways,NHSRCL,Gujarat,22.1583,71.553,2017-03-15,108000.0,108000.0,2022-03-15,2022-07-14,90502.0,18,10,0,Ongoing
702668,CHENNAI METRO RAIL PHASE-II DEVELOPMENT PROJECT,Ministry of Housing & Urban Affairs,Urban Infrastructure & Metro,Chennai Metro Rail Limited,Tamil Nadu,11.2926,78.8401,2017-03-15,63246.0,33129.0,2022-03-15,2022-07-14,33129.0,18,9,0,Ongoing
705237,WESTERN DEDICATED FREIGHT CORRIDOR,Ministry of Railways,Railways,Dedicated Freight Corridor Corp,Rajasthan,26.665,74.0408,2017-03-15,51101.0,124005.0,2022-03-15,2023-03-15,124623.0,18,17,3,Delayed
705429,RISHIKESH-KARNAPRAYAG NEW RAIL LINE- 125 KM,Ministry of Railways,Railways,RVNL,Uttarakhand,29.7417,78.9135,2017-03-15,38953.0,38953.0,2022-03-15,2022-07-14,28286.0,18,13,0,Ongoing
706780,MUMBAI URBAN TRANSPORT PROJECT [MUTP] PHASE-IIIA,Ministry of Railways,Railways,MRVC,Maharashtra,19.9675,75.4866,2017-03-15,33690.0,33690.0,2022-03-15,2022-07-14,3577.0,18,3,0,Ongoing
709798,ETHYLENE CRACKER PROJECT AT BINA REFINERY INCLUDING DOWNSTREAM PETROCHEMICAL PLANTS,Ministry of Petroleum & Natural Gas,Petroleum & Natural Gas,BPCL,Madhya Pradesh,22.654,78.2715,2017-03-15,43367.0,43367.0,2022-03-15,2022-07-14,4803.0,18,4,0,Ongoing
701263,RAJASTHAN REFINERY PROJECT,Ministry of Petroleum & Natural Gas,Petroleum & Natural Gas,HPCL,Rajasthan,27.274,74.5757,2017-03-15,43129.0,79459.0,2022-03-15,2023-03-15,69202.0,18,16,3,Delayed
701289,CAPACITY EXPANSION OF PANIPAT REFINERY FROM 15 TO 25 MMTPA,Ministry of Petroleum & Natural Gas,Petroleum & Natural Gas,IOCL,Haryana,29.4486,75.8059,2017-03-15,34627.0,36225.0,2022-03-15,2023-03-15,27035.0,18,16,0,Ongoing
400120,KG-DWN-98/2 CLUSTER - II DEVELOPMENT PROJECT - NELP BLOCK,Ministry of Petroleum & Natural Gas,Petroleum & Natural Gas,ONGC,Andhra Pradesh,15.6584,79.6165,2017-03-15,34012.0,34012.0,2022-03-15,2022-07-14,33007.0,18,17,0,Ongoing
602182,DIBANG MULTIPURPOSE PROJECT,Ministry of Power,Power Transmission & Generation,NHPC,Arunachal Pradesh,28.0148,94.4563,2017-03-15,31876.0,31876.0,2022-03-15,2022-07-14,4593.0,18,3,0,Ongoing
706775,BHARATNET FIBER NETWORK EXPANSION,Department of Telecommunications,Telecommunications,BSNL,PAN India,21.4701,78.7411,2017-03-15,61109.0,188000.0,2022-03-15,2023-03-15,46432.0,18,14,3,Delayed
400188,REDEVELOPMENT OF SEVEN GENERAL POOL RESIDENTIAL ACCOMMODATION [GPRA] COLONIES IN DELHI,Ministry of Housing & Urban Affairs,Urban Infrastructure & Metro,NBCC,Delhi,29.0,77.1176,2017-03-15,32850.0,32841.0,2022-03-15,2022-07-14,13886.0,18,8,0,Ongoing
618412,CONSTRUCTION OF ROAD FROM Z-MORH TUNNEL TO ZOJILA TUNNEL,Ministry of Road Transport & Highways,Roads & Highways,NHIDCL,Jammu & Kashmir,33.4578,76.3707,2017-03-15,6809.0,6809.0,2022-03-15,2022-07-14,3214.0,18,11,0,Ongoing
PRJ_0001,Roads Infrastructure Development at Uttar Pradesh Section Pkg-2,Ministry of Road Transport & Highways,Roads & Highways,NHIDCL,Uttar Pradesh,,80.8134,2016-05-01,250.37,268.9,2018-11-30,2018-11-30,223.59,13,10,1,Ongoing
PRJ_0002,Railways Infrastructure Development at Andhra Pradesh Section Pkg-3,Ministry of Railways,Railways,Central Railway,Andhra Pradesh,16.4232,79.3567,2019-02-01,150.0,194.4,2020-09-01,2023-01-31,139.38,12,8,1,Delayed
PRJ_0003,Roads Infrastructure Development at Gujarat Section Pkg-4,Ministry of Road Transport & Highways,Roads & Highways,NHAI,Gujarat,22.6023,70.6997,2020-09-01,1533.19,2387.18,2024-01-01,2025-06-01,2168.2,19,16,2,Delayed
PRJ_0004,Railways Infrastructure Development at Karnataka Section Pkg-5,Ministry of Railways,Railways,Dedicated Freight Corridor Corp,Karnataka,15.8357,75.2369,2019-03-01,320.31,341.13,2023-05-31,2023-09-29,293.97,13,11,0,Delayed
PRJ_0005,Railways Infrastructure Development at Maharashtra Section Pkg-6,Ministry of Railways,Railways,Dedicated Freight Corridor Corp,Maharashtra,19.5433,75.7352,2019-03-01,475.89,599.15,2022-09-29,2023-11-29,177.67,6,1,2,Delayed
PRJ_0006,Power Infrastructure Development at Dadra & Nagar Haveli Section Pkg-7,Ministry of Power,Power Transmission & Generation,NTPC,Dadra & Nagar Haveli,20.4439,72.691,2017-05-01,300.28,322.5,2022-03-31,2022-03-31,161.54,13,6,2,Ongoing
PRJ_0007,Roads Infrastructure Development at Jharkhand Section Pkg-8,Ministry of Road Transport & Highways,Roads & Highways,MoRTH,Jharkhand,23.7508,85.528,2022-03-01,432.15,597.23,2026-07-31,2027-11-30,170.24,7,1,4,Delayed
PRJ_0008,Railways Infrastructure Development at Tamil Nadu Section Pkg-9,Ministry of Railways,Railways,IRCON,Tamil Nadu,11.347,78.6535,2017-07-01,1922.49,2033.99,2020-01-30,2020-08-30,935.64,20,9,2,Delayed
PRJ_0009,Roads Infrastructure Development at Andhra Pradesh Section Pkg-1,Ministry of Road Transport & Highways,Roads & Highways,MoRTH,Andhra Pradesh,15.598,79.5879,2021-12-01,2863.83,2921.11,2026-05-02,2028-12-31,1825.19,12,7,1,Delayed
PRJ_0010,Roads Infrastructure Development at Uttar Pradesh Section Pkg-2,Ministry of Road Transport & Highways,Roads & Highways,NHAI,Uttar Pradesh,,80.6752,2019-01-01,314.55,313.61,2022-03-02,2022-04-01,112.36,18,6,0,Ongoing
PRJ_0011,Roads Infrastructure Development at Uttar Pradesh Section Pkg-3,Ministry of Road Transport & Highways,Roads & Highways,NHIDCL,Uttar Pradesh,27.3593,80.6278,2017-10-01,213.22,274.84,2020-06-01,2021-10-31,229.69,14,12,1,Delayed
PRJ_0012,Roads Infrastructure Development at Maharashtra Section Pkg-4,Ministry of Road Transport & Highways,Roads & Highways,NHAI,Maharashtra,19.2972,75.4778,2019-05-01,1262.78,1265.31,2024-02-29,2024-06-29,186.24,8,1,2,Delayed
PRJ_0013,Petroleum Infrastructure Development at Rajasthan Section Pkg-5,Ministry of Petroleum & Natural Gas,Petroleum & Natural Gas,NRL,Rajasthan,26.4383,73.9073,2023-06-01,593.15,563.49,2025-01-29,2025-06-30,353.14,13,8,0,Delayed
PRJ_0014,Power Infrastructure Development at Odisha Section Pkg-6,Ministry of Power,Power Transmission & Generation,SJVN,Odisha,21.2366,85.1132,2020-04-01,4262.16,5502.45,2022-07-01,2023-11-30,2318.81,11,4,5,Delayed
PRJ_0015,Roads Infrastructure Development at Haryana Section Pkg-7,Ministry of Road Transport & Highways,Roads & Highways,MoRTH,Haryana,,76.2734,2017-02-01,425.51,427.21,2021-02-01,2021-03-03,408.76,10,9,2,Ongoing
PRJ_0016,Roads Infrastructure Development at Tamil Nadu Section Pkg-8,Ministry of Road Transport & Highways,Roads & Highways,NHIDCL,Tamil Nadu,11.2513,78.8687,2022-06-01,178.18,245.71,2027-06-01,2028-07-31,57.54,18,4,4,Delayed
PRJ_0017,Railways Infrastructure Development at Haryana Section Pkg-9,Ministry of Railways,Railways,Dedicated Freight Corridor Corp,Haryana,29.3323,76.0814,2019-04-01,2916.67,3094.59,2021-09-30,2021-11-29,2345.61,13,10,2,Ongoing
PRJ_0018,Railways Infrastructure Development at Rajasthan Section Pkg-1,Ministry of Railways,Railways,IRCON,Rajasthan,26.725,74.6386,2017-12-01,212.09,254.51,2020-10-31,2021-06-01,243.27,13,12,1,Delayed
PRJ_0019,Railways Infrastructure Development at Madhya Pradesh Section Pkg-2,Ministry of Railways,Railways,Central Railway,Madhya Pradesh,,78.5582,2020-04-01,219.36,249.41,2022-12-31,2024-12-30,73.38,15,4,5,Stalled
PRJ_0020,Roads Infrastructure Development at Uttarakhand Section Pkg-3,Ministry of Road Transport & Highways,Roads & Highways,MoRTH,Uttarakhand,29.5504,78.6292,2020-05-01,472.25,505.78,2025-03-31,2025-05-30,356.71,23,15,1,Ongoing
PRJ_0021,Roads Infrastructure Development at Chhattisgarh Section Pkg-4,Ministry of Road Transport & Highways,Roads & Highways,NHAI,Chhattisgarh,21.4817,82.2612,2018-08-01,720.61,684.58,2021-04-01,2021-10-31,648.6,16,14,1,Delayed
PRJ_0022,Roads Infrastructure Development at Himachal Pradesh Section Pkg-5,Ministry of Road Transport & Highways,Roads & Highways,NHAI,Himachal Pradesh,31.3287,76.7108,2018-09-01,313.08,297.43,2023-01-31,2023-03-02,273.44,19,17,2,Ongoing
PRJ_0023,Roads Infrastructure Development at Nagaland Section Pkg-6,Ministry of Road Transport & Highways,Roads & Highways,NHAI,Nagaland,,94.4298,2023-09-01,150.0,195.3,2026-03-02,2027-01-30,164.6,21,16,1,Delayed
PRJ_0024,Roads Infrastructure Development at Jammu & Kashmir Section Pkg-7,Ministry of Road Transport & Highways,Roads & Highways,NHIDCL,Jammu & Kashmir,34.0956,,2021-08-01,196.12,246.13,2025-03-01,2027-12-30,167.54,11,7,4,Delayed
PRJ_0025,Roads Infrastructure Development at Gujarat Section Pkg-8,Ministry of Road Transport & Highways,Roads & Highways,NHIDCL,Gujarat,21.7149,,2016-04-01,440.76,518.77,2019-04-01,2020-12-30,288.27,20,11,1,Delayed
PRJ_0026,Roads Infrastructure Development at Maharashtra Section Pkg-9,Ministry of Road Transport & Highways,Roads & Highways,NHIDCL,Maharashtra,19.2212,75.2477,2016-03-01,1753.39,1835.8,2017-10-30,2017-10-30,1561.67,24,20,2,Ongoing
PRJ_0027,Railways Infrastructure Development at Chhattisgarh Section Pkg-1,Ministry of Railways,Railways,Dedicated Freight Corridor Corp,Chhattisgarh,20.6803,81.6259,2020-09-01,703.82,760.13,2025-03-02,2025-06-01,640.59,17,15,0,Delayed
PRJ_0028,Roads Infrastructure Development at Uttarakhand Section Pkg-2,Ministry of Road Transport & Highways,Roads & Highways,NHAI,Uttarakhand,29.8952,79.5307,2020-01-01,1144.95,1103.73,2024-07-01,2024-11-30,447.15,15,6,1,Delayed
PRJ_0029,Roads Infrastructure Development at West Bengal Section Pkg-3,Ministry of Road Transport & Highways,Roads & Highways,MoRTH,West Bengal,23.3232,87.8266,2021-06-01,151.62,184.07,2025-05-01,2026-11-30,139.29,21,14,1,Delayed
PRJ_0030,Urban Infrastructure Development at Telangana Section Pkg-4,Ministry of Housing & Urban Affairs,Urban Infrastructure & Metro,MahaMetro,Telangana,18.3538,79.2918,2018-02-01,227.03,237.25,2020-04-02,2020-09-01,226.35,19,18,1,Delayed
PRJ_0031,Roads Infrastructure Development at Maharashtra Section Pkg-5,Ministry of Road Transport & Highways,Roads & Highways,MoRTH,Maharashtra,20.0526,75.2355,2017-10-01,240.91,231.27,2020-03-01,2020-03-31,212.84,24,22,0,Ongoing
PRJ_0032,Water Infrastructure Development at Odisha Section Pkg-6,"Department of Water Resources, River Development & GR",Water & Sanitation,National Mission for Clean Ganga,Odisha,21.3595,84.7247,2021-09-01,647.81,668.54,2023-03-02,2023-04-01,479.43,6,4,0,Ongoing
PRJ_0033,Airports Infrastructure Development at Goa Section Pkg-7,Ministry of Civil Aviation,Airports & Aviation,Adani Airport Holdings,Goa,15.5067,73.6214,2022-12-01,967.49,924.92,2027-12-01,2028-05-01,749.03,16,12,0,Delayed
PRJ_0034,Roads Infrastructure Development at Ladakh Section Pkg-8,Ministry of Road Transport & Highways,Roads & Highways,NHAI,Ladakh,34.2819,77.2715,2023-10-01,732.48,885.57,2026-01-30,2027-07-31,280.2,24,7,3,Delayed
PRJ_0035,Roads Infrastructure Development at Jharkhand Section Pkg-9,Ministry of Road Transport & Highways,Roads & Highways,NHIDCL,Jharkhand,23.8783,85.3227,2022-01-01,857.05,882.76,2026-06-02,2028-06-01,236.7,13,3,5,Stalled
PRJ_0036,Roads Infrastructure Development at Karnataka Section Pkg-1,Ministry of Road Transport & Highways,Roads & Highways,MoRTH,Karnataka,15.3389,75.2823,2018-10-01,503.95,737.28,2023-03-02,2025-11-30,447.73,13,7,1,Delayed
PRJ_0037,Power Infrastructure Development at Andhra Pradesh Section Pkg-2,Ministry of Power,Power Transmission & Generation,PGCIL,Andhra Pradesh,16.3502,79.8443,2023-03-01,690.66,791.5,2025-09-29,2025-12-29,247.34,22,6,1,Delayed
PRJ_0038,Roads Infrastructure Development at Gujarat Section Pkg-3,Ministry of Road Transport & Highways,Roads & Highways,NHIDCL,Gujarat,22.4371,70.9227,2016-03-01,377.08,369.16,2019-07-01,2019-10-30,193.56,15,7,0,Delayed
PRJ_0039,Power Infrastructure Development at Jharkhand Section Pkg-4,Ministry of Power,Power Transmission & Generation,THDC,Jharkhand,24.0271,,2021-02-01,368.48,390.96,2024-04-02,2024-06-01,176.49,7,2,2,Ongoing
PRJ_0040,Roads Infrastructure Development at Odisha Section Pkg-5,Ministry of Road Transport & Highways,Roads & Highways,MoRTH,Odisha,20.5163,85.1953,2022-02-01,806.76,839.84,2023-08-02,2023-08-02,745.12,19,15,2,Ongoing
PRJ_0041,Roads Infrastructure Development at Andhra Pradesh Section Pkg-6,Ministry of Road Transport & Highways,Roads & Highways,NHIDCL,Andhra Pradesh,15.8011,79.5339,2020-11-01,2656.45,3482.61,2024-11-01,2026-04-02,2679.09,9,7,2,Delayed
PRJ_0042,Roads Infrastructure Development at Karnataka Section Pkg-7,Ministry of Road Transport & Highways,Roads & Highways,NHIDCL,Karnataka,14.7403,76.1061,2017-03-01,182.66,236.91,2020-06-30,2023-10-30,161.17,18,11,4,Delayed
PRJ_0043,Power Infrastructure Development at Punjab Section Pkg-8,Ministry of Power,Power Transmission & Generation,NHPC,Punjab,30.8047,74.8219,2020-06-01,2541.66,2706.87,2022-03-02,2022-08-01,1456.39,6,3,2,Delayed
PRJ_0044,Railways Infrastructure Development at Manipur Section Pkg-9,Ministry of Railways,Railways,IRCON,Manipur,24.1653,93.8663,2021-08-01,4344.77,5526.55,2025-09-30,2028-08-30,3242.91,16,9,6,Delayed
PRJ_0045,Roads Infrastructure Development at Punjab Section Pkg-1,Ministry of Road Transport & Highways,Roads & Highways,NHAI,Punjab,31.2713,75.5326,2017-03-01,300.93,401.14,2019-09-30,2021-08-30,209.63,14,7,3,Delayed
PRJ_0046,Roads Infrastructure Development at Gujarat Section Pkg-2,Ministry of Road Transport & Highways,Roads & Highways,NHAI,Gujarat,22.7035,70.6926,2018-10-01,201.49,200.08,2022-06-01,2022-11-30,72.89,16,5,2,Delayed
PRJ_0047,Roads Infrastructure Development at Andhra Pradesh Section Pkg-3,Ministry of Road Transport & Highways,Roads & Highways,NHAI,Andhra Pradesh,15.5003,80.3261,2016-05-01,1405.72,1438.05,2019-03-01,2020-03-30,832.86,13,7,0,Delayed
PRJ_0048,Roads Infrastructure Development at Gujarat Section Pkg-4,Ministry of Road Transport & Highways,Roads & Highways,MoRTH,Gujarat,21.7566,70.9027,2023-01-01,150.0,187.05,2025-07-02,2027-03-02,80.18,10,4,1,Delayed
PRJ_0049,Roads Infrastructure Development at Dadra & Nagar Haveli Section Pkg-5,Ministry of Road Transport & Highways,Roads & Highways,MoRTH,Dadra & Nagar Haveli,20.4556,73.3527,2022-02-01,252.03,323.35,2025-09-01,2028-10-01,208.01,14,9,4,Delayed
PRJ_0050,Healthcare Infrastructure Development at Maharashtra Section Pkg-6,Ministry of Labour and Employment,Healthcare & ESIC,ESIC,Maharashtra,19.7586,75.3082,2023-08-01,452.4,451.95,2027-08-01,2027-08-01,277.69,6,3,2,Ongoing
PRJ_0051,Roads Infrastructure Development at Maharashtra Section Pkg-7,Ministry of Road Transport & Highways,Roads & Highways,NHAI,Maharashtra,20.3166,75.3265,2023-02-01,910.67,1185.69,2026-10-02,2027-03-03,579.4,21,10,1,Delayed
PRJ_0052,Railways Infrastructure Development at Arunachal Pradesh Section Pkg-8,Ministry of Railways,Railways,Central Railway,Arunachal Pradesh,28.0954,94.7418,2021-01-01,942.97,939.2,2024-11-01,2024-12-31,939.2,10,9,2,Ongoing
PRJ_0053,Roads Infrastructure Development at Kerala Section Pkg-9,Ministry of Road Transport & Highways,Roads & Highways,NHIDCL,Kerala,11.4403,75.9211,2020-10-01,607.28,589.06,2024-10-31,2025-08-31,530.48,19,16,0,Delayed
PRJ_0054,Healthcare Infrastructure Development at Jharkhand Section Pkg-1,Ministry of Health & Family Welfare,Healthcare Infrastructure,HITES,Jharkhand,23.2971,85.5895,2020-02-01,286.9,308.13,2022-05-02,2022-12-31,301.99,15,14,1,Delayed
PRJ_0055,Healthcare Infrastructure Development at Maharashtra Section Pkg-2,Ministry of Health & Family Welfare,Healthcare Infrastructure,CPWD,Maharashtra,19.4543,76.1616,2020-04-01,719.22,825.66,2025-04-01,2025-07-01,565.27,16,11,2,Delayed
PRJ_0056,Roads Infrastructure Development at Jharkhand Section Pkg-3,Ministry of Road Transport & Highways,Roads & Highways,NHIDCL,Jharkhand,,85.0985,2023-06-01,2338.85,2963.32,2024-11-29,2025-08-29,1522.84,18,9,8,Delayed
PRJ_0057,Coal Infrastructure Development at Maharashtra Section Pkg-4,Ministry of Coal,Coal Mining,ECL,Maharashtra,19.5209,75.4033,2017-02-01,391.07,438.39,2018-11-02,2020-09-01,379.67,23,20,3,Delayed
PRJ_0058,Petroleum Infrastructure Development at Tamil Nadu Section Pkg-5,Ministry of Petroleum & Natural Gas,Petroleum & Natural Gas,ONGC,Tamil Nadu,10.7023,79.1826,2019-04-01,1849.73,2090.19,2022-03-31,2024-04-29,970.47,11,4,4,Delayed
PRJ_0059,Roads Infrastructure Development at Jharkhand Section Pkg-6,Ministry of Road Transport & Highways,Roads & Highways,NHIDCL,Jharkhand,23.8957,85.3968,2020-09-01,210.06,199.56,2022-08-02,2022-10-01,143.37,10,6,2,Ongoing
PRJ_0060,Roads Infrastructure Development at Bihar Section Pkg-7,Ministry of Road Transport & Highways,Roads & Highways,NHAI,Bihar,25.1509,84.958,2020-05-01,1570.26,1549.85,2023-08-31,2023-09-30,1464.84,18,16,2,Ongoing
PRJ_0061,Urban Infrastructure Development at Delhi Section Pkg-8,Ministry of Housing & Urban Affairs,Urban Infrastructure & Metro,NBCC,Delhi,28.7385,76.9038,2020-10-01,150.0,156.75,2023-04-02,2023-04-02,140.6,22,19,1,Ongoing
PRJ_0062,Railways Infrastructure Development at Haryana Section Pkg-9,Ministry of Railways,Railways,RVNL,Haryana,28.8374,75.6135,2020-02-01,286.55,302.88,2022-04-02,2022-06-01,272.34,16,14,1,Ongoing
PRJ_0063,Coal Infrastructure Development at West Bengal Section Pkg-1,Ministry of Coal,Coal Mining,SECL,West Bengal,23.5684,87.5059,2017-06-01,1580.17,1954.67,2020-07-31,2021-12-30,1832.79,11,10,1,Delayed
PRJ_0064,Roads Infrastructure Development at Andhra Pradesh Section Pkg-2,Ministry of Road Transport & Highways,Roads & Highways,NHIDCL,Andhra Pradesh,15.662,79.7033,2023-02-01,398.96,405.34,2026-05-03,2026-11-01,221.18,10,5,0,Delayed
PRJ_0065,Petroleum Infrastructure Development at Andhra Pradesh Section Pkg-3,Ministry of Petroleum & Natural Gas,Petroleum & Natural Gas,BPCL,Andhra Pradesh,15.6477,79.626,2022-10-01,303.38,318.25,2025-10-31,2025-11-30,296.58,19,17,2,Ongoing
PRJ_0066,Educational Infrastructure Development at Uttarakhand Section Pkg-4,Department of Higher Education,Educational Infrastructure,NBCC,Uttarakhand,29.9402,79.4598,2021-08-01,1238.35,1176.43,2026-05-01,2026-06-30,1010.57,21,18,2,Ongoing
PRJ_0067,Roads Infrastructure Development at Tamil Nadu Section Pkg-5,Ministry of Road Transport & Highways,Roads & Highways,MoRTH,Tamil Nadu,10.7452,78.6619,2016-10-01,341.52,337.76,2019-12-01,2019-12-01,335.04,15,13,0,Ongoing
PRJ_0068,Petroleum Infrastructure Development at Jammu & Kashmir Section Pkg-6,Ministry of Petroleum & Natural Gas,Petroleum & Natural Gas,NRL,Jammu & Kashmir,34.2724,76.5032,2018-11-01,539.44,549.15,2022-05-02,2022-07-01,487.95,8,6,0,Ongoing
PRJ_0069,Roads Infrastructure Development at Gujarat Section Pkg-7,Ministry of Road Transport & Highways,Roads & Highways,MoRTH,Gujarat,22.689,71.7477,2022-02-01,3483.99,4654.61,2026-07-03,2027-06-02,3852.48,14,11,3,Delayed
PRJ_0070,Roads Infrastructure Development at Odisha Section Pkg-8,Ministry of Road Transport & Highways,Roads & Highways,NHIDCL,Odisha,20.877,84.8709,2019-12-01,855.51,882.89,2024-11-30,2025-05-01,141.22,22,3,0,Delayed
PRJ_0071,Roads Infrastructure Development at Uttarakhand Section Pkg-9,Ministry of Road Transport & Highways,Roads & Highways,NHIDCL,Uttarakhand,30.6397,79.5765,2016-06-01,480.18,565.65,2017-11-30,2019-03-01,445.81,20,15,5,Delayed
PRJ_0072,Water Infrastructure Development at Maharashtra Section Pkg-1,"Department of Water Resources, River Development & GR",Water & Sanitation,Water Resources Dept,Maharashtra,19.5355,,2020-08-01,2368.11,2297.07,2022-07-02,2022-08-31,1466.62,19,11,2,Ongoing
PRJ_0073,Roads Infrastructure Development at Madhya Pradesh Section Pkg-2,Ministry of Road Transport & Highways,Roads & Highways,NHAI,Madhya Pradesh,,78.9193,2020-06-01,5219.95,6253.5,2023-05-02,2023-07-01,3126.04,17,8,0,Delayed
PRJ_0074,Roads Infrastructure Development at Maharashtra Section Pkg-3,Ministry of Road Transport & Highways,Roads & Highways,MoRTH,Maharashtra,19.4494,76.2995,2020-09-01,2434.47,2918.93,2024-01-01,2025-03-02,863.81,17,5,1,Delayed
PRJ_0075,Roads Infrastructure Development at Uttar Pradesh Section Pkg-4,Ministry of Road Transport & Highways,Roads & Highways,NHIDCL,Uttar Pradesh,26.4266,80.9913,2021-02-01,296.87,326.26,2025-07-03,2026-08-02,201.95,14,8,0,Delayed
PRJ_0076,Petroleum Infrastructure Development at Madhya Pradesh Section Pkg-5,Ministry of Petroleum & Natural Gas,Petroleum & Natural Gas,GAIL,Madhya Pradesh,23.3895,79.0552,2022-03-01,150.0,164.85,2023-08-30,2024-08-29,143.32,13,11,2,Delayed
PRJ_0077,Roads Infrastructure Development at Maharashtra Section Pkg-6,Ministry of Road Transport & Highways,Roads & Highways,NHIDCL,Maharashtra,19.9944,75.9046,2017-10-01,895.8,939.69,2021-06-01,2021-07-31,575.84,22,12,1,Ongoing
PRJ_0078,Roads Infrastructure Development at Bihar Section Pkg-7,Ministry of Road Transport & Highways,Roads & Highways,MoRTH,Bihar,25.1104,85.3455,2020-12-01,184.51,201.48,2023-08-02,2023-12-01,120.72,19,10,0,Delayed
PRJ_0079,Roads Infrastructure Development at Madhya Pradesh Section Pkg-8,Ministry of Road Transport & Highways,Roads & Highways,NHIDCL,Madhya Pradesh,23.2221,78.2854,2019-06-01,150.0,153.6,2022-12-30,2023-01-29,57.3,17,5,0,Ongoing
PRJ_0080,Railways Infrastructure Development at Bihar Section Pkg-9,Ministry of Railways,Railways,RVNL,Bihar,24.684,85.8828,2016-03-01,603.65,617.53,2019-04-01,2019-12-30,194.88,23,7,0,Delayed
PRJ_0081,Railways Infrastructure Development at Gujarat Section Pkg-1,Ministry of Railways,Railways,IRCON,Gujarat,22.5922,71.0512,2017-05-01,342.27,336.45,2020-10-30,2020-10-30,321.92,11,10,1,Ongoing
PRJ_0082,Roads Infrastructure Development at Tamil Nadu Section Pkg-2,Ministry of Road Transport & Highways,Roads & Highways,MoRTH,Tamil Nadu,11.1958,78.9481,2023-11-01,966.94,1412.7,2028-06-01,2029-01-30,1169.09,9,7,1,Delayed
PRJ_0083,Petroleum Infrastructure Development at Gujarat Section Pkg-3,Ministry of Petroleum & Natural Gas,Petroleum & Natural Gas,ONGC,Gujarat,22.5163,71.317,2017-10-01,367.08,348.73,2021-04-01,2021-05-01,154.21,6,2,0,Ongoing
PRJ_0084,Petroleum Infrastructure Development at Jharkhand Section Pkg-4,Ministry of Petroleum & Natural Gas,Petroleum & Natural Gas,BPCL,Jharkhand,23.1007,84.9803,2023-10-01,1223.27,1385.96,2028-05-31,2030-05-01,961.3,23,14,2,Delayed
PRJ_0085,Roads Infrastructure Development at Kerala Section Pkg-5,Ministry of Road Transport & Highways,Roads & Highways,NHIDCL,Kerala,10.9553,75.7736,2020-06-01,896.7,1114.6,2023-10-01,2027-03-01,692.02,18,11,6,Delayed
PRJ_0086,Railways Infrastructure Development at Uttar Pradesh Section Pkg-6,Ministry of Railways,Railways,IRCON,Uttar Pradesh,26.5324,81.4723,2020-04-01,1685.79,1601.5,2023-10-31,2024-02-29,1601.5,11,10,2,Delayed
PRJ_0087,Roads Infrastructure Development at Odisha Section Pkg-7,Ministry of Road Transport & Highways,Roads & Highways,NHIDCL,Odisha,20.552,84.6439,2021-07-01,310.31,298.52,2026-01-30,2026-03-31,143.87,19,9,1,Ongoing
PRJ_0088,Roads Infrastructure Development at Gujarat Section Pkg-8,Ministry of Road Transport & Highways,Roads & Highways,MoRTH,Gujarat,21.9359,71.5547,2023-09-01,570.1,568.96,2026-01-30,2026-09-30,420.35,18,13,0,Delayed
PRJ_0089,Petroleum Infrastructure Development at Jammu & Kashmir Section Pkg-9,Ministry of Petroleum & Natural Gas,Petroleum & Natural Gas,IOCL,Jammu & Kashmir,33.33,76.9873,2017-02-01,243.14,235.12,2018-08-02,2019-06-02,132.62,10,5,0,Delayed
PRJ_0090,Roads Infrastructure Development at Karnataka Section Pkg-1,Ministry of Road Transport & Highways,Roads & Highways,NHAI,Karnataka,14.7639,75.338,2016-05-01,972.0,1046.84,2020-03-31,2020-08-30,184.38,9,1,1,Delayed
PRJ_0091,Roads Infrastructure Development at West Bengal Section Pkg-2,Ministry of Road Transport & Highways,Roads & Highways,NHIDCL,West Bengal,22.7279,,2017-11-01,150.0,175.2,2021-11-01,2021-11-01,84.98,18,8,0,Delayed
PRJ_0092,Roads Infrastructure Development at Andhra Pradesh Section Pkg-3,Ministry of Road Transport & Highways,Roads & Highways,MoRTH,Andhra Pradesh,15.8322,79.721,2017-04-01,1857.22,1955.65,2018-11-30,2019-10-30,1653.4,10,8,1,Delayed
PRJ_0093,Power Infrastructure Development at Uttar Pradesh Section Pkg-4,Ministry of Power,Power Transmission & Generation,NTPC,Uttar Pradesh,26.3982,81.4811,2018-04-01,969.42,981.05,2022-08-31,2022-12-30,881.41,16,14,2,Delayed
PRJ_0094,Roads Infrastructure Development at Madhya Pradesh Section Pkg-5,Ministry of Road Transport & Highways,Roads & Highways,NHAI,Madhya Pradesh,23.3567,79.1436,2023-01-01,653.71,685.09,2025-12-01,2025-12-31,451.33,14,8,0,Ongoing
PRJ_0095,Roads Infrastructure Development at Andhra Pradesh Section Pkg-6,Ministry of Road Transport & Highways,Roads & Highways,NHIDCL,Andhra Pradesh,16.3239,80.0068,2017-04-01,433.38,553.43,2021-07-31,2022-05-31,371.35,15,9,1,Delayed
PRJ_0096,Healthcare Infrastructure Development at Maharashtra Section Pkg-7,Ministry of Labour and Employment,Healthcare & ESIC,CPWD,Maharashtra,19.9605,75.8738,2017-09-01,741.01,772.87,2019-06-02,2019-07-02,705.65,21,19,0,Ongoing
PRJ_0097,Railways Infrastructure Development at Chhattisgarh Section Pkg-8,Ministry of Railways,Railways,Central Railway,Chhattisgarh,20.8969,81.3692,2017-03-01,275.94,373.9,2018-10-30,2019-10-30,226.75,19,10,9,Delayed
PRJ_0098,Railways Infrastructure Development at Tamil Nadu Section Pkg-9,Ministry of Railways,Railways,Dedicated Freight Corridor Corp,Tamil Nadu,11.2564,78.5425,2022-06-01,298.71,408.04,2024-10-30,2025-11-29,408.04,10,9,1,Delayed
PRJ_0099,Railways Infrastructure Development at Maharashtra Section Pkg-1,Ministry of Railways,Railways,Central Railway,Maharashtra,19.4546,76.1095,2021-09-01,484.3,626.68,2025-09-01,2027-07-02,122.26,15,3,2,Stalled
PRJ_0100,Roads Infrastructure Development at Meghalaya Section Pkg-2,Ministry of Road Transport & Highways,Roads & Highways,NHIDCL,Meghalaya,25.2092,92.3013,2019-03-01,1003.13,1099.43,2023-06-30,2023-10-29,456.26,18,7,0,Delayed
PRJ_0101,Roads Infrastructure Development at Chhattisgarh Section Pkg-3,Ministry of Road Transport & Highways,Roads & Highways,NHIDCL,Chhattisgarh,21.6535,82.169,2017-08-01,188.3,206.75,2020-04-01,2020-09-30,132.1,24,16,2,Delayed
PRJ_0102,Coal Infrastructure Development at Uttar Pradesh Section Pkg-4,Ministry of Coal,Coal Mining,SCCL,Uttar Pradesh,26.9117,81.2606,2022-07-01,1920.29,2158.41,2023-12-30,2025-09-29,1175.46,15,8,7,Delayed
PRJ_0103,Roads Infrastructure Development at Assam Section Pkg-5,Ministry of Road Transport & Highways,Roads & Highways,NHIDCL,Assam,26.4987,92.652,2021-10-01,322.35,311.39,2026-05-02,2026-10-01,260.81,14,11,1,Delayed
PRJ_0104,Roads Infrastructure Development at Karnataka Section Pkg-6,Ministry of Road Transport & Highways,Roads & Highways,MoRTH,Karnataka,14.8809,75.3499,2021-09-01,356.15,459.79,2023-03-02,2024-01-30,206.61,18,7,4,Delayed
PRJ_0105,Roads Infrastructure Development at Tamil Nadu Section Pkg-7,Ministry of Road Transport & Highways,Roads & Highways,NHIDCL,Tamil Nadu,10.7925,78.3798,2016-07-01,1518.09,2176.94,2019-07-01,2020-09-29,2033.38,11,10,1,Delayed
PRJ_0106,Roads Infrastructure Development at Uttar Pradesh Section Pkg-8,Ministry of Road Transport & Highways,Roads & Highways,MoRTH,Uttar Pradesh,27.1545,80.655,2019-02-01,563.96,862.29,2022-08-02,2024-04-01,225.68,10,2,5,Stalled
PRJ_0107,Roads Infrastructure Development at Uttarakhand Section Pkg-9,Ministry of Road Transport & Highways,Roads & Highways,NHAI,Uttarakhand,30.2986,79.3809,2023-09-01,285.15,278.88,2027-01-30,2027-01-30,253.1,21,19,1,Ongoing
PRJ_0108,Roads Infrastructure Development at Andhra Pradesh Section Pkg-1,Ministry of Road Transport & Highways,Roads & Highways,NHAI,Andhra Pradesh,15.7884,80.2966,2020-09-01,150.0,164.7,2025-09-01,2025-12-31,53.33,7,2,1,Delayed
PRJ_0109,Roads Infrastructure Development at Maharashtra Section Pkg-2,Ministry of Road Transport & Highways,Roads & Highways,NHAI,Maharashtra,19.5893,76.162,2020-09-01,2185.19,2523.89,2024-10-01,2025-06-01,2319.03,13,11,2,Delayed
PRJ_0110,Water Infrastructure Development at Odisha Section Pkg-3,"Department of Water Resources, River Development & GR",Water & Sanitation,CPWD,Odisha,20.8812,84.52,2023-07-01,613.16,751.73,2025-07-30,2026-11-29,385.61,9,4,5,Delayed
PRJ_0111,Roads Infrastructure Development at Uttar Pradesh Section Pkg-4,Ministry of Road Transport & Highways,Roads & Highways,NHIDCL,Uttar Pradesh,26.7649,81.2892,2018-09-01,729.32,755.58,2022-09-01,2023-03-02,552.3,11,8,1,Delayed
PRJ_0112,Petroleum Infrastructure Development at Himachal Pradesh Section Pkg-5,Ministry of Petroleum & Natural Gas,Petroleum & Natural Gas,NRL,Himachal Pradesh,31.043,,2020-05-01,323.17,472.47,2024-08-30,2025-03-31,410.04,13,11,1,Delayed
PRJ_0113,Roads Infrastructure Development at Kerala Section Pkg-6,Ministry of Road Transport & Highways,Roads & Highways,MoRTH,Kerala,10.5531,76.8182,2021-06-01,889.04,1223.32,2025-04-01,2026-10-31,871.83,12,8,2,Delayed
PRJ_0114,Petroleum Infrastructure Development at Maharashtra Section Pkg-7,Ministry of Petroleum & Natural Gas,Petroleum & Natural Gas,HPCL,Maharashtra,,75.2995,2019-04-01,150.0,162.6,2022-09-30,2022-09-30,48.21,24,6,1,Delayed
PRJ_0115,Healthcare Infrastructure Development at Maharashtra Section Pkg-8,Ministry of Labour and Employment,Healthcare & ESIC,CPWD,Maharashtra,19.6999,75.8417,2016-03-01,174.92,185.77,2018-11-30,2019-10-30,80.87,11,4,1,Delayed
PRJ_0116,Petroleum Infrastructure Development at Karnataka Section Pkg-9,Ministry of Petroleum & Natural Gas,Petroleum & Natural Gas,GAIL,Karnataka,14.9287,75.8414,2023-03-01,1453.44,1845.87,2027-10-30,2028-06-29,1338.11,6,4,1,Delayed
PRJ_0117,Roads Infrastructure Development at West Bengal Section Pkg-1,Ministry of Road Transport & Highways,Roads & Highways,NHAI,West Bengal,22.8805,88.3923,2021-03-01,536.67,535.06,2023-03-01,2023-08-30,369.69,11,7,0,Delayed
PRJ_0118,Roads Infrastructure Development at Sikkim Section Pkg-2,Ministry of Road Transport & Highways,Roads & Highways,NHIDCL,Sikkim,27.6255,88.3229,2016-11-01,424.37,491.42,2018-12-01,2021-03-01,135.15,22,6,14,Stalled
PRJ_0119,Roads Infrastructure Development at Sikkim Section Pkg-3,Ministry of Road Transport & Highways,Roads & Highways,MoRTH,Sikkim,27.7673,88.4138,2023-09-01,150.0,207.3,2028-05-01,2032-03-31,96.97,24,10,4,Delayed
PRJ_0120,Roads Infrastructure Development at Maharashtra Section Pkg-4,Ministry of Road Transport & Highways,Roads & Highways,NHAI,Maharashtra,19.8618,75.9974,2018-01-01,306.21,290.9,2020-12-31,2021-04-01,290.9,13,12,1,Ongoing
PRJ_0121,Roads Infrastructure Development at Bihar Section Pkg-5,Ministry of Road Transport & Highways,Roads & Highways,NHAI,Bihar,,84.762,2017-09-01,1133.03,1076.38,2021-05-02,2021-10-31,616.05,11,6,2,Delayed
PRJ_0122,Power Infrastructure Development at Andhra Pradesh Section Pkg-6,Ministry of Power,Power Transmission & Generation,NTPC,Andhra Pradesh,16.4449,79.7733,2020-05-01,150.0,177.9,2022-05-01,2023-07-31,143.36,17,13,0,Delayed
PRJ_0123,Petroleum Infrastructure Development at Maharashtra Section Pkg-7,Ministry of Petroleum & Natural Gas,Petroleum & Natural Gas,BPCL,Maharashtra,20.109,75.7897,2016-11-01,348.67,360.87,2020-08-01,2020-10-31,178.8,22,10,1,Ongoing
PRJ_0124,Roads Infrastructure Development at Madhya Pradesh Section Pkg-8,Ministry of Road Transport & Highways,Roads & Highways,NHAI,Madhya Pradesh,22.8341,78.9411,2017-02-01,220.97,327.48,2019-06-03,2021-01-01,327.48,21,20,1,Delayed
PRJ_0125,Roads Infrastructure Development at Himachal Pradesh Section Pkg-9,Ministry of Road Transport & Highways,Roads & Highways,NHAI,Himachal Pradesh,30.7544,76.9787,2022-07-01,439.81,482.47,2026-03-01,2026-07-31,428.37,20,17,0,Delayed
PRJ_0126,Railways Infrastructure Development at Bihar Section Pkg-1,Ministry of Railways,Railways,IRCON,Bihar,25.4008,84.8456,2023-02-01,288.9,303.92,2024-10-01,2024-12-31,263.16,10,8,2,Ongoing
PRJ_0127,Roads Infrastructure Development at Bihar Section Pkg-2,Ministry of Road Transport & Highways,Roads & Highways,NHIDCL,Bihar,25.5416,85.5089,2022-06-01,150.0,145.95,2024-01-30,2024-10-29,136.63,14,12,0,Delayed
PRJ_0128,Healthcare Infrastructure Development at Himachal Pradesh Section Pkg-3,Ministry of Health & Family Welfare,Healthcare Infrastructure,HSCC,Himachal Pradesh,,76.8002,2022-11-01,3273.98,3552.27,2025-07-02,2026-12-01,1068.0,12,3,8,Delayed
PRJ_0129,Roads Infrastructure Development at Maharashtra Section Pkg-4,Ministry of Road Transport & Highways,Roads & Highways,NHAI,Maharashtra,20.1436,75.2422,2021-10-01,243.02,253.47,2025-03-01,2026-05-01,163.36,8,4,0,Delayed
PRJ_0130,Roads Infrastructure Development at Maharashtra Section Pkg-5,Ministry of Road Transport & Highways,Roads & Highways,NHIDCL,Maharashtra,19.6152,75.5103,2018-06-01,1547.79,1779.96,2022-11-30,2024-09-29,1328.7,21,14,1,Delayed
PRJ_0131,Railways Infrastructure Development at Telangana Section Pkg-6,Ministry of Railways,Railways,IRCON,Telangana,17.7578,78.6427,2017-06-01,426.08,629.75,2020-09-30,2022-03-31,403.71,16,9,7,Delayed
PRJ_0132,Water Infrastructure Development at Gujarat Section Pkg-7,"Department of Water Resources, River Development & GR",Water & Sanitation,Water Resources Dept,Gujarat,22.6006,70.8324,2016-04-01,868.2,938.52,2018-08-31,2018-09-30,858.42,16,13,0,Delayed
PRJ_0133,Railways Infrastructure Development at Jharkhand Section Pkg-8,Ministry of Railways,Railways,IRCON,Jharkhand,23.5879,84.7741,2019-02-01,1319.23,1798.11,2022-09-01,2023-04-02,1572.51,18,16,1,Delayed
PRJ_0134,Water Infrastructure Development at Telangana Section Pkg-9,"Department of Water Resources, River Development & GR",Water & Sanitation,CPWD,Telangana,17.9095,78.7431,2017-08-01,150.0,146.7,2019-10-31,2020-05-31,96.7,8,5,1,Delayed
PRJ_0135,Roads Infrastructure Development at Himachal Pradesh Section Pkg-1,Ministry of Road Transport & Highways,Roads & Highways,MoRTH,Himachal Pradesh,31.534,77.6504,2017-08-01,2687.54,3625.49,2021-01-30,2022-07-31,2850.08,16,12,2,Delayed
PRJ_0136,Airports Infrastructure Development at Uttar Pradesh Section Pkg-2,Ministry of Civil Aviation,Airports & Aviation,Adani Airport Holdings,Uttar Pradesh,26.2852,,2019-02-01,330.65,329.66,2021-07-02,2022-06-01,291.81,18,15,2,Delayed
PRJ_0137,Roads Infrastructure Development at Odisha Section Pkg-3,Ministry of Road Transport & Highways,Roads & Highways,MoRTH,Odisha,20.8522,84.7734,2020-05-01,310.38,389.53,2023-05-01,2025-03-31,222.97,22,12,5,Delayed
PRJ_0138,Roads Infrastructure Development at Bihar Section Pkg-4,Ministry of Road Transport & Highways,Roads & Highways,NHAI,Bihar,24.5182,85.3678,2020-09-01,1480.5,1911.33,2024-01-01,2026-04-01,1401.47,13,9,4,Delayed
PRJ_0139,Urban Infrastructure Development at Uttar Pradesh Section Pkg-5,Ministry of Housing & Urban Affairs,Urban Infrastructure & Metro,PMRCL,Uttar Pradesh,26.5375,80.8431,2016-04-01,150.0,163.5,2020-11-30,2022-07-01,42.99,8,2,4,Stalled
PRJ_0140,Roads Infrastructure Development at Uttar Pradesh Section Pkg-6,Ministry of Road Transport & Highways,Roads & Highways,NHAI,Uttar Pradesh,27.2235,81.2784,2021-08-01,1150.81,1429.31,2024-01-31,2026-08-31,1284.85,6,5,1,Delayed
PRJ_0141,Railways Infrastructure Development at Delhi Section Pkg-7,Ministry of Railways,Railways,IRCON,Delhi,28.3978,76.5618,2019-01-01,470.28,634.88,2022-10-01,2024-07-01,508.24,21,15,3,Delayed
PRJ_0142,Railways Infrastructure Development at Uttar Pradesh Section Pkg-8,Ministry of Railways,Railways,Central Railway,Uttar Pradesh,26.3995,81.3347,2018-12-01,653.94,946.91,2021-03-01,2022-09-30,355.09,7,2,2,Delayed
PRJ_0143,Healthcare Infrastructure Development at Odisha Section Pkg-9,Ministry of Health & Family Welfare,Healthcare Infrastructure,HSCC,Odisha,21.435,85.6532,2021-12-01,6678.66,7126.13,2025-03-02,2025-10-01,2569.54,17,6,2,Delayed
PRJ_0144,Airports Infrastructure Development at Uttar Pradesh Section Pkg-1,Ministry of Civil Aviation,Airports & Aviation,GMR Infrastructure,Uttar Pradesh,26.9534,80.5132,2020-07-01,347.48,348.17,2023-05-01,2023-08-30,101.29,6,1,2,Delayed
PRJ_0145,Roads Infrastructure Development at Uttarakhand Section Pkg-2,Ministry of Road Transport & Highways,Roads & Highways,NHAI,Uttarakhand,,78.6405,2023-01-01,334.96,383.86,2024-12-31,2025-03-01,358.67,10,9,1,Delayed
PRJ_0146,Roads Infrastructure Development at Telangana Section Pkg-3,Ministry of Road Transport & Highways,Roads & Highways,NHIDCL,Telangana,18.294,,2017-09-01,1970.5,2640.47,2021-04-01,2022-03-01,2548.93,12,10,1,Delayed
PRJ_0147,Coal Infrastructure Development at Haryana Section Pkg-4,Ministry of Coal,Coal Mining,SECL,Haryana,28.7955,76.1538,2018-03-01,303.56,325.72,2022-04-30,2022-09-29,52.89,13,2,1,Delayed
PRJ_0148,Roads Infrastructure Development at Uttar Pradesh Section Pkg-5,Ministry of Road Transport & Highways,Roads & Highways,MoRTH,Uttar Pradesh,27.0802,80.4128,2017-11-01,680.55,684.63,2020-08-01,2021-03-02,327.33,10,4,0,Delayed
PRJ_0149,Railways Infrastructure Development at Telangana Section Pkg-6,Ministry of Railways,Railways,IRCON,Telangana,18.2049,79.4668,2020-05-01,435.91,444.19,2022-09-30,2023-05-01,377.45,19,15,2,Delayed
PRJ_0150,Roads Infrastructure Development at Tamil Nadu Section Pkg-7,Ministry of Road Transport & Highways,Roads & Highways,NHIDCL,Tamil Nadu,11.3412,78.8495,2023-10-01,2421.37,3201.05,2026-04-01,2028-11-30,1786.37,13,6,7,Delayed
PRJ_0151,Roads Infrastructure Development at Uttar Pradesh Section Pkg-8,Ministry of Road Transport & Highways,Roads & Highways,NHAI,Uttar Pradesh,27.1527,80.453,2018-06-01,783.4,1013.72,2020-01-30,2021-12-30,888.35,23,21,1,Delayed
PRJ_0152,Petroleum Infrastructure Development at Gujarat Section Pkg-9,Ministry of Petroleum & Natural Gas,Petroleum & Natural Gas,ONGC,Gujarat,22.4636,71.1555,2023-09-01,150.0,185.1,2028-07-31,2031-01-30,106.21,17,9,7,Delayed
PRJ_0153,Coal Infrastructure Development at Andhra Pradesh Section Pkg-1,Ministry of Coal,Coal Mining,ECL,Andhra Pradesh,15.8821,79.5614,2018-06-01,1528.58,1640.17,2021-10-30,2021-12-29,436.3,15,4,2,Ongoing
PRJ_0154,Petroleum Infrastructure Development at Haryana Section Pkg-2,Ministry of Petroleum & Natural Gas,Petroleum & Natural Gas,NRL,Haryana,28.7532,,2016-05-01,802.35,762.23,2019-01-30,2019-03-01,424.28,12,6,2,Ongoing
PRJ_0155,Roads Infrastructure Development at Jharkhand Section Pkg-3,Ministry of Road Transport & Highways,Roads & Highways,NHAI,Jharkhand,23.5413,84.8175,2019-01-01,498.14,592.79,2020-08-01,2022-05-02,531.93,24,22,1,Delayed
PRJ_0156,Railways Infrastructure Development at West Bengal Section Pkg-4,Ministry of Railways,Railways,IRCON,West Bengal,23.0841,87.8622,2022-10-01,981.08,1005.61,2024-09-30,2024-10-30,861.97,21,16,2,Ongoing
PRJ_0157,Healthcare Infrastructure Development at Uttar Pradesh Section Pkg-5,Ministry of Labour and Employment,Healthcare & ESIC,CPWD,Uttar Pradesh,26.4558,,2022-11-01,562.64,579.52,2025-10-31,2026-01-30,557.03,23,21,1,Ongoing
PRJ_0158,Coal Infrastructure Development at Madhya Pradesh Section Pkg-6,Ministry of Coal,Coal Mining,SECL,Madhya Pradesh,,79.2226,2016-09-01,257.5,299.73,2020-09-01,2022-01-31,263.93,19,15,4,Delayed
PRJ_0159,Roads Infrastructure Development at Bihar Section Pkg-7,Ministry of Road Transport & Highways,Roads & Highways,NHIDCL,Bihar,,85.7747,2020-05-01,230.9,235.29,2024-11-30,2024-11-30,82.13,7,2,1,Ongoing
PRJ_0160,Roads Infrastructure Development at Himachal Pradesh Section Pkg-8,Ministry of Road Transport & Highways,Roads & Highways,NHIDCL,Himachal Pradesh,30.8302,77.7105,2016-08-01,5503.48,5707.11,2021-03-02,2021-04-01,4489.84,23,17,2,Ongoing
PRJ_0161,Roads Infrastructure Development at Uttar Pradesh Section Pkg-9,Ministry of Road Transport & Highways,Roads & Highways,NHIDCL,Uttar Pradesh,26.5551,80.4088,2020-07-01,292.42,291.25,2022-05-01,2022-05-31,290.32,8,7,2,Ongoing
PRJ_0162,Railways Infrastructure Development at Rajasthan Section Pkg-1,Ministry of Railways,Railways,IRCON,Rajasthan,27.2119,74.1415,2020-07-01,417.28,446.91,2023-03-02,2023-08-01,376.97,12,10,0,Delayed
PRJ_0163,Mining Infrastructure Development at Madhya Pradesh Section Pkg-2,Ministry of Mines,Mining & Minerals,NALCO,Madhya Pradesh,22.666,78.4144,2022-08-01,150.0,142.5,2026-10-31,2027-07-31,100.32,9,6,0,Delayed
PRJ_0164,Roads Infrastructure Development at Odisha Section Pkg-3,Ministry of Road Transport & Highways,Roads & Highways,MoRTH,Odisha,21.0988,84.6883,2019-11-01,596.02,659.79,2024-08-31,2024-11-30,239.89,19,6,2,Delayed
PRJ_0165,Coal Infrastructure Development at Jharkhand Section Pkg-4,Ministry of Coal,Coal Mining,WCL,Jharkhand,23.5376,84.7524,2017-11-01,890.46,926.97,2021-10-01,2022-08-31,622.24,11,7,1,Delayed
PRJ_0166,Roads Infrastructure Development at Rajasthan Section Pkg-5,Ministry of Road Transport & Highways,Roads & Highways,NHAI,Rajasthan,27.2151,74.1061,2023-10-01,150.0,209.4,2028-05-01,2029-07-01,166.81,20,15,2,Delayed
PRJ_0167,Railways Infrastructure Development at Assam Section Pkg-6,Ministry of Railways,Railways,IRCON,Assam,25.7571,93.2528,2016-05-01,715.56,966.72,2020-10-30,2023-05-01,585.68,12,7,1,Delayed
PRJ_0168,Water Infrastructure Development at Tripura Section Pkg-7,"Department of Water Resources, River Development & GR",Water & Sanitation,National Mission for Clean Ganga,Tripura,24.4912,91.5951,2017-01-01,167.76,189.4,2019-08-02,2020-01-31,180.11,6,5,1,Delayed
PRJ_0169,Roads Infrastructure Development at Assam Section Pkg-8,Ministry of Road Transport & Highways,Roads & Highways,NHAI,Assam,26.2015,92.9251,2020-10-01,155.47,166.97,2023-07-02,2023-08-31,145.56,23,19,2,Ongoing
PRJ_0170,Railways Infrastructure Development at Madhya Pradesh Section Pkg-9,Ministry of Railways,Railways,Central Railway,Madhya Pradesh,23.5714,78.8909,2016-03-01,568.46,578.69,2021-03-01,2021-08-30,481.08,6,4,1,Delayed
PRJ_0171,Roads Infrastructure Development at Andhra Pradesh Section Pkg-1,Ministry of Road Transport & Highways,Roads & Highways,MoRTH,Andhra Pradesh,16.0844,80.1734,2022-01-01,208.21,230.28,2024-12-01,2025-03-02,84.22,20,7,2,Delayed
PRJ_0172,Roads Infrastructure Development at Madhya Pradesh Section Pkg-2,Ministry of Road Transport & Highways,Roads & Highways,MoRTH,Madhya Pradesh,,,2018-04-01,2699.64,3571.62,2021-11-30,2024-01-30,2392.0,9,5,4,Delayed
PRJ_0173,Roads Infrastructure Development at Tamil Nadu Section Pkg-3,Ministry of Road Transport & Highways,Roads & Highways,MoRTH,Tamil Nadu,,,2020-03-01,269.01,270.09,2023-04-01,2023-09-30,206.89,22,15,1,Delayed
PRJ_0174,Coal Infrastructure Development at Madhya Pradesh Section Pkg-4,Ministry of Coal,Coal Mining,MCL,Madhya Pradesh,23.2711,78.8566,2017-02-01,2406.01,2884.81,2020-07-02,2020-08-31,2088.63,22,15,1,Delayed
PRJ_0175,Roads Infrastructure Development at Arunachal Pradesh Section Pkg-5,Ministry of Road Transport & Highways,Roads & Highways,NHIDCL,Arunachal Pradesh,,94.1975,2021-12-01,460.75,464.44,2024-03-01,2024-05-31,205.29,12,5,2,Ongoing
PRJ_0176,Power Infrastructure Development at Chhattisgarh Section Pkg-6,Ministry of Power,Power Transmission & Generation,SJVN,Chhattisgarh,21.4666,82.3687,2022-04-01,1124.58,1384.36,2023-11-30,2024-09-29,925.24,14,9,3,Delayed
PRJ_0177,Roads Infrastructure Development at West Bengal Section Pkg-7,Ministry of Road Transport & Highways,Roads & Highways,MoRTH,West Bengal,,88.0546,2022-10-01,156.27,164.71,2026-12-31,2027-05-01,144.38,22,19,0,Delayed
PRJ_0178,Petroleum Infrastructure Development at Rajasthan Section Pkg-8,Ministry of Petroleum & Natural Gas,Petroleum & Natural Gas,HPCL,Rajasthan,27.2972,73.8384,2021-05-01,2211.42,2304.3,2023-04-01,2023-05-01,1545.2,8,5,2,Ongoing
PRJ_0179,Railways Infrastructure Development at Uttar Pradesh Section Pkg-9,Ministry of Railways,Railways,RVNL,Uttar Pradesh,27.3975,81.1127,2021-01-01,685.72,882.52,2024-06-01,2027-04-01,612.84,24,16,2,Delayed
PRJ_0180,Power Infrastructure Development at Telangana Section Pkg-1,Ministry of Power,Power Transmission & Generation,NTPC,Telangana,18.1633,79.5699,2018-08-01,841.81,963.03,2020-07-31,2022-09-30,793.86,8,6,2,Delayed
PRJ_0181,Power Infrastructure Development at West Bengal Section Pkg-2,Ministry of Power,Power Transmission & Generation,THDC,West Bengal,22.3926,87.8659,2021-08-01,2015.87,2632.73,2026-05-01,2028-02-29,1730.28,16,10,2,Delayed
PRJ_0182,Coal Infrastructure Development at Rajasthan Section Pkg-3,Ministry of Coal,Coal Mining,MCL,Rajasthan,27.4262,74.3569,2018-01-01,1180.48,1816.76,2021-06-01,2023-08-31,309.09,18,3,7,Stalled
PRJ_0183,Roads Infrastructure Development at Sikkim Section Pkg-4,Ministry of Road Transport & Highways,Roads & Highways,MoRTH,Sikkim,27.4043,88.3401,2020-03-01,1707.2,1925.72,2024-09-30,2024-09-30,1879.75,7,6,1,Delayed
PRJ_0184,Power Infrastructure Development at Chhattisgarh Section Pkg-5,Ministry of Power,Power Transmission & Generation,SJVN,Chhattisgarh,21.5846,81.5387,2023-03-01,150.0,207.9,2027-04-30,2028-09-28,93.44,14,6,3,Delayed
PRJ_0185,Educational Infrastructure Development at Uttar Pradesh Section Pkg-6,Department of Higher Education,Educational Infrastructure,NBCC,Uttar Pradesh,26.8406,81.4811,2017-01-01,1351.99,1284.39,2019-11-01,2020-06-01,1224.74,13,11,2,Delayed
PRJ_0186,Roads Infrastructure Development at Maharashtra Section Pkg-7,Ministry of Road Transport & Highways,Roads & Highways,MoRTH,Maharashtra,19.3552,75.1254,2022-05-01,6048.03,6011.74,2024-12-30,2025-01-29,4072.67,12,7,2,Ongoing
PRJ_0187,Railways Infrastructure Development at Madhya Pradesh Section Pkg-8,Ministry of Railways,Railways,Central Railway,Madhya Pradesh,22.5912,,2022-12-01,886.86,1183.96,2027-08-01,2028-07-31,976.25,22,16,5,Delayed
PRJ_0188,Roads Infrastructure Development at Uttar Pradesh Section Pkg-9,Ministry of Road Transport & Highways,Roads & Highways,NHAI,Uttar Pradesh,27.1936,,2018-08-01,1096.69,1449.82,2020-12-30,2022-05-01,719.85,10,5,4,Delayed
PRJ_0189,Railways Infrastructure Development at Himachal Pradesh Section Pkg-1,Ministry of Railways,Railways,Central Railway,Himachal Pradesh,31.3557,76.6751,2016-09-01,1369.76,1482.08,2019-01-31,2019-10-01,1482.08,18,17,1,Delayed
PRJ_0190,Petroleum Infrastructure Development at Assam Section Pkg-2,Ministry of Petroleum & Natural Gas,Petroleum & Natural Gas,ONGC,Assam,25.9091,93.0793,2019-07-01,166.02,170.5,2021-11-29,2022-09-29,125.12,18,13,2,Delayed
PRJ_0191,Roads Infrastructure Development at Maharashtra Section Pkg-3,Ministry of Road Transport & Highways,Roads & Highways,NHIDCL,Maharashtra,20.1494,75.8236,2022-11-01,1276.12,1330.99,2024-06-01,2024-07-31,1304.86,20,19,1,Ongoing
PRJ_0192,Power Infrastructure Development at Andhra Pradesh Section Pkg-4,Ministry of Power,Power Transmission & Generation,NTPC,Andhra Pradesh,15.7115,79.151,2022-04-01,734.71,924.27,2025-09-30,2027-03-01,170.71,17,2,6,Delayed
PRJ_0193,Coal Infrastructure Development at Telangana Section Pkg-5,Ministry of Coal,Coal Mining,MCL,Telangana,18.5097,79.5134,2022-11-01,1319.66,1397.52,2026-08-01,2026-08-31,1148.55,13,10,0,Ongoing
PRJ_0194,Roads Infrastructure Development at Assam Section Pkg-6,Ministry of Road Transport & Highways,Roads & Highways,NHAI,Assam,,92.3615,2018-02-01,436.15,560.89,2020-09-01,2022-11-01,402.62,20,14,2,Delayed
PRJ_0195,Petroleum Infrastructure Development at Assam Section Pkg-7,Ministry of Petroleum & Natural Gas,Petroleum & Natural Gas,GAIL,Assam,25.9734,93.3821,2017-04-01,386.48,477.69,2019-10-31,2020-09-29,212.21,6,2,3,Delayed
PRJ_0196,Roads Infrastructure Development at Punjab Section Pkg-8,Ministry of Road Transport & Highways,Roads & Highways,MoRTH,Punjab,30.69,74.8377,2017-08-01,1246.22,1497.96,2022-07-01,2023-09-30,457.85,21,6,5,Delayed
PRJ_0197,Roads Infrastructure Development at Rajasthan Section Pkg-9,Ministry of Road Transport & Highways,Roads & Highways,NHAI,Rajasthan,26.6483,74.2047,2018-01-01,812.78,1178.53,2021-06-01,2024-07-01,301.68,15,3,7,Stalled
PRJ_0198,Roads Infrastructure Development at Maharashtra Section Pkg-1,Ministry of Road Transport & Highways,Roads & Highways,NHIDCL,Maharashtra,20.3054,75.8081,2021-11-01,1587.52,1941.54,2026-06-02,2027-01-01,800.06,18,7,7,Delayed
PRJ_0199,Roads Infrastructure Development at West Bengal Section Pkg-2,Ministry of Road Transport & Highways,Roads & Highways,NHIDCL,West Bengal,,,2020-12-01,558.68,586.06,2022-12-31,2023-03-01,421.29,19,13,2,Ongoing
PRJ_0200,Railways Infrastructure Development at Bihar Section Pkg-3,Ministry of Railways,Railways,IRCON,Bihar,25.0054,84.8878,2018-09-01,2421.54,2666.12,2021-12-01,2022-01-30,1071.37,12,4,2,Delayed
PRJ_0201,Petroleum Infrastructure Development at Telangana Section Pkg-4,Ministry of Petroleum & Natural Gas,Petroleum & Natural Gas,GAIL,Telangana,17.5287,78.9136,2022-03-01,517.4,634.33,2025-09-29,2026-10-29,518.35,20,15,4,Delayed
PRJ_0202,Roads Infrastructure Development at Delhi Section Pkg-5,Ministry of Road Transport & Highways,Roads & Highways,MoRTH,Delhi,29.1712,77.4281,2023-05-01,990.05,1008.86,2027-05-31,2027-05-31,967.55,14,13,1,Ongoing
PRJ_0203,Roads Infrastructure Development at Uttar Pradesh Section Pkg-6,Ministry of Road Transport & Highways,Roads & Highways,NHAI,Uttar Pradesh,27.0252,,2016-07-01,1662.33,1675.63,2020-07-01,2020-09-30,1421.26,14,11,2,Ongoing
PRJ_0204,Power Infrastructure Development at Uttar Pradesh Section Pkg-7,Ministry of Power,Power Transmission & Generation,NHPC,Uttar Pradesh,26.8913,80.874,2017-05-01,944.75,1385.95,2021-03-01,2022-10-30,943.19,20,13,5,Delayed
PRJ_0205,Telecommunications Infrastructure Development at Punjab Section Pkg-8,Department of Telecommunications,Telecommunications,USOF,Punjab,30.8235,,2018-11-01,1068.0,1112.86,2021-10-31,2022-04-01,856.62,18,13,1,Delayed
PRJ_0206,Roads Infrastructure Development at Andhra Pradesh Section Pkg-9,Ministry of Road Transport & Highways,Roads & Highways,NHIDCL,Andhra Pradesh,16.2836,79.683,2016-01-01,683.33,710.66,2020-09-30,2020-11-29,232.5,24,7,0,Ongoing
PRJ_0207,Roads Infrastructure Development at Maharashtra Section Pkg-1,Ministry of Road Transport & Highways,Roads & Highways,NHAI,Maharashtra,19.8611,75.9727,2022-02-01,150.0,160.05,2025-05-03,2026-03-03,135.1,22,18,0,Delayed
PRJ_0208,Power Infrastructure Development at Madhya Pradesh Section Pkg-2,Ministry of Power,Power Transmission & Generation,NHPC,Madhya Pradesh,23.3422,78.5175,2023-02-01,815.41,1035.57,2027-05-03,2030-01-31,615.56,24,14,8,Delayed
PRJ_0209,Coal Infrastructure Development at Madhya Pradesh Section Pkg-3,Ministry of Coal,Coal Mining,MCL,Madhya Pradesh,,78.3853,2022-04-01,1276.86,1458.17,2024-08-30,2024-09-29,1328.64,11,10,0,Delayed
PRJ_0210,Petroleum Infrastructure Development at Rajasthan Section Pkg-4,Ministry of Petroleum & Natural Gas,Petroleum & Natural Gas,BPCL,Rajasthan,27.0753,,2020-12-01,310.04,338.87,2024-08-01,2024-08-01,144.89,9,3,1,Delayed
PRJ_0211,Roads Infrastructure Development at Bihar Section Pkg-5,Ministry of Road Transport & Highways,Roads & Highways,MoRTH,Bihar,25.0645,85.8586,2018-05-01,424.26,461.59,2021-08-30,2021-10-29,265.04,17,9,1,Delayed
PRJ_0212,Roads Infrastructure Development at Assam Section Pkg-6,Ministry of Road Transport & Highways,Roads & Highways,NHAI,Assam,26.5433,93.4181,2019-06-01,326.27,314.52,2022-01-30,2022-07-01,270.27,14,11,1,Delayed
PRJ_0213,Roads Infrastructure Development at Tamil Nadu Section Pkg-7,Ministry of Road Transport & Highways,Roads & Highways,NHAI,Tamil Nadu,11.2443,79.1693,2022-08-01,150.0,189.9,2025-05-31,2026-05-31,52.74,18,4,14,Delayed
PRJ_0214,Roads Infrastructure Development at Arunachal Pradesh Section Pkg-8,Ministry of Road Transport & Highways,Roads & Highways,MoRTH,Arunachal Pradesh,28.4393,94.8752,2016-02-01,595.48,747.33,2017-11-01,2019-09-01,183.32,23,5,3,Stalled
PRJ_0215,Coal Infrastructure Development at Karnataka Section Pkg-9,Ministry of Coal,Coal Mining,MCL,Karnataka,15.4554,76.2888,2021-10-01,2645.02,2758.76,2023-05-02,2023-10-31,2343.58,15,11,0,Delayed
PRJ_0216,Railways Infrastructure Development at Punjab Section Pkg-1,Ministry of Railways,Railways,Central Railway,Punjab,30.7669,75.4684,2019-11-01,187.37,180.44,2022-12-01,2023-05-02,40.97,18,4,2,Delayed
PRJ_0217,Urban Infrastructure Development at Kerala Section Pkg-2,Ministry of Housing & Urban Affairs,Urban Infrastructure & Metro,MahaMetro,Kerala,,75.8945,2018-03-01,1508.05,1544.24,2021-01-29,2021-02-28,1404.35,8,7,2,Ongoing
PRJ_0218,Roads Infrastructure Development at Assam Section Pkg-3,Ministry of Road Transport & Highways,Roads & Highways,NHIDCL,Assam,26.3928,,2016-06-01,3189.91,3231.38,2018-06-01,2018-06-01,2111.79,9,5,0,Ongoing
PRJ_0219,Roads Infrastructure Development at Madhya Pradesh Section Pkg-4,Ministry of Road Transport & Highways,Roads & Highways,NHAI,Madhya Pradesh,22.6974,,2019-05-01,416.54,437.78,2023-05-01,2025-08-30,293.16,9,6,1,Delayed
PRJ_0220,Railways Infrastructure Development at Uttar Pradesh Section Pkg-5,Ministry of Railways,Railways,IRCON,Uttar Pradesh,27.1561,80.7802,2021-01-01,150.0,169.5,2025-12-01,2025-12-31,48.76,22,6,0,Delayed
PRJ_0221,Airports Infrastructure Development at Rajasthan Section Pkg-6,Ministry of Civil Aviation,Airports & Aviation,Adani Airport Holdings,Rajasthan,27.1822,,2021-12-01,150.0,154.35,2023-12-31,2024-04-30,71.87,10,4,0,Delayed
PRJ_0222,Railways Infrastructure Development at Maharashtra Section Pkg-7,Ministry of Railways,Railways,Central Railway,Maharashtra,19.4832,75.7964,2017-06-01,467.78,444.39,2020-11-30,2020-11-30,308.94,14,9,2,Ongoing
PRJ_0223,Roads Infrastructure Development at Chhattisgarh Section Pkg-8,Ministry of Road Transport & Highways,Roads & Highways,MoRTH,Chhattisgarh,20.7802,82.4485,2021-06-01,150.0,168.9,2024-03-01,2026-05-01,26.89,14,2,1,Stalled
PRJ_0224,Roads Infrastructure Development at Jharkhand Section Pkg-9,Ministry of Road Transport & Highways,Roads & Highways,MoRTH,Jharkhand,24.0792,84.7292,2018-08-01,198.58,200.37,2020-07-31,2020-09-29,185.42,9,8,2,Ongoing
PRJ_0225,Roads Infrastructure Development at West Bengal Section Pkg-1,Ministry of Road Transport & Highways,Roads & Highways,NHIDCL,West Bengal,22.7884,87.6385,2018-10-01,837.73,1366.34,2021-08-31,2022-12-31,734.92,20,10,5,Delayed
PRJ_0226,Roads Infrastructure Development at Madhya Pradesh Section Pkg-2,Ministry of Road Transport & Highways,Roads & Highways,NHAI,Madhya Pradesh,23.5613,78.3064,2020-05-01,191.28,199.31,2024-08-30,2024-12-29,191.21,24,21,2,Delayed
PRJ_0227,Roads Infrastructure Development at Mizoram Section Pkg-3,Ministry of Road Transport & Highways,Roads & Highways,NHAI,Mizoram,23.555,93.3983,2021-02-01,505.33,544.75,2024-01-02,2024-06-02,198.89,12,4,2,Delayed
PRJ_0228,Railways Infrastructure Development at Karnataka Section Pkg-4,Ministry of Railways,Railways,Dedicated Freight Corridor Corp,Karnataka,,75.8153,2017-06-01,370.81,450.16,2022-03-01,2022-10-30,322.29,7,4,3,Delayed
PRJ_0229,Coal Infrastructure Development at Maharashtra Section Pkg-5,Ministry of Coal,Coal Mining,ECL,Maharashtra,19.7527,75.8391,2017-11-01,241.16,229.1,2021-07-02,2021-08-01,222.91,7,6,0,Ongoing
PRJ_0230,Coal Infrastructure Development at Manipur Section Pkg-6,Ministry of Coal,Coal Mining,MCL,Manipur,24.3451,,2023-03-01,206.69,224.05,2025-08-30,2026-05-30,213.91,22,19,0,Delayed
PRJ_0231,Roads Infrastructure Development at Meghalaya Section Pkg-7,Ministry of Road Transport & Highways,Roads & Highways,MoRTH,Meghalaya,25.4953,91.8379,2019-08-01,303.84,310.52,2022-07-01,2022-07-31,184.33,19,10,1,Ongoing
PRJ_0232,Roads Infrastructure Development at Karnataka Section Pkg-8,Ministry of Road Transport & Highways,Roads & Highways,NHAI,Karnataka,,76.1299,2020-10-01,1132.62,1233.42,2022-12-01,2022-12-31,1188.56,10,9,1,Delayed
PRJ_0233,Roads Infrastructure Development at Madhya Pradesh Section Pkg-9,Ministry of Road Transport & Highways,Roads & Highways,NHAI,Madhya Pradesh,23.1236,78.6454,2017-10-01,683.39,890.46,2020-12-31,2023-09-01,45.1,23,1,21,Stalled
PRJ_0234,Railways Infrastructure Development at Tamil Nadu Section Pkg-1,Ministry of Railways,Railways,IRCON,Tamil Nadu,11.1825,78.8387,2023-01-01,860.4,1102.17,2025-01-30,2026-11-30,442.57,21,8,5,Delayed
PRJ_0235,Roads Infrastructure Development at Maharashtra Section Pkg-2,Ministry of Road Transport & Highways,Roads & Highways,MoRTH,Maharashtra,19.6074,76.0802,2022-11-01,280.74,316.67,2027-10-01,2028-11-30,134.76,11,4,1,Delayed
PRJ_0236,Petroleum Infrastructure Development at Chhattisgarh Section Pkg-3,Ministry of Petroleum & Natural Gas,Petroleum & Natural Gas,HPCL,Chhattisgarh,,82.0192,2018-03-01,2097.97,2819.67,2019-11-30,2021-09-29,2660.94,14,12,1,Delayed
PRJ_0237,Roads Infrastructure Development at Uttar Pradesh Section Pkg-4,Ministry of Road Transport & Highways,Roads & Highways,NHIDCL,Uttar Pradesh,27.1946,81.4371,2019-01-01,681.04,715.77,2023-07-02,2023-07-02,569.05,21,16,1,Ongoing
PRJ_0238,Railways Infrastructure Development at Gujarat Section Pkg-5,Ministry of Railways,Railways,RVNL,Gujarat,21.6963,70.7205,2023-07-01,474.77,527.94,2026-08-30,2027-12-30,468.63,8,7,2,Delayed
PRJ_0239,Roads Infrastructure Development at Odisha Section Pkg-6,Ministry of Road Transport & Highways,Roads & Highways,NHAI,Odisha,20.4276,85.453,2017-02-01,150.0,142.5,2019-08-03,2020-03-03,101.86,10,7,0,Delayed
PRJ_0240,Railways Infrastructure Development at Tripura Section Pkg-7,Ministry of Railways,Railways,Dedicated Freight Corridor Corp,Tripura,23.3498,,2016-03-01,454.16,463.24,2019-07-31,2019-12-30,447.89,21,19,1,Delayed
PRJ_0241,Railways Infrastructure Development at Assam Section Pkg-8,Ministry of Railways,Railways,RVNL,Assam,26.0254,93.0028,2020-08-01,150.0,151.05,2025-06-01,2025-12-31,90.26,10,5,2,Delayed
PRJ_0242,Power Infrastructure Development at Telangana Section Pkg-9,Ministry of Power,Power Transmission & Generation,PGCIL,Telangana,18.0593,79.6159,2019-10-01,406.87,545.61,2023-05-01,2026-04-30,229.26,15,6,9,Delayed
PRJ_0243,Airports Infrastructure Development at Jharkhand Section Pkg-1,Ministry of Civil Aviation,Airports & Aviation,Adani Airport Holdings,Jharkhand,23.6922,85.6377,2017-12-01,258.23,291.54,2019-08-01,2019-10-31,236.16,21,15,0,Delayed
PRJ_0244,Roads Infrastructure Development at Andhra Pradesh Section Pkg-2,Ministry of Road Transport & Highways,Roads & Highways,MoRTH,Andhra Pradesh,15.5256,79.4908,2023-12-01,1194.29,1280.28,2028-05-31,2028-05-31,1271.67,23,21,0,Ongoing
PRJ_0245,Roads Infrastructure Development at Bihar Section Pkg-3,Ministry of Road Transport & Highways,Roads & Highways,NHIDCL,Bihar,25.3686,85.9045,2023-11-01,196.79,191.08,2027-12-31,2028-05-31,129.16,19,12,0,Delayed
PRJ_0246,Coal Infrastructure Development at Uttar Pradesh Section Pkg-4,Ministry of Coal,Coal Mining,ECL,Uttar Pradesh,27.0792,81.422,2023-03-01,1414.88,1424.78,2026-01-29,2026-03-30,1179.96,16,13,2,Ongoing
PRJ_0247,Roads Infrastructure Development at Telangana Section Pkg-5,Ministry of Road Transport & Highways,Roads & Highways,MoRTH,Telangana,18.2439,79.2374,2021-11-01,3813.89,3802.45,2026-01-31,2026-05-02,2306.43,18,10,2,Ongoing
PRJ_0248,Roads Infrastructure Development at Maharashtra Section Pkg-6,Ministry of Road Transport & Highways,Roads & Highways,NHAI,Maharashtra,20.3394,75.8114,2020-08-01,513.02,596.64,2024-06-01,2025-12-31,246.68,24,9,9,Delayed
PRJ_0249,Roads Infrastructure Development at Tamil Nadu Section Pkg-7,Ministry of Road Transport & Highways,Roads & Highways,NHAI,Tamil Nadu,11.0813,78.8244,2019-05-01,150.0,155.55,2023-06-30,2023-06-30,151.37,19,17,2,Ongoing
PRJ_0250,Water Infrastructure Development at Odisha Section Pkg-8,"Department of Water Resources, River Development & GR",Water & Sanitation,CPWD,Odisha,20.8709,85.3138,2019-12-01,173.95,174.82,2021-07-31,2021-07-31,120.83,10,6,1,Ongoing
PRJ_0251,Roads Infrastructure Development at Madhya Pradesh Section Pkg-9,Ministry of Road Transport & Highways,Roads & Highways,MoRTH,Madhya Pradesh,22.3977,78.9788,2023-05-01,1926.4,2340.58,2028-01-29,2029-05-30,1424.69,9,5,4,Delayed
PRJ_0252,Roads Infrastructure Development at Andhra Pradesh Section Pkg-1,Ministry of Road Transport & Highways,Roads & Highways,NHAI,Andhra Pradesh,,79.2481,2021-12-01,1317.23,1376.51,2026-10-31,2027-01-30,1147.09,18,15,1,Ongoing
PRJ_0253,Roads Infrastructure Development at Odisha Section Pkg-2,Ministry of Road Transport & Highways,Roads & Highways,NHAI,Odisha,21.4136,85.4048,2018-09-01,915.23,950.01,2022-06-01,2022-07-31,786.88,16,12,1,Ongoing
PRJ_0254,Roads Infrastructure Development at Gujarat Section Pkg-3,Ministry of Road Transport & Highways,Roads & Highways,NHAI,Gujarat,22.5118,71.2017,2020-11-01,501.68,549.34,2025-05-02,2026-03-02,291.5,23,12,1,Delayed
PRJ_0255,Healthcare Infrastructure Development at Tamil Nadu Section Pkg-4,Ministry of Health & Family Welfare,Healthcare Infrastructure,HSCC,Tamil Nadu,10.9827,78.8042,2022-02-01,437.89,455.84,2025-06-02,2025-07-02,367.22,13,9,2,Ongoing
PRJ_0256,Roads Infrastructure Development at Uttar Pradesh Section Pkg-5,Ministry of Road Transport & Highways,Roads & Highways,MoRTH,Uttar Pradesh,26.9296,80.5895,2022-08-01,185.48,180.66,2024-03-01,2024-10-30,147.22,19,14,2,Delayed
PRJ_0257,Roads Infrastructure Development at Assam Section Pkg-6,Ministry of Road Transport & Highways,Roads & Highways,NHAI,Assam,25.9398,92.5583,2016-05-01,663.69,731.39,2021-03-31,2021-04-30,109.74,11,1,0,Delayed
PRJ_0258,Roads Infrastructure Development at Tamil Nadu Section Pkg-7,Ministry of Road Transport & Highways,Roads & Highways,NHAI,Tamil Nadu,11.3187,78.1751,2021-08-01,150.0,157.5,2023-08-01,2023-08-31,87.8,8,4,0,Ongoing
PRJ_0259,Coal Infrastructure Development at Chhattisgarh Section Pkg-8,Ministry of Coal,Coal Mining,Coal India Ltd (CIL),Chhattisgarh,20.8576,,2016-11-01,572.99,575.28,2020-12-01,2020-12-31,179.34,15,4,2,Ongoing
PRJ_0260,Roads Infrastructure Development at Sikkim Section Pkg-9,Ministry of Road Transport & Highways,Roads & Highways,NHIDCL,Sikkim,27.3015,88.6298,2017-10-01,642.62,875.89,2022-08-01,2025-05-01,476.8,16,8,2,Delayed
PRJ_0261,Roads Infrastructure Development at Telangana Section Pkg-1,Ministry of Road Transport & Highways,Roads & Highways,NHAI,Telangana,,78.579,2017-11-01,2111.49,2147.39,2020-08-31,2020-08-31,1834.08,15,12,2,Ongoing
PRJ_0262,Roads Infrastructure Development at Bihar Section Pkg-2,Ministry of Road Transport & Highways,Roads & Highways,NHIDCL,Bihar,24.6736,85.3231,2019-04-01,2353.98,3632.19,2023-01-30,2024-11-29,564.19,14,2,7,Stalled
PRJ_0263,Roads Infrastructure Development at Jharkhand Section Pkg-3,Ministry of Road Transport & Highways,Roads & Highways,NHIDCL,Jharkhand,23.3863,85.7628,2021-08-01,319.94,326.98,2024-07-31,2024-08-30,223.9,24,16,0,Ongoing
PRJ_0264,Railways Infrastructure Development at Karnataka Section Pkg-4,Ministry of Railways,Railways,IRCON,Karnataka,15.0951,75.498,2016-05-01,670.62,885.89,2020-08-30,2021-10-30,249.83,17,4,4,Delayed
PRJ_0265,Petroleum Infrastructure Development at Tamil Nadu Section Pkg-5,Ministry of Petroleum & Natural Gas,Petroleum & Natural Gas,ONGC,Tamil Nadu,10.6598,78.3115,2017-11-01,474.72,550.68,2021-09-01,2023-10-01,320.85,21,11,4,Delayed
PRJ_0266,Roads Infrastructure Development at Jammu & Kashmir Section Pkg-6,Ministry of Road Transport & Highways,Roads & Highways,NHAI,Jammu & Kashmir,34.0178,77.1371,2023-03-01,1621.19,1861.13,2026-01-29,2026-05-30,895.23,16,7,2,Delayed
PRJ_0267,Coal Infrastructure Development at Maharashtra Section Pkg-7,Ministry of Coal,Coal Mining,MCL,Maharashtra,19.4199,75.444,2020-03-01,3227.72,3276.14,2021-12-30,2022-07-31,2544.63,10,7,1,Delayed
PRJ_0268,Coal Infrastructure Development at West Bengal Section Pkg-8,Ministry of Coal,Coal Mining,SCCL,West Bengal,23.3687,88.438,2018-09-01,150.0,213.15,2022-06-01,2024-05-31,39.72,12,2,2,Stalled
PRJ_0269,Roads Infrastructure Development at Karnataka Section Pkg-9,Ministry of Road Transport & Highways,Roads & Highways,NHIDCL,Karnataka,15.4936,76.1574,2016-11-01,1063.86,1085.14,2018-05-02,2021-04-01,762.27,8,5,3,Delayed
PRJ_0270,Roads Infrastructure Development at Bihar Section Pkg-1,Ministry of Road Transport & Highways,Roads & Highways,NHIDCL,Bihar,24.5777,85.5322,2021-08-01,252.31,298.99,2023-10-31,2026-10-30,168.59,23,13,1,Delayed
PRJ_0271,Railways Infrastructure Development at Maharashtra Section Pkg-2,Ministry of Railways,Railways,Central Railway,Maharashtra,19.6155,76.0773,2023-02-01,181.29,189.81,2027-11-01,2027-12-31,177.53,19,16,2,Ongoing
PRJ_0272,Airports Infrastructure Development at Telangana Section Pkg-3,Ministry of Civil Aviation,Airports & Aviation,GMR Infrastructure,Telangana,17.7057,79.1358,2022-11-01,507.16,481.8,2024-08-01,2024-09-30,479.16,8,7,2,Ongoing
PRJ_0273,Roads Infrastructure Development at Karnataka Section Pkg-4,Ministry of Road Transport & Highways,Roads & Highways,NHAI,Karnataka,14.8496,75.4367,2022-07-01,248.07,267.92,2024-10-30,2024-11-29,112.73,23,9,2,Delayed
PRJ_0274,Roads Infrastructure Development at Karnataka Section Pkg-5,Ministry of Road Transport & Highways,Roads & Highways,MoRTH,Karnataka,15.6508,76.0887,2023-10-01,183.29,194.1,2027-11-30,2027-11-30,55.32,15,4,2,Ongoing
PRJ_0275,Roads Infrastructure Development at Maharashtra Section Pkg-6,Ministry of Road Transport & Highways,Roads & Highways,MoRTH,Maharashtra,19.7552,75.7075,2019-08-01,1015.39,1232.68,2024-06-30,2025-07-30,638.57,18,9,1,Delayed
PRJ_0276,Roads Infrastructure Development at Karnataka Section Pkg-7,Ministry of Road Transport & Highways,Roads & Highways,NHAI,Karnataka,14.91,76.189,2016-03-01,226.58,240.4,2018-12-30,2019-08-30,204.97,11,9,2,Delayed
PRJ_0277,Roads Infrastructure Development at Manipur Section Pkg-8,Ministry of Road Transport & Highways,Roads & Highways,MoRTH,Manipur,24.9965,94.0035,2019-11-01,1554.32,2191.59,2024-09-30,2025-09-30,1648.64,14,10,4,Delayed
PRJ_0278,Roads Infrastructure Development at Odisha Section Pkg-9,Ministry of Road Transport & Highways,Roads & Highways,NHIDCL,Odisha,20.5001,85.2733,2017-03-01,683.54,656.2,2019-01-30,2019-05-01,465.94,16,11,2,Ongoing
PRJ_0279,Railways Infrastructure Development at Karnataka Section Pkg-1,Ministry of Railways,Railways,RVNL,Karnataka,15.6028,,2018-04-01,150.0,168.9,2021-03-01,2021-08-30,135.71,13,9,2,Delayed
PRJ_0280,Power Infrastructure Development at Gujarat Section Pkg-2,Ministry of Power,Power Transmission & Generation,SJVN,Gujarat,22.7429,71.2788,2023-04-01,767.07,1057.79,2027-12-30,2030-05-30,620.44,10,5,5,Delayed
PRJ_0281,Petroleum Infrastructure Development at Rajasthan Section Pkg-3,Ministry of Petroleum & Natural Gas,Petroleum & Natural Gas,IOCL,Rajasthan,27.4265,74.0747,2019-08-01,545.68,735.58,2021-01-29,2022-04-30,313.01,22,9,1,Delayed
PRJ_0282,Roads Infrastructure Development at Gujarat Section Pkg-4,Ministry of Road Transport & Highways,Roads & Highways,MoRTH,Gujarat,21.7224,71.5136,2020-11-01,201.16,308.18,2024-05-02,2025-12-01,208.61,8,5,2,Delayed
PRJ_0283,Roads Infrastructure Development at Nagaland Section Pkg-5,Ministry of Road Transport & Highways,Roads & Highways,NHIDCL,Nagaland,26.3107,93.9841,2021-07-01,500.7,531.74,2024-10-30,2026-05-31,488.37,22,19,0,Delayed
PRJ_0284,Roads Infrastructure Development at Nagaland Section Pkg-6,Ministry of Road Transport & Highways,Roads & Highways,MoRTH,Nagaland,26.5001,94.5992,2018-12-01,150.0,150.75,2021-06-01,2021-09-30,68.8,18,7,0,Delayed
PRJ_0285,Roads Infrastructure Development at Uttar Pradesh Section Pkg-7,Ministry of Road Transport & Highways,Roads & Highways,MoRTH,Uttar Pradesh,26.7697,80.9901,2019-06-01,287.21,423.35,2024-04-30,2025-07-30,285.21,8,5,1,Delayed
PRJ_0286,Roads Infrastructure Development at Bihar Section Pkg-8,Ministry of Road Transport & Highways,Roads & Highways,NHAI,Bihar,24.5504,84.9553,2016-10-01,150.0,210.0,2019-06-02,2021-10-31,178.98,15,12,3,Delayed
PRJ_0287,Railways Infrastructure Development at Gujarat Section Pkg-9,Ministry of Railways,Railways,RVNL,Gujarat,22.6243,70.801,2022-08-01,3932.06,5371.19,2027-08-01,2029-03-01,2308.11,15,6,5,Delayed
PRJ_0288,Power Infrastructure Development at Andhra Pradesh Section Pkg-1,Ministry of Power,Power Transmission & Generation,SJVN,Andhra Pradesh,15.8402,80.0818,2020-07-01,707.61,777.66,2024-08-30,2024-12-29,379.1,18,8,1,Delayed
PRJ_0289,Roads Infrastructure Development at Chhattisgarh Section Pkg-2,Ministry of Road Transport & Highways,Roads & Highways,NHIDCL,Chhattisgarh,21.6906,81.2988,2021-04-01,781.17,933.5,2024-05-01,2025-10-30,736.23,8,6,1,Delayed
PRJ_0290,Roads Infrastructure Development at Karnataka Section Pkg-3,Ministry of Road Transport & Highways,Roads & Highways,NHAI,Karnataka,15.1674,75.2478,2017-05-01,312.87,385.77,2019-01-30,2022-03-01,95.25,17,4,5,Stalled
PRJ_0291,Coal Infrastructure Development at Uttar Pradesh Section Pkg-4,Ministry of Coal,Coal Mining,MCL,Uttar Pradesh,27.0944,80.8466,2017-06-01,1209.77,1429.95,2019-12-31,2020-01-30,1143.67,22,17,0,Delayed
PRJ_0292,Roads Infrastructure Development at Maharashtra Section Pkg-5,Ministry of Road Transport & Highways,Roads & Highways,NHAI,Maharashtra,19.3056,75.5453,2018-02-01,616.64,749.22,2022-04-02,2023-08-02,233.32,16,4,5,Delayed
PRJ_0293,Power Infrastructure Development at Chhattisgarh Section Pkg-6,Ministry of Power,Power Transmission & Generation,THDC,Chhattisgarh,,82.3594,2018-07-01,599.86,732.43,2022-08-30,2024-09-28,172.96,10,2,7,Stalled
PRJ_0294,Railways Infrastructure Development at Tamil Nadu Section Pkg-7,Ministry of Railways,Railways,IRCON,Tamil Nadu,10.9347,78.4912,2018-05-01,846.39,829.46,2019-10-30,2020-06-29,829.46,19,17,2,Delayed
PRJ_0295,Roads Infrastructure Development at Maharashtra Section Pkg-8,Ministry of Road Transport & Highways,Roads & Highways,NHAI,Maharashtra,19.8762,75.9463,2019-06-01,429.88,469.43,2021-06-30,2021-09-29,469.41,14,13,1,Delayed
PRJ_0296,Roads Infrastructure Development at Gujarat Section Pkg-9,Ministry of Road Transport & Highways,Roads & Highways,MoRTH,Gujarat,22.3135,70.9911,2016-10-01,939.49,1111.42,2020-05-01,2021-01-29,1052.8,14,12,2,Delayed
PRJ_0297,Roads Infrastructure Development at Odisha Section Pkg-1,Ministry of Road Transport & Highways,Roads & Highways,NHAI,Odisha,21.0907,,2016-11-01,1426.52,2072.73,2020-02-01,2022-06-02,1632.88,12,9,2,Delayed
PRJ_0298,Petroleum Infrastructure Development at Madhya Pradesh Section Pkg-2,Ministry of Petroleum & Natural Gas,Petroleum & Natural Gas,NRL,Madhya Pradesh,22.6664,79.0339,2020-12-01,227.04,282.21,2025-04-01,2026-08-31,142.28,21,10,8,Delayed
PRJ_0299,Roads Infrastructure Development at Uttarakhand Section Pkg-3,Ministry of Road Transport & Highways,Roads & Highways,NHIDCL,Uttarakhand,30.219,79.0245,2020-10-01,840.85,834.12,2022-06-01,2022-07-31,762.36,21,19,1,Ongoing
PRJ_0300,Petroleum Infrastructure Development at Bihar Section Pkg-4,Ministry of Petroleum & Natural Gas,Petroleum & Natural Gas,GAIL,Bihar,25.6287,85.1224,2022-08-01,470.21,540.74,2024-05-31,2024-09-29,248.2,14,6,2,Delayed
PRJ_0301,Power Infrastructure Development at Manipur Section Pkg-5,Ministry of Power,Power Transmission & Generation,THDC,Manipur,25.2117,,2017-02-01,150.0,178.05,2019-04-03,2019-08-02,110.39,10,6,0,Delayed
PRJ_0302,Roads Infrastructure Development at Chhattisgarh Section Pkg-6,Ministry of Road Transport & Highways,Roads & Highways,NHIDCL,Chhattisgarh,21.4784,82.0716,2018-01-01,214.56,215.85,2020-08-01,2020-08-31,214.61,23,21,0,Ongoing
PRJ_0303,Roads Infrastructure Development at Jharkhand Section Pkg-7,Ministry of Road Transport & Highways,Roads & Highways,NHAI,Jharkhand,24.2064,,2016-07-01,337.64,412.93,2019-05-01,2021-04-30,391.31,24,21,3,Delayed
PRJ_0304,Roads Infrastructure Development at Andhra Pradesh Section Pkg-8,Ministry of Road Transport & Highways,Roads & Highways,NHIDCL,Andhra Pradesh,16.3651,79.6131,2020-04-01,150.0,158.4,2023-05-02,2023-07-01,134.84,16,13,0,Ongoing
PRJ_0305,Roads Infrastructure Development at Maharashtra Section Pkg-9,Ministry of Road Transport & Highways,Roads & Highways,NHIDCL,Maharashtra,19.4307,75.9087,2022-09-01,4600.51,5129.57,2025-12-31,2027-08-31,3620.81,19,13,1,Delayed
PRJ_0306,Water Infrastructure Development at Madhya Pradesh Section Pkg-1,"Department of Water Resources, River Development & GR",Water & Sanitation,Water Resources Dept,Madhya Pradesh,23.0248,79.0056,2018-09-01,690.8,659.02,2020-03-01,2020-05-31,633.29,16,14,0,Ongoing
PRJ_0307,Petroleum Infrastructure Development at Nagaland Section Pkg-2,Ministry of Petroleum & Natural Gas,Petroleum & Natural Gas,HPCL,Nagaland,26.4779,94.6525,2018-10-01,861.57,967.54,2020-10-30,2020-12-29,860.03,21,19,2,Delayed
PRJ_0308,Railways Infrastructure Development at Punjab Section Pkg-3,Ministry of Railways,Railways,IRCON,Punjab,30.7158,74.8891,2019-07-01,280.71,327.59,2023-10-30,2025-07-30,224.91,6,4,1,Delayed
PRJ_0309,Roads Infrastructure Development at Andhra Pradesh Section Pkg-4,Ministry of Road Transport & Highways,Roads & Highways,MoRTH,Andhra Pradesh,16.329,79.8252,2020-01-01,203.29,261.84,2024-08-31,2026-09-30,169.54,8,5,1,Delayed
PRJ_0310,Roads Infrastructure Development at Jharkhand Section Pkg-5,Ministry of Road Transport & Highways,Roads & Highways,NHAI,Jharkhand,23.6172,85.4535,2023-09-01,1713.81,1835.49,2026-05-02,2026-08-31,1082.89,16,8,1,Delayed
PRJ_0311,Coal Infrastructure Development at Assam Section Pkg-6,Ministry of Coal,Coal Mining,SCCL,Assam,26.0858,92.9309,2020-06-01,396.29,524.29,2023-12-31,2027-08-31,309.89,15,8,1,Delayed
PRJ_0312,Roads Infrastructure Development at Delhi Section Pkg-7,Ministry of Road Transport & Highways,Roads & Highways,NHIDCL,Delhi,28.2213,77.0649,2018-01-01,610.53,741.18,2022-11-01,2024-08-31,531.12,23,15,1,Delayed
PRJ_0313,Roads Infrastructure Development at Nagaland Section Pkg-8,Ministry of Road Transport & Highways,Roads & Highways,NHIDCL,Nagaland,26.3292,95.0268,2017-08-01,329.15,337.05,2022-01-30,2022-03-01,251.08,24,18,0,Ongoing
PRJ_0314,Roads Infrastructure Development at West Bengal Section Pkg-9,Ministry of Road Transport & Highways,Roads & Highways,MoRTH,West Bengal,23.4913,87.7676,2019-11-01,442.44,690.21,2024-05-01,2025-03-31,147.17,19,3,2,Delayed
PRJ_0315,Roads Infrastructure Development at Andhra Pradesh Section Pkg-1,Ministry of Road Transport & Highways,Roads & Highways,NHIDCL,Andhra Pradesh,16.0227,79.873,2017-05-01,240.54,246.07,2022-05-01,2022-12-30,84.61,22,7,2,Delayed
PRJ_0316,Roads Infrastructure Development at Haryana Section Pkg-2,Ministry of Road Transport & Highways,Roads & Highways,NHAI,Haryana,28.6568,76.6825,2018-06-01,750.3,895.11,2021-01-30,2024-05-01,695.11,18,13,5,Delayed
PRJ_0317,Roads Infrastructure Development at Madhya Pradesh Section Pkg-3,Ministry of Road Transport & Highways,Roads & Highways,NHIDCL,Madhya Pradesh,22.5022,78.1145,2016-06-01,366.03,393.48,2019-10-31,2020-07-30,345.03,23,20,0,Delayed
PRJ_0318,Roads Infrastructure Development at Jharkhand Section Pkg-4,Ministry of Road Transport & Highways,Roads & Highways,NHIDCL,Jharkhand,23.0377,84.8494,2021-12-01,915.45,926.44,2025-08-01,2025-08-01,396.47,8,3,0,Ongoing
PRJ_0319,Roads Infrastructure Development at Odisha Section Pkg-5,Ministry of Road Transport & Highways,Roads & Highways,NHIDCL,Odisha,20.3586,85.1044,2020-10-01,182.48,253.65,2025-07-01,2027-01-30,111.24,24,9,8,Delayed
PRJ_0320,Roads Infrastructure Development at Sikkim Section Pkg-6,Ministry of Road Transport & Highways,Roads & Highways,NHIDCL,Sikkim,27.3378,89.069,2016-04-01,493.79,645.88,2020-07-01,2022-01-30,317.31,19,8,5,Delayed
PRJ_0321,Railways Infrastructure Development at Uttar Pradesh Section Pkg-7,Ministry of Railways,Railways,Dedicated Freight Corridor Corp,Uttar Pradesh,27.3462,80.3593,2019-08-01,441.38,466.54,2022-10-31,2023-04-01,424.83,12,11,1,Delayed
PRJ_0322,Roads Infrastructure Development at Madhya Pradesh Section Pkg-8,Ministry of Road Transport & Highways,Roads & Highways,NHAI,Madhya Pradesh,22.4874,78.14,2023-08-01,806.31,841.79,2027-11-30,2029-03-31,481.83,23,12,2,Delayed
PRJ_0323,Roads Infrastructure Development at Chhattisgarh Section Pkg-9,Ministry of Road Transport & Highways,Roads & Highways,MoRTH,Chhattisgarh,21.5615,82.4624,2019-01-01,345.41,393.42,2023-01-31,2026-03-02,90.16,14,3,5,Stalled
PRJ_0324,Airports Infrastructure Development at Rajasthan Section Pkg-1,Ministry of Civil Aviation,Airports & Aviation,Adani Airport Holdings,Rajasthan,27.1847,74.5047,2021-10-01,369.17,473.28,2023-10-01,2025-03-31,466.12,18,16,1,Delayed
PRJ_0325,Power Infrastructure Development at Uttar Pradesh Section Pkg-2,Ministry of Power,Power Transmission & Generation,NTPC,Uttar Pradesh,,81.3291,2022-02-01,444.28,549.13,2026-02-01,2028-03-02,286.53,14,7,5,Delayed
PRJ_0326,Roads Infrastructure Development at Telangana Section Pkg-3,Ministry of Road Transport & Highways,Roads & Highways,NHIDCL,Telangana,18.0337,,2018-02-01,175.44,181.93,2021-08-02,2022-11-01,155.36,11,9,1,Delayed
PRJ_0327,Roads Infrastructure Development at Rajasthan Section Pkg-4,Ministry of Road Transport & Highways,Roads & Highways,NHIDCL,Rajasthan,26.8796,74.534,2019-08-01,1490.6,1515.94,2021-05-31,2022-02-28,608.11,22,8,0,Delayed
PRJ_0328,Roads Infrastructure Development at Gujarat Section Pkg-5,Ministry of Road Transport & Highways,Roads & Highways,MoRTH,Gujarat,22.3393,70.8528,2020-09-01,374.04,431.27,2022-04-02,2023-12-01,417.59,22,19,1,Delayed
PRJ_0329,Roads Infrastructure Development at Arunachal Pradesh Section Pkg-6,Ministry of Road Transport & Highways,Roads & Highways,MoRTH,Arunachal Pradesh,28.6255,94.431,2019-08-01,463.39,445.32,2023-05-01,2023-06-30,407.91,18,15,2,Ongoing
PRJ_0330,Roads Infrastructure Development at West Bengal Section Pkg-7,Ministry of Road Transport & Highways,Roads & Highways,NHAI,West Bengal,22.9714,87.2605,2017-05-01,731.08,841.47,2021-05-01,2021-05-31,754.04,14,12,2,Delayed
PRJ_0331,Railways Infrastructure Development at Madhya Pradesh Section Pkg-8,Ministry of Railways,Railways,Central Railway,Madhya Pradesh,22.565,79.1716,2018-05-01,1723.52,1882.08,2021-05-31,2022-02-28,1577.7,20,16,2,Delayed
PRJ_0332,Petroleum Infrastructure Development at Jharkhand Section Pkg-9,Ministry of Petroleum & Natural Gas,Petroleum & Natural Gas,GAIL,Jharkhand,23.2961,,2021-03-01,150.0,147.6,2025-03-01,2025-09-30,99.67,10,7,1,Delayed
PRJ_0333,Coal Infrastructure Development at Gujarat Section Pkg-1,Ministry of Coal,Coal Mining,MCL,Gujarat,22.5299,,2020-12-01,442.57,483.73,2025-12-01,2026-05-02,161.92,19,6,2,Delayed
PRJ_0334,Roads Infrastructure Development at Uttar Pradesh Section Pkg-2,Ministry of Road Transport & Highways,Roads & Highways,NHIDCL,Uttar Pradesh,26.818,81.0519,2022-06-01,817.51,811.79,2027-01-30,2027-01-30,539.29,19,12,1,Ongoing
PRJ_0335,Coal Infrastructure Development at Maharashtra Section Pkg-3,Ministry of Coal,Coal Mining,Coal India Ltd (CIL),Maharashtra,,75.4665,2020-02-01,1120.93,1208.36,2022-07-02,2022-08-31,448.37,8,2,1,Ongoing
PRJ_0336,Railways Infrastructure Development at Andhra Pradesh Section Pkg-4,Ministry of Railways,Railways,Central Railway,Andhra Pradesh,15.9667,80.2809,2018-08-01,598.25,763.37,2022-05-01,2024-01-30,220.68,23,6,16,Stalled
PRJ_0337,Railways Infrastructure Development at Assam Section Pkg-5,Ministry of Railways,Railways,RVNL,Assam,25.8683,92.6694,2017-04-01,581.81,686.54,2019-10-31,2020-12-30,422.11,11,6,1,Delayed
PRJ_0338,Roads Infrastructure Development at Jharkhand Section Pkg-6,Ministry of Road Transport & Highways,Roads & Highways,NHAI,Jharkhand,23.2316,84.7557,2019-05-01,2326.01,2460.92,2021-11-29,2022-07-30,1719.21,6,4,1,Delayed
PRJ_0339,Roads Infrastructure Development at Meghalaya Section Pkg-7,Ministry of Road Transport & Highways,Roads & Highways,MoRTH,Meghalaya,25.3484,91.7567,2022-12-01,1290.97,1741.52,2026-12-01,2027-08-01,789.07,14,6,4,Delayed
PRJ_0340,Roads Infrastructure Development at Jammu & Kashmir Section Pkg-8,Ministry of Road Transport & Highways,Roads & Highways,NHAI,Jammu & Kashmir,33.4344,75.9964,2022-11-01,2799.99,3135.99,2024-12-31,2025-08-01,1461.08,10,4,1,Delayed
PRJ_0341,Power Infrastructure Development at Arunachal Pradesh Section Pkg-9,Ministry of Power,Power Transmission & Generation,NTPC,Arunachal Pradesh,28.3462,94.9161,2019-05-01,735.98,758.06,2023-07-31,2023-10-30,329.04,14,6,0,Ongoing
PRJ_0342,Roads Infrastructure Development at Rajasthan Section Pkg-1,Ministry of Road Transport & Highways,Roads & Highways,MoRTH,Rajasthan,26.7936,74.2263,2023-12-01,414.29,532.78,2025-10-31,2030-08-31,324.37,7,4,3,Delayed
PRJ_0343,Roads Infrastructure Development at Rajasthan Section Pkg-2,Ministry of Road Transport & Highways,Roads & Highways,NHAI,Rajasthan,26.6083,74.7551,2022-06-01,303.64,316.39,2024-12-30,2025-03-31,285.72,23,20,1,Ongoing
PRJ_0344,Railways Infrastructure Development at Bihar Section Pkg-3,Ministry of Railways,Railways,RVNL,Bihar,25.2624,85.4629,2019-05-01,560.19,593.24,2022-07-31,2022-07-31,158.62,10,2,1,Ongoing
PRJ_0345,Roads Infrastructure Development at Himachal Pradesh Section Pkg-4,Ministry of Road Transport & Highways,Roads & Highways,NHAI,Himachal Pradesh,30.7043,77.2847,2021-12-01,296.31,308.76,2026-05-02,2026-12-31,263.04,12,9,0,Delayed
PRJ_0346,Roads Infrastructure Development at Gujarat Section Pkg-5,Ministry of Road Transport & Highways,Roads & Highways,MoRTH,Gujarat,22.0548,71.1082,2023-11-01,418.48,440.66,2028-01-31,2028-07-31,109.78,12,2,1,Delayed
PRJ_0347,Roads Infrastructure Development at Madhya Pradesh Section Pkg-6,Ministry of Road Transport & Highways,Roads & Highways,NHIDCL,Madhya Pradesh,23.5406,78.8121,2022-03-01,150.0,221.85,2024-05-30,2026-02-28,221.85,9,8,1,Delayed
PRJ_0348,Power Infrastructure Development at Madhya Pradesh Section Pkg-7,Ministry of Power,Power Transmission & Generation,NHPC,Madhya Pradesh,23.5079,79.254,2023-08-01,737.93,782.94,2025-07-01,2025-09-30,730.62,24,22,2,Ongoing
PRJ_0349,Roads Infrastructure Development at Manipur Section Pkg-8,Ministry of Road Transport & Highways,Roads & Highways,NHAI,Manipur,24.0754,94.115,2018-03-01,1372.24,1399.68,2020-03-30,2023-05-30,1188.18,16,13,1,Delayed
PRJ_0350,Roads Infrastructure Development at Uttar Pradesh Section Pkg-9,Ministry of Road Transport & Highways,Roads & Highways,MoRTH,Uttar Pradesh,,80.7168,2018-07-01,1076.71,1146.7,2020-08-30,2021-02-28,424.47,7,2,0,Delayed
PRJ_0351,Roads Infrastructure Development at Maharashtra Section Pkg-1,Ministry of Road Transport & Highways,Roads & Highways,NHAI,Maharashtra,20.2315,76.0615,2017-05-01,1084.73,1125.95,2022-05-01,2022-05-31,932.11,16,13,1,Ongoing
PRJ_0352,Coal Infrastructure Development at Gujarat Section Pkg-2,Ministry of Coal,Coal Mining,ECL,Gujarat,21.7895,71.4134,2022-03-01,2979.85,2941.11,2026-06-30,2026-11-29,1184.86,18,7,1,Delayed
PRJ_0353,Power Infrastructure Development at Telangana Section Pkg-3,Ministry of Power,Power Transmission & Generation,PGCIL,Telangana,17.5614,79.3347,2020-11-01,825.5,965.83,2023-01-31,2024-10-31,318.05,13,4,7,Delayed
PRJ_0354,Railways Infrastructure Development at Gujarat Section Pkg-4,Ministry of Railways,Railways,Dedicated Freight Corridor Corp,Gujarat,21.9164,71.4704,2023-08-01,150.0,153.6,2026-07-31,2027-08-30,137.71,17,14,2,Delayed
PRJ_0355,Power Infrastructure Development at Karnataka Section Pkg-5,Ministry of Power,Power Transmission & Generation,PGCIL,Karnataka,14.8249,75.4744,2020-10-01,517.01,542.34,2024-08-01,2024-09-30,470.43,11,9,2,Ongoing
PRJ_0356,Roads Infrastructure Development at Himachal Pradesh Section Pkg-6,Ministry of Road Transport & Highways,Roads & Highways,NHIDCL,Himachal Pradesh,31.2582,77.118,2021-11-01,247.55,270.82,2026-06-02,2026-08-01,239.93,19,16,1,Delayed
PRJ_0357,Railways Infrastructure Development at Assam Section Pkg-7,Ministry of Railways,Railways,RVNL,Assam,26.4906,92.6608,2016-12-01,150.0,163.2,2021-03-02,2023-04-01,119.47,18,12,6,Delayed
PRJ_0358,Roads Infrastructure Development at Bihar Section Pkg-8,Ministry of Road Transport & Highways,Roads & Highways,NHIDCL,Bihar,,85.8611,2020-06-01,660.59,634.83,2025-05-01,2026-05-01,119.58,7,1,1,Delayed
PRJ_0359,Petroleum Infrastructure Development at Uttar Pradesh Section Pkg-9,Ministry of Petroleum & Natural Gas,Petroleum & Natural Gas,IOCL,Uttar Pradesh,27.0231,81.2531,2018-12-01,538.44,709.66,2021-09-30,2023-03-31,161.3,6,1,1,Delayed
PRJ_0360,Roads Infrastructure Development at Uttar Pradesh Section Pkg-1,Ministry of Road Transport & Highways,Roads & Highways,NHIDCL,Uttar Pradesh,26.635,,2023-08-01,746.45,1016.66,2028-01-30,2029-07-30,291.28,21,5,12,Delayed
PRJ_0361,Coal Infrastructure Development at Bihar Section Pkg-2,Ministry of Coal,Coal Mining,ECL,Bihar,25.3653,,2020-01-01,6029.83,6005.71,2024-01-31,2024-07-01,5458.16,7,6,2,Delayed
PRJ_0362,Educational Infrastructure Development at Andhra Pradesh Section Pkg-3,Department of Higher Education,Educational Infrastructure,NIT,Andhra Pradesh,16.1615,79.571,2018-01-01,3568.49,3978.87,2021-01-31,2021-03-02,3894.48,22,21,0,Delayed
PRJ_0363,Healthcare Infrastructure Development at Andhra Pradesh Section Pkg-4,Ministry of Health & Family Welfare,Healthcare Infrastructure,HSCC,Andhra Pradesh,15.865,79.6611,2016-09-01,436.28,502.59,2018-11-01,2018-12-31,444.14,10,8,1,Delayed
PRJ_0364,Roads Infrastructure Development at Telangana Section Pkg-5,Ministry of Road Transport & Highways,Roads & Highways,NHIDCL,Telangana,18.3287,79.1837,2020-02-01,18447.62,20366.17,2022-05-02,2022-08-01,18061.97,10,9,0,Delayed
PRJ_0365,Roads Infrastructure Development at Punjab Section Pkg-6,Ministry of Road Transport & Highways,Roads & Highways,NHIDCL,Punjab,31.5522,75.0768,2016-09-01,2086.75,2364.29,2021-03-02,2022-01-30,1795.52,22,17,0,Delayed
PRJ_0366,Roads Infrastructure Development at Assam Section Pkg-7,Ministry of Road Transport & Highways,Roads & Highways,NHIDCL,Assam,,92.9813,2020-10-01,2340.89,2387.71,2024-04-01,2026-06-01,1981.91,18,14,4,Delayed
PRJ_0367,Roads Infrastructure Development at Nagaland Section Pkg-8,Ministry of Road Transport & Highways,Roads & Highways,NHAI,Nagaland,26.1555,94.5944,2017-09-01,1175.7,1359.11,2020-08-01,2020-10-31,1358.34,17,16,2,Delayed
PRJ_0368,Railways Infrastructure Development at West Bengal Section Pkg-9,Ministry of Railways,Railways,IRCON,West Bengal,23.1808,87.337,2018-04-01,4075.12,4054.74,2021-08-30,2021-10-29,2597.67,12,7,1,Ongoing
PRJ_0369,Railways Infrastructure Development at Andhra Pradesh Section Pkg-1,Ministry of Railways,Railways,RVNL,Andhra Pradesh,15.8351,,2018-02-01,421.97,456.15,2022-01-01,2022-06-02,266.41,6,3,1,Delayed
PRJ_0370,Roads Infrastructure Development at Jammu & Kashmir Section Pkg-2,Ministry of Road Transport & Highways,Roads & Highways,NHIDCL,Jammu & Kashmir,33.6713,76.9139,2022-03-01,1776.29,2049.84,2023-08-30,2023-10-29,1797.93,21,18,0,Delayed
PRJ_0371,Roads Infrastructure Development at Arunachal Pradesh Section Pkg-3,Ministry of Road Transport & Highways,Roads & Highways,MoRTH,Arunachal Pradesh,28.2439,94.1561,2023-08-01,1045.05,992.8,2027-08-31,2028-09-29,208.05,21,4,2,Delayed
PRJ_0372,Petroleum Infrastructure Development at Punjab Section Pkg-4,Ministry of Petroleum & Natural Gas,Petroleum & Natural Gas,ONGC,Punjab,31.5189,74.8858,2023-06-01,1557.38,1618.12,2025-05-31,2025-06-30,1081.32,19,12,2,Ongoing
PRJ_0373,Roads Infrastructure Development at Gujarat Section Pkg-5,Ministry of Road Transport & Highways,Roads & Highways,NHIDCL,Gujarat,21.7279,71.3347,2017-10-01,1063.61,1502.88,2019-09-01,2020-10-31,1379.64,24,20,4,Delayed
PRJ_0374,Power Infrastructure Development at Andhra Pradesh Section Pkg-6,Ministry of Power,Power Transmission & Generation,SJVN,Andhra Pradesh,16.3873,80.0185,2016-12-01,638.22,691.19,2019-06-02,2019-09-01,517.4,18,13,1,Delayed
PRJ_0375,Railways Infrastructure Development at Jharkhand Section Pkg-7,Ministry of Railways,Railways,RVNL,Jharkhand,23.503,85.6608,2017-02-01,718.95,910.91,2020-04-02,2021-07-02,402.01,21,9,11,Delayed
PRJ_0376,Water Infrastructure Development at Rajasthan Section Pkg-8,"Department of Water Resources, River Development & GR",Water & Sanitation,Water Resources Dept,Rajasthan,26.9499,74.6499,2020-02-01,1385.77,1457.83,2022-08-02,2022-08-02,1346.51,12,10,1,Ongoing
PRJ_0377,Roads Infrastructure Development at Kerala Section Pkg-9,Ministry of Road Transport & Highways,Roads & Highways,MoRTH,Kerala,10.721,76.0678,2022-07-01,625.72,661.39,2025-11-29,2026-03-30,310.43,15,6,1,Delayed
PRJ_0378,Railways Infrastructure Development at Maharashtra Section Pkg-1,Ministry of Railways,Railways,Central Railway,Maharashtra,19.8455,75.1461,2016-08-01,263.69,326.45,2020-08-01,2021-12-31,257.27,18,14,3,Delayed
PRJ_0379,Roads Infrastructure Development at Nagaland Section Pkg-2,Ministry of Road Transport & Highways,Roads & Highways,MoRTH,Nagaland,26.4414,94.7372,2022-03-01,2219.34,2527.83,2023-12-30,2024-08-29,986.06,13,4,0,Delayed
PRJ_0380,Roads Infrastructure Development at Rajasthan Section Pkg-3,Ministry of Road Transport & Highways,Roads & Highways,NHIDCL,Rajasthan,27.4215,73.7776,2017-11-01,443.86,577.46,2020-07-02,2023-08-02,463.12,19,14,4,Delayed
PRJ_0381,Roads Infrastructure Development at Telangana Section Pkg-4,Ministry of Road Transport & Highways,Roads & Highways,MoRTH,Telangana,18.0806,78.661,2018-11-01,402.3,549.54,2021-07-02,2023-06-02,471.28,17,14,1,Delayed
PRJ_0382,Telecommunications Infrastructure Development at West Bengal Section Pkg-5,Department of Telecommunications,Telecommunications,RailTel,West Bengal,22.8431,88.0846,2023-08-01,2951.32,3022.15,2027-09-30,2027-11-29,3005.78,22,20,0,Ongoing
PRJ_0383,Roads Infrastructure Development at Gujarat Section Pkg-6,Ministry of Road Transport & Highways,Roads & Highways,NHAI,Gujarat,21.7115,71.4741,2019-05-01,2459.83,3313.39,2022-01-29,2023-06-30,1347.85,20,7,9,Delayed
PRJ_0384,Coal Infrastructure Development at Andhra Pradesh Section Pkg-7,Ministry of Coal,Coal Mining,MCL,Andhra Pradesh,15.8248,79.8958,2019-08-01,190.96,192.68,2022-09-30,2022-10-30,119.11,23,14,0,Ongoing
PRJ_0385,Roads Infrastructure Development at Odisha Section Pkg-8,Ministry of Road Transport & Highways,Roads & Highways,MoRTH,Odisha,21.1881,85.1732,2018-07-01,315.6,376.83,2021-07-31,2022-09-30,316.49,23,19,4,Delayed
PRJ_0386,Roads Infrastructure Development at Maharashtra Section Pkg-9,Ministry of Road Transport & Highways,Roads & Highways,NHAI,Maharashtra,19.5118,,2018-09-01,246.93,274.59,2022-03-02,2022-04-01,116.13,13,5,1,Delayed
PRJ_0387,Steel Infrastructure Development at Telangana Section Pkg-1,Ministry of Steel,Steel & Heavy Industry,SAIL,Telangana,18.1211,78.487,2020-12-01,1433.54,1427.81,2025-03-02,2025-08-31,1343.8,18,16,2,Delayed
PRJ_0388,Roads Infrastructure Development at Chhattisgarh Section Pkg-2,Ministry of Road Transport & Highways,Roads & Highways,NHAI,Chhattisgarh,20.7672,81.9141,2022-07-01,906.98,926.93,2027-03-31,2027-05-30,262.48,15,4,1,Ongoing
PRJ_0389,Water Infrastructure Development at Manipur Section Pkg-3,"Department of Water Resources, River Development & GR",Water & Sanitation,CPWD,Manipur,24.583,,2017-02-01,1066.48,1056.88,2018-11-02,2019-02-01,884.93,18,14,2,Ongoing
PRJ_0390,Water Infrastructure Development at Rajasthan Section Pkg-4,"Department of Water Resources, River Development & GR",Water & Sanitation,National Mission for Clean Ganga,Rajasthan,,73.634,2018-08-01,419.79,455.47,2021-03-01,2021-04-30,217.97,16,7,1,Delayed
PRJ_0391,Water Infrastructure Development at Punjab Section Pkg-5,"Department of Water Resources, River Development & GR",Water & Sanitation,National Mission for Clean Ganga,Punjab,31.531,75.5752,2022-06-01,513.15,724.57,2027-05-01,2028-02-29,497.16,12,8,1,Delayed
PRJ_0392,Roads Infrastructure Development at Nagaland Section Pkg-6,Ministry of Road Transport & Highways,Roads & Highways,MoRTH,Nagaland,25.5958,94.366,2020-06-01,357.99,404.53,2024-04-01,2024-07-01,340.35,18,15,0,Delayed
PRJ_0393,Water Infrastructure Development at Uttar Pradesh Section Pkg-7,"Department of Water Resources, River Development & GR",Water & Sanitation,CPWD,Uttar Pradesh,27.2301,80.8403,2019-11-01,676.88,643.04,2023-12-31,2024-05-31,167.83,20,5,2,Delayed
PRJ_0394,Roads Infrastructure Development at Mizoram Section Pkg-8,Ministry of Road Transport & Highways,Roads & Highways,MoRTH,Mizoram,23.14,92.9654,2020-03-01,1228.18,1352.23,2023-11-30,2023-11-30,571.14,22,8,2,Delayed
PRJ_0395,Roads Infrastructure Development at Assam Section Pkg-9,Ministry of Road Transport & Highways,Roads & Highways,MoRTH,Assam,26.6377,93.5311,2021-01-01,1537.85,1797.75,2025-04-02,2026-07-02,1408.19,10,7,2,Delayed
PRJ_0396,Roads Infrastructure Development at Tripura Section Pkg-1,Ministry of Road Transport & Highways,Roads & Highways,NHIDCL,Tripura,24.2094,92.3708,2018-02-01,150.0,153.9,2020-01-02,2020-08-02,95.85,19,11,1,Delayed
PRJ_0397,Coal Infrastructure Development at West Bengal Section Pkg-2,Ministry of Coal,Coal Mining,ECL,West Bengal,22.5824,88.1913,2017-01-01,641.76,913.22,2021-09-01,2022-07-02,775.0,12,9,2,Delayed
PRJ_0398,Educational Infrastructure Development at Arunachal Pradesh Section Pkg-3,Department of Higher Education,Educational Infrastructure,IIT,Arunachal Pradesh,28.6644,94.9901,2016-08-01,286.06,293.5,2020-05-01,2020-08-30,148.25,24,11,2,Delayed
PRJ_0399,Roads Infrastructure Development at Jharkhand Section Pkg-4,Ministry of Road Transport & Highways,Roads & Highways,NHAI,Jharkhand,23.9116,84.7513,2020-08-01,1145.58,1124.96,2022-12-31,2022-12-31,857.49,12,8,0,Ongoing
PRJ_0400,Roads Infrastructure Development at Madhya Pradesh Section Pkg-5,Ministry of Road Transport & Highways,Roads & Highways,NHAI,Madhya Pradesh,22.7382,79.0299,2019-02-01,278.82,316.46,2023-06-02,2024-01-01,89.42,13,3,0,Delayed
PRJ_0401,Roads Infrastructure Development at Delhi Section Pkg-6,Ministry of Road Transport & Highways,Roads & Highways,NHIDCL,Delhi,28.5609,77.4527,2018-01-01,1262.37,1271.21,2020-01-31,2020-03-01,1076.41,11,9,2,Ongoing
PRJ_0402,Water Infrastructure Development at Telangana Section Pkg-7,"Department of Water Resources, River Development & GR",Water & Sanitation,CPWD,Telangana,,79.5146,2016-09-01,459.96,522.05,2019-03-03,2019-07-02,468.3,15,13,0,Delayed
PRJ_0403,Roads Infrastructure Development at Kerala Section Pkg-8,Ministry of Road Transport & Highways,Roads & Highways,NHIDCL,Kerala,10.517,76.3621,2021-06-01,172.11,213.07,2022-11-30,2023-11-30,167.58,22,17,4,Delayed
PRJ_0404,Roads Infrastructure Development at Tamil Nadu Section Pkg-9,Ministry of Road Transport & Highways,Roads & Highways,NHIDCL,Tamil Nadu,11.6255,78.762,2016-11-01,379.8,392.33,2020-06-01,2020-06-01,380.98,14,12,2,Ongoing
PRJ_0405,Roads Infrastructure Development at Bihar Section Pkg-1,Ministry of Road Transport & Highways,Roads & Highways,MoRTH,Bihar,24.6089,85.883,2020-07-01,3217.33,3963.75,2023-07-01,2025-04-30,1095.94,23,6,10,Stalled
PRJ_0406,Petroleum Infrastructure Development at Tamil Nadu Section Pkg-2,Ministry of Petroleum & Natural Gas,Petroleum & Natural Gas,IOCL,Tamil Nadu,11.063,78.3174,2017-02-01,537.47,694.95,2019-02-01,2019-08-02,656.31,20,19,0,Delayed
PRJ_0407,Roads Infrastructure Development at Jharkhand Section Pkg-3,Ministry of Road Transport & Highways,Roads & Highways,MoRTH,Jharkhand,24.0965,84.6994,2022-02-01,807.58,831.81,2023-09-02,2024-02-01,756.37,18,16,1,Delayed
PRJ_0408,Healthcare Infrastructure Development at Mizoram Section Pkg-4,Ministry of Health & Family Welfare,Healthcare Infrastructure,CPWD,Mizoram,22.6681,92.442,2020-03-01,711.37,734.13,2021-10-30,2022-02-28,532.38,7,5,2,Delayed
PRJ_0409,Roads Infrastructure Development at Rajasthan Section Pkg-5,Ministry of Road Transport & Highways,Roads & Highways,NHIDCL,Rajasthan,27.4911,74.3059,2023-07-01,254.3,290.16,2025-01-29,2025-07-30,256.16,21,18,1,Delayed
PRJ_0410,Coal Infrastructure Development at Rajasthan Section Pkg-6,Ministry of Coal,Coal Mining,MCL,Rajasthan,27.345,74.1095,2016-08-01,528.59,575.63,2020-04-01,2020-04-01,461.4,17,13,1,Delayed
PRJ_0411,Roads Infrastructure Development at Bihar Section Pkg-7,Ministry of Road Transport & Highways,Roads & Highways,NHAI,Bihar,24.9359,85.3828,2016-05-01,551.2,702.78,2018-01-30,2022-12-30,92.62,22,2,7,Stalled
PRJ_0412,Roads Infrastructure Development at Odisha Section Pkg-8,Ministry of Road Transport & Highways,Roads & Highways,MoRTH,Odisha,21.1249,84.8674,2016-12-01,967.52,1232.62,2019-04-02,2021-08-31,597.36,8,3,4,Delayed
PRJ_0413,Roads Infrastructure Development at Rajasthan Section Pkg-9,Ministry of Road Transport & Highways,Roads & Highways,MoRTH,Rajasthan,26.5181,74.3259,2023-04-01,2038.15,2239.93,2024-12-30,2026-05-01,673.21,11,3,2,Delayed
PRJ_0414,Urban Infrastructure Development at Maharashtra Section Pkg-1,Ministry of Housing & Urban Affairs,Urban Infrastructure & Metro,NBCC,Maharashtra,19.7975,75.5887,2020-06-01,3352.75,3486.86,2023-12-31,2024-01-30,3193.36,15,13,1,Ongoing
PRJ_0415,Roads Infrastructure Development at Haryana Section Pkg-2,Ministry of Road Transport & Highways,Roads & Highways,NHIDCL,Haryana,28.6755,75.821,2022-09-01,189.77,180.28,2027-04-02,2027-10-01,161.03,15,12,2,Delayed
PRJ_0416,Roads Infrastructure Development at Odisha Section Pkg-3,Ministry of Road Transport & Highways,Roads & Highways,MoRTH,Odisha,20.8265,85.6322,2019-06-01,792.33,1051.42,2023-01-30,2025-07-31,707.52,8,5,2,Delayed
PRJ_0417,Roads Infrastructure Development at West Bengal Section Pkg-4,Ministry of Road Transport & Highways,Roads & Highways,NHAI,West Bengal,23.4857,87.6737,2018-12-01,323.01,348.53,2022-06-01,2023-01-30,250.09,9,6,0,Delayed
PRJ_0418,Roads Infrastructure Development at Maharashtra Section Pkg-5,Ministry of Road Transport & Highways,Roads & Highways,MoRTH,Maharashtra,19.3906,75.6061,2022-07-01,2060.18,2163.19,2026-07-01,2027-05-01,1588.74,19,14,2,Delayed
PRJ_0419,Coal Infrastructure Development at Maharashtra Section Pkg-6,Ministry of Coal,Coal Mining,Coal India Ltd (CIL),Maharashtra,19.4318,76.2482,2021-10-01,1069.81,1283.77,2025-04-01,2026-09-30,478.18,21,8,8,Delayed
PRJ_0420,Coal Infrastructure Development at Kerala Section Pkg-7,Ministry of Coal,Coal Mining,ECL,Kerala,11.327,76.3123,2019-09-01,322.2,315.11,2021-12-31,2022-04-01,275.48,6,4,1,Ongoing
PRJ_0421,Roads Infrastructure Development at Sikkim Section Pkg-8,Ministry of Road Transport & Highways,Roads & Highways,NHIDCL,Sikkim,27.6217,88.1027,2017-12-01,150.0,192.0,2020-12-31,2022-12-31,120.31,16,9,6,Delayed
PRJ_0422,Roads Infrastructure Development at Chhattisgarh Section Pkg-9,Ministry of Road Transport & Highways,Roads & Highways,NHAI,Chhattisgarh,20.9476,81.8756,2022-10-01,156.79,181.41,2026-08-31,2027-04-01,75.31,14,5,0,Delayed
PRJ_0423,Roads Infrastructure Development at Kerala Section Pkg-1,Ministry of Road Transport & Highways,Roads & Highways,NHAI,Kerala,,76.3561,2022-08-01,553.05,589.55,2025-01-30,2025-03-01,560.17,16,15,0,Ongoing
PRJ_0424,Petroleum Infrastructure Development at Jammu & Kashmir Section Pkg-2,Ministry of Petroleum & Natural Gas,Petroleum & Natural Gas,ONGC,Jammu & Kashmir,34.3002,76.2225,2022-07-01,777.27,1046.98,2025-03-31,2027-01-29,349.32,18,5,4,Delayed
PRJ_0425,Roads Infrastructure Development at Maharashtra Section Pkg-3,Ministry of Road Transport & Highways,Roads & Highways,NHIDCL,Maharashtra,19.4473,75.3714,2020-12-01,3760.1,3978.19,2023-10-01,2024-03-01,3880.99,6,5,1,Delayed
PRJ_0426,Coal Infrastructure Development at Madhya Pradesh Section Pkg-4,Ministry of Coal,Coal Mining,MCL,Madhya Pradesh,23.5216,79.1387,2018-12-01,1606.03,1586.76,2023-05-02,2023-07-01,276.29,17,2,1,Ongoing
PRJ_0427,Roads Infrastructure Development at Bihar Section Pkg-5,Ministry of Road Transport & Highways,Roads & Highways,NHAI,Bihar,25.6862,85.1315,2017-08-01,346.47,348.55,2019-08-31,2020-01-30,122.46,21,7,0,Delayed
PRJ_0428,Roads Infrastructure Development at Uttarakhand Section Pkg-6,Ministry of Road Transport & Highways,Roads & Highways,NHAI,Uttarakhand,30.427,,2018-06-01,199.38,215.33,2020-07-31,2021-04-30,202.73,23,20,2,Delayed
PRJ_0429,Railways Infrastructure Development at Karnataka Section Pkg-7,Ministry of Railways,Railways,Central Railway,Karnataka,15.0299,75.8131,2023-09-01,378.52,429.62,2025-07-01,2027-11-30,325.08,15,11,3,Delayed
PRJ_0430,Coal Infrastructure Development at Jharkhand Section Pkg-8,Ministry of Coal,Coal Mining,SECL,Jharkhand,23.6078,85.4187,2017-09-01,3615.24,3821.31,2020-10-31,2021-01-30,2925.07,17,12,2,Ongoing
PRJ_0431,Roads Infrastructure Development at West Bengal Section Pkg-9,Ministry of Road Transport & Highways,Roads & Highways,MoRTH,West Bengal,22.7022,87.7329,2023-02-01,164.11,224.99,2024-11-01,2026-01-01,205.53,16,14,1,Delayed
PRJ_0432,Water Infrastructure Development at Madhya Pradesh Section Pkg-1,"Department of Water Resources, River Development & GR",Water & Sanitation,National Mission for Clean Ganga,Madhya Pradesh,23.4557,78.751,2022-12-01,406.4,438.51,2024-11-30,2025-08-30,347.26,16,12,1,Delayed
PRJ_0433,Steel Infrastructure Development at Arunachal Pradesh Section Pkg-2,Ministry of Steel,Steel & Heavy Industry,SAIL,Arunachal Pradesh,27.6952,94.5136,2021-02-01,1719.92,2194.62,2022-09-02,2023-12-02,1647.1,20,14,1,Delayed
PRJ_0434,Railways Infrastructure Development at Tamil Nadu Section Pkg-3,Ministry of Railways,Railways,Central Railway,Tamil Nadu,11.3674,79.0476,2021-04-01,629.73,743.08,2023-07-01,2026-12-30,564.02,10,7,2,Delayed
PRJ_0435,Railways Infrastructure Development at Jharkhand Section Pkg-4,Ministry of Railways,Railways,RVNL,Jharkhand,23.0393,,2019-01-01,178.11,191.47,2021-12-31,2022-04-01,182.75,24,22,0,Ongoing
PRJ_0436,Roads Infrastructure Development at Karnataka Section Pkg-5,Ministry of Road Transport & Highways,Roads & Highways,NHIDCL,Karnataka,14.9475,75.8721,2023-02-01,233.11,320.99,2024-09-01,2026-08-02,160.29,19,9,3,Delayed
PRJ_0437,Railways Infrastructure Development at Karnataka Section Pkg-6,Ministry of Railways,Railways,IRCON,Karnataka,14.7409,75.1936,2018-03-01,536.78,637.16,2020-12-29,2022-11-29,539.45,10,8,2,Delayed
PRJ_0438,Roads Infrastructure Development at Kerala Section Pkg-7,Ministry of Road Transport & Highways,Roads & Highways,MoRTH,Kerala,10.624,75.7667,2023-09-01,385.58,443.03,2028-07-01,2028-08-30,113.95,10,2,2,Delayed
PRJ_0439,Roads Infrastructure Development at Tripura Section Pkg-8,Ministry of Road Transport & Highways,Roads & Highways,MoRTH,Tripura,23.484,91.5861,2019-01-01,164.93,166.58,2022-05-02,2022-06-01,127.42,9,7,1,Ongoing
PRJ_0440,Roads Infrastructure Development at Bihar Section Pkg-9,Ministry of Road Transport & Highways,Roads & Highways,MoRTH,Bihar,25.2145,85.4831,2021-12-01,1019.0,1410.3,2024-03-01,2025-05-01,959.73,17,11,3,Delayed
PRJ_0441,Roads Infrastructure Development at Andhra Pradesh Section Pkg-1,Ministry of Road Transport & Highways,Roads & Highways,NHAI,Andhra Pradesh,15.4045,79.5098,2023-12-01,2320.13,2213.4,2028-09-30,2029-08-30,1227.87,13,6,0,Delayed
PRJ_0442,Railways Infrastructure Development at Assam Section Pkg-2,Ministry of Railways,Railways,IRCON,Assam,26.762,93.4528,2021-03-01,465.35,480.71,2025-06-30,2026-05-30,351.05,20,14,2,Delayed
PRJ_0443,Roads Infrastructure Development at Odisha Section Pkg-3,Ministry of Road Transport & Highways,Roads & Highways,NHIDCL,Odisha,20.6474,85.2265,2021-10-01,609.02,870.29,2025-10-31,2027-10-01,509.96,20,11,4,Delayed
PRJ_0444,Roads Infrastructure Development at Jharkhand Section Pkg-4,Ministry of Road Transport & Highways,Roads & Highways,NHAI,Jharkhand,24.1908,85.2516,2021-10-01,349.32,376.22,2025-10-01,2025-12-31,332.52,16,14,1,Ongoing
PRJ_0445,Roads Infrastructure Development at Nagaland Section Pkg-5,Ministry of Road Transport & Highways,Roads & Highways,NHIDCL,Nagaland,25.5749,94.227,2017-04-01,198.67,209.2,2018-11-30,2019-07-31,199.72,19,17,1,Delayed
PRJ_0446,Roads Infrastructure Development at West Bengal Section Pkg-6,Ministry of Road Transport & Highways,Roads & Highways,MoRTH,West Bengal,23.3108,88.1575,2023-08-01,222.55,275.29,2028-07-31,2032-04-30,25.76,10,0,6,Stalled
PRJ_0447,Petroleum Infrastructure Development at Uttarakhand Section Pkg-7,Ministry of Petroleum & Natural Gas,Petroleum & Natural Gas,HPCL,Uttarakhand,29.701,79.1985,2017-04-01,1500.61,2106.86,2022-03-01,2024-03-30,1267.47,15,9,3,Delayed
PRJ_0448,Petroleum Infrastructure Development at Odisha Section Pkg-8,Ministry of Petroleum & Natural Gas,Petroleum & Natural Gas,NRL,Odisha,21.168,84.7764,2020-08-01,1763.03,2387.14,2023-07-02,2026-01-30,411.32,17,2,9,Stalled
PRJ_0449,Water Infrastructure Development at West Bengal Section Pkg-9,"Department of Water Resources, River Development & GR",Water & Sanitation,National Mission for Clean Ganga,West Bengal,22.6113,88.43,2019-09-01,672.79,639.15,2022-03-02,2022-12-31,456.51,20,13,0,Delayed
PRJ_0450,Petroleum Infrastructure Development at Tamil Nadu Section Pkg-1,Ministry of Petroleum & Natural Gas,Petroleum & Natural Gas,ONGC,Tamil Nadu,10.9521,,2018-11-01,514.14,528.54,2023-08-01,2023-10-31,123.18,12,2,2,Ongoing
PRJ_0451,Railways Infrastructure Development at Delhi Section Pkg-2,Ministry of Railways,Railways,Dedicated Freight Corridor Corp,Delhi,28.1155,,2019-07-01,150.0,166.05,2024-05-30,2024-10-29,144.51,19,15,0,Delayed
PRJ_0452,Roads Infrastructure Development at Odisha Section Pkg-3,Ministry of Road Transport & Highways,Roads & Highways,NHAI,Odisha,21.5122,85.3963,2023-04-01,150.0,158.4,2024-12-30,2024-12-30,154.06,22,20,2,Ongoing
PRJ_0453,Roads Infrastructure Development at Assam Section Pkg-4,Ministry of Road Transport & Highways,Roads & Highways,NHIDCL,Assam,25.665,92.4378,2023-06-01,1426.02,1534.4,2026-05-31,2026-06-30,1202.08,13,10,0,Ongoing
PRJ_0454,Roads Infrastructure Development at Maharashtra Section Pkg-5,Ministry of Road Transport & Highways,Roads & Highways,MoRTH,Maharashtra,20.2979,75.7112,2019-02-01,712.27,863.98,2022-08-02,2025-07-02,617.93,14,9,4,Delayed
PRJ_0455,Urban Infrastructure Development at Telangana Section Pkg-6,Ministry of Housing & Urban Affairs,Urban Infrastructure & Metro,MMRDA,Telangana,17.9413,,2016-09-01,160.45,165.91,2020-01-01,2020-07-01,30.79,21,3,1,Delayed
PRJ_0456,Roads Infrastructure Development at Odisha Section Pkg-7,Ministry of Road Transport & Highways,Roads & Highways,MoRTH,Odisha,21.5441,84.9368,2017-11-01,232.7,314.38,2022-10-01,2023-05-02,79.57,16,3,7,Delayed
PRJ_0457,Roads Infrastructure Development at Telangana Section Pkg-8,Ministry of Road Transport & Highways,Roads & Highways,NHIDCL,Telangana,18.2961,79.3803,2016-07-01,782.02,828.94,2018-03-01,2018-07-31,554.98,16,11,1,Delayed
PRJ_0458,Urban Infrastructure Development at Tamil Nadu Section Pkg-9,Ministry of Housing & Urban Affairs,Urban Infrastructure & Metro,PMRCL,Tamil Nadu,11.5512,78.1482,2021-11-01,150.0,149.25,2026-10-01,2027-03-02,131.25,21,17,0,Delayed
PRJ_0459,Roads Infrastructure Development at Karnataka Section Pkg-1,Ministry of Road Transport & Highways,Roads & Highways,NHIDCL,Karnataka,15.8863,75.6624,2018-01-01,733.49,932.27,2022-09-01,2024-01-31,542.48,14,8,1,Delayed
PRJ_0460,Urban Infrastructure Development at Andhra Pradesh Section Pkg-2,Ministry of Housing & Urban Affairs,Urban Infrastructure & Metro,PMRCL,Andhra Pradesh,16.1811,80.0728,2023-02-01,162.18,168.67,2026-07-02,2027-06-01,41.18,9,2,1,Delayed
PRJ_0461,Coal Infrastructure Development at Odisha Section Pkg-3,Ministry of Coal,Coal Mining,Coal India Ltd (CIL),Odisha,20.9843,84.6184,2016-11-01,150.0,145.65,2021-04-02,2021-05-02,65.63,11,5,1,Ongoing
PRJ_0462,Roads Infrastructure Development at Andhra Pradesh Section Pkg-4,Ministry of Road Transport & Highways,Roads & Highways,NHAI,Andhra Pradesh,16.4619,79.197,2016-01-01,9382.97,9570.63,2018-12-31,2018-12-31,2997.82,17,5,0,Ongoing
PRJ_0463,Coal Infrastructure Development at West Bengal Section Pkg-5,Ministry of Coal,Coal Mining,Coal India Ltd (CIL),West Bengal,23.0375,87.403,2021-08-01,2114.72,2159.13,2025-12-31,2026-03-01,1249.77,6,3,1,Ongoing
PRJ_0464,Roads Infrastructure Development at Odisha Section Pkg-6,Ministry of Road Transport & Highways,Roads & Highways,MoRTH,Odisha,20.7139,84.5291,2019-05-01,150.0,183.3,2023-08-30,2025-11-28,127.46,20,13,4,Delayed
PRJ_0465,Roads Infrastructure Development at Telangana Section Pkg-7,Ministry of Road Transport & Highways,Roads & Highways,MoRTH,Telangana,17.7742,78.5428,2023-07-01,204.19,194.8,2026-04-30,2026-09-29,87.69,24,10,1,Delayed
PRJ_0466,Roads Infrastructure Development at Karnataka Section Pkg-8,Ministry of Road Transport & Highways,Roads & Highways,NHAI,Karnataka,15.6967,,2022-08-01,421.92,431.62,2024-03-31,2024-04-30,411.74,15,13,1,Ongoing
PRJ_0467,Roads Infrastructure Development at Telangana Section Pkg-9,Ministry of Road Transport & Highways,Roads & Highways,NHIDCL,Telangana,18.1244,78.966,2016-10-01,1452.92,1551.72,2020-01-01,2020-05-01,1401.09,12,11,1,Delayed
PRJ_0468,Water Infrastructure Development at Madhya Pradesh Section Pkg-1,"Department of Water Resources, River Development & GR",Water & Sanitation,National Mission for Clean Ganga,Madhya Pradesh,22.6414,78.3942,2017-12-01,734.47,813.06,2021-06-01,2022-01-30,257.65,24,7,2,Delayed
PRJ_0469,Roads Infrastructure Development at Uttarakhand Section Pkg-2,Ministry of Road Transport & Highways,Roads & Highways,NHIDCL,Uttarakhand,30.2901,78.9927,2023-04-01,276.36,300.13,2026-05-01,2026-12-30,237.19,23,17,0,Delayed
PRJ_0470,Roads Infrastructure Development at Odisha Section Pkg-3,Ministry of Road Transport & Highways,Roads & Highways,NHAI,Odisha,21.3027,85.1385,2019-08-01,1301.71,1506.08,2021-05-01,2024-11-29,966.05,11,7,2,Delayed
PRJ_0471,Roads Infrastructure Development at Maharashtra Section Pkg-4,Ministry of Road Transport & Highways,Roads & Highways,NHIDCL,Maharashtra,,75.1903,2023-08-01,410.06,532.26,2028-03-31,2030-07-31,334.97,19,11,1,Delayed
PRJ_0472,Roads Infrastructure Development at Uttar Pradesh Section Pkg-5,Ministry of Road Transport & Highways,Roads & Highways,NHIDCL,Uttar Pradesh,26.8791,81.1932,2020-03-01,2767.33,2628.96,2024-04-30,2024-09-29,1898.76,15,10,1,Delayed
PRJ_0473,Roads Infrastructure Development at Meghalaya Section Pkg-6,Ministry of Road Transport & Highways,Roads & Highways,MoRTH,Meghalaya,25.849,,2022-06-01,334.45,329.1,2026-09-30,2026-10-30,145.91,18,7,2,Ongoing
PRJ_0474,Roads Infrastructure Development at Bihar Section Pkg-7,Ministry of Road Transport & Highways,Roads & Highways,MoRTH,Bihar,24.9102,85.7103,2023-01-01,150.0,142.5,2026-07-02,2026-08-31,102.62,14,9,2,Ongoing
PRJ_0475,Roads Infrastructure Development at Gujarat Section Pkg-8,Ministry of Road Transport & Highways,Roads & Highways,NHAI,Gujarat,22.3581,71.1465,2021-02-01,373.02,354.37,2023-09-02,2024-02-01,320.07,9,8,0,Delayed
PRJ_0476,Roads Infrastructure Development at Uttar Pradesh Section Pkg-9,Ministry of Road Transport & Highways,Roads & Highways,MoRTH,Uttar Pradesh,27.3115,80.4174,2021-02-01,447.36,482.7,2024-02-01,2024-05-02,476.34,18,17,1,Ongoing
PRJ_0477,Roads Infrastructure Development at West Bengal Section Pkg-1,Ministry of Road Transport & Highways,Roads & Highways,NHAI,West Bengal,23.2432,87.3047,2016-07-01,2066.88,2203.29,2020-01-30,2020-03-30,2203.29,22,21,0,Ongoing
PRJ_0478,Roads Infrastructure Development at Mizoram Section Pkg-2,Ministry of Road Transport & Highways,Roads & Highways,MoRTH,Mizoram,23.2285,93.2079,2018-08-01,151.34,178.28,2021-04-01,2023-12-01,139.15,7,5,2,Delayed
PRJ_0479,Roads Infrastructure Development at Uttarakhand Section Pkg-3,Ministry of Road Transport & Highways,Roads & Highways,MoRTH,Uttarakhand,29.7767,79.5361,2018-01-01,369.07,457.28,2022-12-01,2023-08-01,380.77,16,12,2,Delayed
PRJ_0480,Railways Infrastructure Development at Rajasthan Section Pkg-4,Ministry of Railways,Railways,IRCON,Rajasthan,26.8144,73.7913,2020-02-01,402.15,472.93,2024-08-01,2025-08-01,384.74,6,4,1,Delayed
PRJ_0481,Airports Infrastructure Development at Madhya Pradesh Section Pkg-5,Ministry of Civil Aviation,Airports & Aviation,Adani Airport Holdings,Madhya Pradesh,22.62,78.7885,2023-11-01,370.97,419.57,2027-01-31,2027-06-01,237.31,11,6,1,Delayed
PRJ_0482,Roads Infrastructure Development at Uttar Pradesh Section Pkg-6,Ministry of Road Transport & Highways,Roads & Highways,NHIDCL,Uttar Pradesh,27.4125,81.4699,2021-11-01,2940.85,3996.62,2023-08-02,2024-07-01,376.06,10,0,8,Delayed
PRJ_0483,Healthcare Infrastructure Development at Bihar Section Pkg-7,Ministry of Labour and Employment,Healthcare & ESIC,CPWD,Bihar,25.3127,85.2219,2018-03-01,760.44,804.55,2021-09-29,2023-05-30,592.79,22,16,0,Delayed
PRJ_0484,Coal Infrastructure Development at Maharashtra Section Pkg-8,Ministry of Coal,Coal Mining,MCL,Maharashtra,20.0017,76.3032,2017-01-01,2241.39,2266.05,2020-04-02,2020-12-31,1612.97,6,4,2,Delayed
PRJ_0485,Petroleum Infrastructure Development at Chhattisgarh Section Pkg-9,Ministry of Petroleum & Natural Gas,Petroleum & Natural Gas,HPCL,Chhattisgarh,21.4008,82.4085,2020-12-01,352.54,411.06,2024-12-01,2025-05-02,386.07,20,17,0,Delayed
PRJ_0486,Roads Infrastructure Development at Nagaland Section Pkg-1,Ministry of Road Transport & Highways,Roads & Highways,NHIDCL,Nagaland,25.6697,94.8977,2016-11-01,240.46,292.88,2020-08-01,2022-03-02,137.27,22,9,3,Delayed
PRJ_0487,Railways Infrastructure Development at Uttar Pradesh Section Pkg-2,Ministry of Railways,Railways,Dedicated Freight Corridor Corp,Uttar Pradesh,26.2986,80.7949,2021-05-01,186.6,256.39,2023-10-31,2024-11-29,136.05,14,7,5,Delayed
PRJ_0488,Roads Infrastructure Development at Delhi Section Pkg-3,Ministry of Road Transport & Highways,Roads & Highways,NHIDCL,Delhi,28.7833,76.9288,2023-12-01,150.0,202.35,2026-05-01,2030-06-30,134.44,24,16,3,Delayed
PRJ_0489,Power Infrastructure Development at Karnataka Section Pkg-4,Ministry of Power,Power Transmission & Generation,THDC,Karnataka,15.7138,75.5124,2017-01-01,2079.17,2226.79,2019-10-02,2020-06-01,1891.94,19,16,1,Delayed
PRJ_0490,Roads Infrastructure Development at Uttarakhand Section Pkg-5,Ministry of Road Transport & Highways,Roads & Highways,NHAI,Uttarakhand,29.9199,79.2699,2017-09-01,745.41,790.88,2019-10-01,2020-01-30,336.09,23,10,0,Delayed
PRJ_0491,Roads Infrastructure Development at Madhya Pradesh Section Pkg-6,Ministry of Road Transport & Highways,Roads & Highways,NHAI,Madhya Pradesh,22.738,78.3479,2016-07-01,318.11,337.83,2019-01-30,2019-07-01,129.38,6,2,1,Delayed
PRJ_0492,Roads Infrastructure Development at Tripura Section Pkg-7,Ministry of Road Transport & Highways,Roads & Highways,MoRTH,Tripura,24.2842,91.6419,2019-07-01,1143.63,1290.01,2021-02-28,2021-07-30,1094.2,20,16,2,Delayed
PRJ_0493,Roads Infrastructure Development at Tamil Nadu Section Pkg-8,Ministry of Road Transport & Highways,Roads & Highways,NHIDCL,Tamil Nadu,11.4748,79.0758,2019-04-01,686.61,895.34,2023-09-30,2025-12-29,582.25,7,4,2,Delayed
PRJ_0494,Roads Infrastructure Development at Sikkim Section Pkg-9,Ministry of Road Transport & Highways,Roads & Highways,NHIDCL,Sikkim,27.8159,88.241,2019-06-01,2091.28,2614.1,2023-03-01,2024-09-29,1794.5,14,9,1,Delayed
PRJ_0495,Steel Infrastructure Development at Maharashtra Section Pkg-1,Ministry of Steel,Steel & Heavy Industry,SAIL,Maharashtra,20.1101,75.9272,2021-11-01,1347.52,1714.05,2025-01-31,2026-06-02,681.57,10,3,1,Delayed
PRJ_0496,Water Infrastructure Development at Bihar Section Pkg-2,"Department of Water Resources, River Development & GR",Water & Sanitation,Water Resources Dept,Bihar,24.7687,84.959,2021-07-01,4883.71,5630.92,2025-07-31,2025-11-29,5553.13,19,17,0,Delayed
PRJ_0497,Water Infrastructure Development at Haryana Section Pkg-3,"Department of Water Resources, River Development & GR",Water & Sanitation,National Mission for Clean Ganga,Haryana,,75.9754,2016-11-01,835.52,873.95,2019-09-01,2019-10-01,839.07,8,7,1,Ongoing
PRJ_0498,Healthcare Infrastructure Development at Himachal Pradesh Section Pkg-4,Ministry of Health & Family Welfare,Healthcare Infrastructure,CPWD,Himachal Pradesh,31.6575,77.2567,2022-01-01,288.04,296.97,2024-04-01,2025-04-01,248.05,22,19,1,Delayed
PRJ_0499,Roads Infrastructure Development at Himachal Pradesh Section Pkg-5,Ministry of Road Transport & Highways,Roads & Highways,NHAI,Himachal Pradesh,31.2301,77.4972,2016-09-01,162.17,200.93,2019-03-03,2020-04-01,184.21,19,17,1,Delayed
PRJ_0500,Power Infrastructure Development at Gujarat Section Pkg-6,Ministry of Power,Power Transmission & Generation,SJVN,Gujarat,21.7304,71.2339,2016-09-01,462.81,575.74,2020-03-02,2023-10-01,158.34,16,4,4,Stalled
PRJ_0501,Coal Infrastructure Development at Maharashtra Section Pkg-7,Ministry of Coal,Coal Mining,ECL,Maharashtra,19.6604,75.1221,2023-06-01,578.13,564.83,2027-05-01,2027-08-30,418.22,16,12,0,Delayed
PRJ_0502,Roads Infrastructure Development at Uttarakhand Section Pkg-8,Ministry of Road Transport & Highways,Roads & Highways,NHIDCL,Uttarakhand,30.0096,78.8724,2023-08-01,310.04,342.59,2027-01-30,2027-11-30,329.71,21,19,1,Delayed
PRJ_0503,Railways Infrastructure Development at Haryana Section Pkg-9,Ministry of Railways,Railways,Central Railway,Haryana,28.8116,76.49,2020-11-01,584.93,955.19,2024-06-01,2025-08-01,744.04,13,10,2,Delayed
PRJ_0504,Coal Infrastructure Development at Chhattisgarh Section Pkg-1,Ministry of Coal,Coal Mining,SCCL,Chhattisgarh,21.5311,81.7342,2018-10-01,207.9,213.1,2022-03-01,2022-03-01,103.74,7,3,0,Ongoing
PRJ_0505,Roads Infrastructure Development at Jammu & Kashmir Section Pkg-2,Ministry of Road Transport & Highways,Roads & Highways,NHIDCL,Jammu & Kashmir,33.9867,76.6739,2018-09-01,1501.86,1477.83,2023-09-01,2023-10-01,1330.32,19,16,1,Ongoing
PRJ_0506,Roads Infrastructure Development at Jammu & Kashmir Section Pkg-3,Ministry of Road Transport & Highways,Roads & Highways,NHAI,Jammu & Kashmir,,77.0037,2016-11-01,590.16,618.49,2021-05-02,2022-10-01,488.99,16,12,2,Delayed
PRJ_0507,Coal Infrastructure Development at Assam Section Pkg-4,Ministry of Coal,Coal Mining,Coal India Ltd (CIL),Assam,26.3031,92.7246,2019-03-01,269.31,365.72,2021-01-29,2022-07-30,310.83,16,13,3,Delayed
PRJ_0508,Roads Infrastructure Development at Assam Section Pkg-5,Ministry of Road Transport & Highways,Roads & Highways,NHIDCL,Assam,26.5488,92.4866,2022-06-01,2199.79,2347.18,2024-09-30,2024-11-29,2150.71,12,11,1,Ongoing
PRJ_0509,Roads Infrastructure Development at Telangana Section Pkg-6,Ministry of Road Transport & Highways,Roads & Highways,NHIDCL,Telangana,18.3665,78.6903,2017-12-01,990.19,1223.87,2021-07-01,2022-09-30,1042.21,22,19,3,Delayed
PRJ_0510,Roads Infrastructure Development at Madhya Pradesh Section Pkg-7,Ministry of Road Transport & Highways,Roads & Highways,NHIDCL,Madhya Pradesh,23.1404,78.31,2016-12-01,803.8,987.07,2021-03-02,2022-05-02,813.28,21,16,4,Delayed
PRJ_0511,Coal Infrastructure Development at Odisha Section Pkg-8,Ministry of Coal,Coal Mining,Coal India Ltd (CIL),Odisha,,85.6393,2017-01-01,150.65,156.83,2021-12-01,2021-12-31,117.5,9,6,1,Ongoing
PRJ_0512,Roads Infrastructure Development at Maharashtra Section Pkg-9,Ministry of Road Transport & Highways,Roads & Highways,MoRTH,Maharashtra,19.6586,75.8728,2017-07-01,150.0,171.3,2021-12-30,2021-12-30,79.21,11,4,2,Delayed
PRJ_0513,Roads Infrastructure Development at Andhra Pradesh Section Pkg-1,Ministry of Road Transport & Highways,Roads & Highways,MoRTH,Andhra Pradesh,15.6546,79.7421,2016-06-01,323.15,373.88,2019-08-01,2019-08-31,170.12,23,10,0,Delayed
PRJ_0514,Roads Infrastructure Development at Uttarakhand Section Pkg-2,Ministry of Road Transport & Highways,Roads & Highways,MoRTH,Uttarakhand,29.6245,79.0061,2022-06-01,216.28,213.25,2026-09-30,2026-09-30,201.04,6,5,2,Ongoing
PRJ_0515,Roads Infrastructure Development at Delhi Section Pkg-3,Ministry of Road Transport & Highways,Roads & Highways,MoRTH,Delhi,28.4101,76.9806,2023-07-01,150.0,189.0,2026-10-30,2028-06-29,122.38,20,12,5,Delayed
PRJ_0516,Roads Infrastructure Development at Uttarakhand Section Pkg-4,Ministry of Road Transport & Highways,Roads & Highways,NHIDCL,Uttarakhand,29.474,78.5607,2023-05-01,3237.63,3376.85,2027-12-30,2028-04-29,1725.03,12,6,0,Delayed
PRJ_0517,Roads Infrastructure Development at Madhya Pradesh Section Pkg-5,Ministry of Road Transport & Highways,Roads & Highways,NHAI,Madhya Pradesh,22.7368,,2018-05-01,484.05,472.43,2021-08-30,2022-04-30,139.41,16,4,1,Delayed
PRJ_0518,Educational Infrastructure Development at Gujarat Section Pkg-6,Department of Higher Education,Educational Infrastructure,NIT,Gujarat,22.4298,71.5339,2018-10-01,760.01,880.09,2023-03-02,2024-10-30,212.79,21,4,12,Stalled
PRJ_0519,Roads Infrastructure Development at Andhra Pradesh Section Pkg-7,Ministry of Road Transport & Highways,Roads & Highways,MoRTH,Andhra Pradesh,15.8116,80.2365,2021-10-01,1382.27,1513.59,2026-03-02,2027-05-02,378.27,8,1,2,Delayed
PRJ_0520,Roads Infrastructure Development at Maharashtra Section Pkg-8,Ministry of Road Transport & Highways,Roads & Highways,NHAI,Maharashtra,19.402,76.2997,2020-03-01,1754.36,2347.33,2021-10-30,2022-10-30,836.55,14,4,4,Delayed
PRJ_0521,Roads Infrastructure Development at Himachal Pradesh Section Pkg-9,Ministry of Road Transport & Highways,Roads & Highways,NHAI,Himachal Pradesh,31.1822,77.1283,2016-01-01,817.57,981.9,2017-12-31,2019-06-01,737.08,12,9,2,Delayed
PRJ_0522,Roads Infrastructure Development at Madhya Pradesh Section Pkg-1,Ministry of Road Transport & Highways,Roads & Highways,NHAI,Madhya Pradesh,23.2344,,2018-09-01,190.56,208.47,2021-05-02,2021-06-01,84.15,12,4,2,Delayed
PRJ_0523,Steel Infrastructure Development at Assam Section Pkg-2,Ministry of Steel,Steel & Heavy Industry,RINL,Assam,25.8105,93.3968,2018-12-01,1144.17,1599.55,2023-08-31,2025-03-31,1150.85,12,8,2,Delayed
PRJ_0524,Roads Infrastructure Development at Maharashtra Section Pkg-3,Ministry of Road Transport & Highways,Roads & Highways,MoRTH,Maharashtra,19.9922,75.7026,2020-04-01,3194.12,3034.41,2022-05-01,2022-07-31,2493.06,7,5,0,Ongoing
PRJ_0525,Railways Infrastructure Development at Arunachal Pradesh Section Pkg-4,Ministry of Railways,Railways,RVNL,Arunachal Pradesh,,95.0278,2016-08-01,407.62,477.73,2018-12-01,2020-08-31,317.41,12,8,2,Delayed
PRJ_0526,Roads Infrastructure Development at Chhattisgarh Section Pkg-5,Ministry of Road Transport & Highways,Roads & Highways,NHAI,Chhattisgarh,21.1158,81.6619,2018-03-01,415.39,524.22,2019-08-30,2021-10-29,129.1,20,4,5,Stalled
PRJ_0527,Power Infrastructure Development at Odisha Section Pkg-6,Ministry of Power,Power Transmission & Generation,PGCIL,Odisha,,,2023-05-01,860.78,904.68,2025-02-28,2025-02-28,764.39,16,12,0,Ongoing
PRJ_0528,Railways Infrastructure Development at Karnataka Section Pkg-7,Ministry of Railways,Railways,IRCON,Karnataka,14.7878,76.2575,2020-01-01,150.0,144.6,2024-03-01,2024-04-30,36.14,13,3,2,Ongoing
PRJ_0529,Roads Infrastructure Development at Madhya Pradesh Section Pkg-8,Ministry of Road Transport & Highways,Roads & Highways,NHIDCL,Madhya Pradesh,22.7726,78.2503,2023-04-01,1174.54,1287.3,2026-11-30,2027-07-01,1007.0,6,4,0,Delayed
PRJ_0530,Railways Infrastructure Development at Jammu & Kashmir Section Pkg-9,Ministry of Railways,Railways,Central Railway,Jammu & Kashmir,33.6184,76.8898,2016-04-01,802.09,1174.26,2020-10-31,2022-01-30,723.03,7,4,3,Delayed
PRJ_0531,Coal Infrastructure Development at Uttar Pradesh Section Pkg-1,Ministry of Coal,Coal Mining,SCCL,Uttar Pradesh,26.3472,,2019-11-01,160.12,158.2,2023-09-01,2023-12-01,38.73,13,2,1,Ongoing
PRJ_0532,Railways Infrastructure Development at Kerala Section Pkg-2,Ministry of Railways,Railways,Central Railway,Kerala,11.1716,76.8269,2016-02-01,658.03,690.93,2017-09-01,2018-03-02,514.8,18,13,0,Delayed
PRJ_0533,Roads Infrastructure Development at Goa Section Pkg-3,Ministry of Road Transport & Highways,Roads & Highways,NHAI,Goa,15.2987,73.7985,2017-06-01,3684.54,4841.49,2022-06-01,2022-12-31,771.69,12,1,1,Delayed
PRJ_0534,Roads Infrastructure Development at Madhya Pradesh Section Pkg-4,Ministry of Road Transport & Highways,Roads & Highways,NHAI,Madhya Pradesh,22.6302,78.927,2018-01-01,1303.9,1283.04,2020-07-02,2020-08-01,452.29,17,6,0,Ongoing
PRJ_0535,Roads Infrastructure Development at Karnataka Section Pkg-5,Ministry of Road Transport & Highways,Roads & Highways,MoRTH,Karnataka,14.7693,75.498,2017-11-01,275.99,312.14,2020-10-01,2020-11-30,312.03,22,21,1,Delayed
PRJ_0536,Industrial Infrastructure Development at Tamil Nadu Section Pkg-6,Department for Promotion of Industry & Internal Trade,Industrial Parks & SEZ,GIDC,Tamil Nadu,10.8217,78.4964,2016-10-01,970.24,1235.12,2019-08-01,2022-05-01,434.55,20,7,9,Delayed
PRJ_0537,Roads Infrastructure Development at Maharashtra Section Pkg-7,Ministry of Road Transport & Highways,Roads & Highways,NHAI,Maharashtra,19.2721,75.7812,2022-03-01,284.45,406.48,2023-12-30,2024-07-30,378.09,21,19,2,Delayed
PRJ_0538,Roads Infrastructure Development at Manipur Section Pkg-8,Ministry of Road Transport & Highways,Roads & Highways,NHAI,Manipur,24.5148,94.2336,2018-02-01,2140.25,2416.34,2022-07-03,2022-07-03,1622.99,9,5,2,Delayed
PRJ_0539,Roads Infrastructure Development at Madhya Pradesh Section Pkg-9,Ministry of Road Transport & Highways,Roads & Highways,NHAI,Madhya Pradesh,23.175,79.1094,2016-11-01,1690.94,1799.16,2020-06-01,2020-07-31,1573.86,12,10,1,Ongoing
PRJ_0540,Power Infrastructure Development at Assam Section Pkg-1,Ministry of Power,Power Transmission & Generation,SJVN,Assam,26.0497,,2022-10-01,1382.64,1460.07,2027-10-01,2028-03-01,253.02,7,1,0,Delayed
PRJ_0541,Telecommunications Infrastructure Development at Manipur Section Pkg-2,Department of Telecommunications,Telecommunications,RailTel,Manipur,25.176,94.026,2016-02-01,712.74,793.99,2019-07-02,2020-03-01,151.66,12,2,2,Delayed
PRJ_0542,Coal Infrastructure Development at Mizoram Section Pkg-3,Ministry of Coal,Coal Mining,SCCL,Mizoram,23.0997,92.3437,2023-11-01,566.84,601.42,2026-10-31,2028-01-30,582.0,9,8,1,Delayed
PRJ_0543,Roads Infrastructure Development at Maharashtra Section Pkg-4,Ministry of Road Transport & Highways,Roads & Highways,NHAI,Maharashtra,19.9407,76.015,2022-12-01,1860.71,1810.47,2026-03-02,2026-08-31,1645.56,10,8,2,Delayed
PRJ_0544,Roads Infrastructure Development at Uttarakhand Section Pkg-5,Ministry of Road Transport & Highways,Roads & Highways,NHIDCL,Uttarakhand,30.162,79.4618,2018-03-01,568.58,781.8,2020-02-29,2023-07-30,648.82,21,16,4,Delayed
PRJ_0545,Roads Infrastructure Development at Punjab Section Pkg-6,Ministry of Road Transport & Highways,Roads & Highways,NHIDCL,Punjab,,75.453,2022-12-01,1905.9,2904.59,2027-08-31,2030-08-30,1446.41,21,10,1,Delayed
PRJ_0546,Roads Infrastructure Development at Jharkhand Section Pkg-7,Ministry of Road Transport & Highways,Roads & Highways,NHIDCL,Jharkhand,23.3266,85.1691,2017-03-01,1164.35,1111.95,2021-03-01,2021-03-31,1071.43,11,10,1,Ongoing
PRJ_0547,Roads Infrastructure Development at Uttarakhand Section Pkg-8,Ministry of Road Transport & Highways,Roads & Highways,NHAI,Uttarakhand,30.2533,79.1577,2017-11-01,301.4,300.8,2019-07-02,2019-08-31,222.06,20,13,2,Ongoing
PRJ_0548,Roads Infrastructure Development at Puducherry Section Pkg-9,Ministry of Road Transport & Highways,Roads & Highways,NHAI,Puducherry,11.4001,80.3975,2018-04-01,150.0,168.0,2022-03-01,2023-07-01,79.65,21,9,7,Delayed
PRJ_0549,Coal Infrastructure Development at Andhra Pradesh Section Pkg-1,Ministry of Coal,Coal Mining,SECL,Andhra Pradesh,15.5521,79.5546,2018-03-01,1140.26,1215.52,2021-09-29,2022-03-30,404.48,21,6,0,Delayed
PRJ_0550,Railways Infrastructure Development at Jammu & Kashmir Section Pkg-2,Ministry of Railways,Railways,Central Railway,Jammu & Kashmir,34.1169,76.4531,2019-07-01,1242.7,1711.2,2024-04-30,2025-02-28,1387.53,9,7,2,Delayed
PRJ_0551,Coal Infrastructure Development at Uttarakhand Section Pkg-3,Ministry of Coal,Coal Mining,WCL,Uttarakhand,29.8718,79.4006,2022-07-01,612.85,597.53,2023-12-30,2024-03-30,562.28,16,14,2,Ongoing
PRJ_0552,Railways Infrastructure Development at Andhra Pradesh Section Pkg-4,Ministry of Railways,Railways,Central Railway,Andhra Pradesh,15.4524,80.0736,2022-01-01,458.11,676.17,2024-06-01,2028-01-31,251.08,10,3,6,Delayed
PRJ_0553,Roads Infrastructure Development at Chhattisgarh Section Pkg-5,Ministry of Road Transport & Highways,Roads & Highways,NHAI,Chhattisgarh,21.6655,81.4578,2019-11-01,535.13,508.37,2024-08-31,2025-01-30,152.48,22,6,2,Delayed
PRJ_0554,Roads Infrastructure Development at Assam Section Pkg-6,Ministry of Road Transport & Highways,Roads & Highways,NHIDCL,Assam,26.533,93.2086,2023-02-01,1237.85,1383.92,2025-04-02,2025-04-02,1081.13,21,16,0,Delayed
PRJ_0555,Roads Infrastructure Development at Gujarat Section Pkg-7,Ministry of Road Transport & Highways,Roads & Highways,NHAI,Gujarat,22.6752,71.0024,2020-07-01,1142.9,1517.77,2022-07-01,2023-11-30,1293.28,19,16,3,Delayed
PRJ_0556,Roads Infrastructure Development at Karnataka Section Pkg-8,Ministry of Road Transport & Highways,Roads & Highways,NHIDCL,Karnataka,15.7234,76.1727,2021-12-01,1194.84,1603.48,2026-10-01,2028-11-30,736.23,14,6,5,Delayed
PRJ_0557,Roads Infrastructure Development at Jharkhand Section Pkg-9,Ministry of Road Transport & Highways,Roads & Highways,NHIDCL,Jharkhand,24.0173,85.7994,2020-03-01,1284.6,1786.88,2023-08-31,2024-12-30,865.71,13,6,7,Delayed
PRJ_0558,Roads Infrastructure Development at Chhattisgarh Section Pkg-1,Ministry of Road Transport & Highways,Roads & Highways,NHAI,Chhattisgarh,,82.3596,2022-10-01,223.67,232.17,2026-10-01,2026-10-31,79.11,6,2,0,Ongoing
PRJ_0559,Roads Infrastructure Development at Andhra Pradesh Section Pkg-2,Ministry of Road Transport & Highways,Roads & Highways,NHIDCL,Andhra Pradesh,15.4985,79.5752,2019-04-01,412.02,583.83,2021-10-30,2024-10-29,336.78,22,12,10,Delayed
PRJ_0560,Roads Infrastructure Development at Andhra Pradesh Section Pkg-3,Ministry of Road Transport & Highways,Roads & Highways,NHAI,Andhra Pradesh,15.9298,79.4134,2023-05-01,1336.17,1590.04,2026-12-30,2029-04-30,422.81,11,3,3,Stalled
PRJ_0561,Coal Infrastructure Development at Rajasthan Section Pkg-4,Ministry of Coal,Coal Mining,WCL,Rajasthan,27.1959,74.2756,2023-10-01,705.35,699.0,2027-01-30,2027-01-30,568.84,7,5,0,Ongoing
PRJ_0562,Roads Infrastructure Development at Jharkhand Section Pkg-5,Ministry of Road Transport & Highways,Roads & Highways,NHIDCL,Jharkhand,23.6056,85.6021,2021-03-01,4428.18,4826.72,2023-05-01,2023-05-31,4179.1,23,19,1,Delayed
PRJ_0563,Roads Infrastructure Development at Punjab Section Pkg-6,Ministry of Road Transport & Highways,Roads & Highways,NHIDCL,Punjab,31.2225,75.094,2023-03-01,398.55,515.33,2026-04-30,2027-08-30,360.56,16,11,5,Delayed
PRJ_0564,Roads Infrastructure Development at Andhra Pradesh Section Pkg-7,Ministry of Road Transport & Highways,Roads & Highways,MoRTH,Andhra Pradesh,15.5204,79.5411,2017-02-01,349.2,331.74,2019-10-03,2019-10-03,331.74,13,12,0,Ongoing
PRJ_0565,Roads Infrastructure Development at Jharkhand Section Pkg-8,Ministry of Road Transport & Highways,Roads & Highways,NHIDCL,Jharkhand,23.0143,85.0495,2018-06-01,498.97,546.37,2023-04-01,2023-08-31,222.07,8,3,1,Delayed
PRJ_0566,Roads Infrastructure Development at West Bengal Section Pkg-9,Ministry of Road Transport & Highways,Roads & Highways,MoRTH,West Bengal,,87.7732,2020-12-01,1364.27,1833.58,2025-08-01,2027-03-02,1321.95,20,13,6,Delayed
PRJ_0567,Petroleum Infrastructure Development at Maharashtra Section Pkg-1,Ministry of Petroleum & Natural Gas,Petroleum & Natural Gas,GAIL,Maharashtra,19.4719,76.1592,2017-09-01,630.77,599.23,2019-10-01,2019-11-30,489.09,9,7,2,Ongoing
PRJ_0568,Roads Infrastructure Development at Assam Section Pkg-2,Ministry of Road Transport & Highways,Roads & Highways,NHIDCL,Assam,25.9531,92.4109,2020-08-01,1926.84,1919.13,2024-09-30,2024-11-29,359.27,13,2,0,Ongoing
PRJ_0569,Water Infrastructure Development at Rajasthan Section Pkg-3,"Department of Water Resources, River Development & GR",Water & Sanitation,Water Resources Dept,Rajasthan,26.4348,74.4345,2021-02-01,447.16,483.83,2024-11-01,2024-12-31,136.74,18,4,2,Delayed
PRJ_0570,Roads Infrastructure Development at Madhya Pradesh Section Pkg-4,Ministry of Road Transport & Highways,Roads & Highways,NHIDCL,Madhya Pradesh,22.9747,79.0254,2017-07-01,2209.41,2098.94,2020-03-01,2020-07-31,795.65,7,2,2,Delayed
PRJ_0571,Roads Infrastructure Development at Jharkhand Section Pkg-5,Ministry of Road Transport & Highways,Roads & Highways,NHAI,Jharkhand,24.049,85.1053,2017-07-01,150.0,194.7,2022-03-01,2022-07-31,113.12,8,4,2,Delayed
PRJ_0572,Roads Infrastructure Development at Puducherry Section Pkg-6,Ministry of Road Transport & Highways,Roads & Highways,MoRTH,Puducherry,11.8038,79.6666,2023-10-01,2983.83,4425.02,2028-03-31,2029-02-28,2476.15,21,11,9,Delayed
PRJ_0573,Coal Infrastructure Development at Bihar Section Pkg-7,Ministry of Coal,Coal Mining,SCCL,Bihar,25.5345,84.8785,2019-03-01,3743.43,3900.65,2023-05-31,2023-10-30,759.03,24,4,0,Delayed
PRJ_0574,Urban Infrastructure Development at Uttarakhand Section Pkg-8,Ministry of Housing & Urban Affairs,Urban Infrastructure & Metro,MahaMetro,Uttarakhand,30.6378,78.8977,2022-12-01,1257.26,1731.25,2024-09-30,2026-10-30,576.77,23,8,6,Delayed
PRJ_0575,Airports Infrastructure Development at Maharashtra Section Pkg-9,Ministry of Civil Aviation,Airports & Aviation,AAI,Maharashtra,20.2575,75.7808,2021-09-01,484.19,641.55,2026-07-02,2027-12-01,426.05,18,12,2,Delayed
PRJ_0576,Roads Infrastructure Development at Karnataka Section Pkg-1,Ministry of Road Transport & Highways,Roads & Highways,NHAI,Karnataka,14.7872,75.4044,2018-03-01,604.56,760.54,2022-01-29,2024-04-29,283.53,18,6,10,Delayed
PRJ_0577,Roads Infrastructure Development at Odisha Section Pkg-2,Ministry of Road Transport & Highways,Roads & Highways,MoRTH,Odisha,21.2947,,2023-11-01,349.47,414.82,2027-04-01,2029-03-31,286.14,6,3,1,Delayed
PRJ_0578,Roads Infrastructure Development at Kerala Section Pkg-3,Ministry of Road Transport & Highways,Roads & Highways,NHIDCL,Kerala,10.8567,75.7747,2022-02-01,456.88,692.17,2024-03-02,2026-11-01,424.57,21,12,7,Delayed
PRJ_0579,Roads Infrastructure Development at Telangana Section Pkg-4,Ministry of Road Transport & Highways,Roads & Highways,NHAI,Telangana,17.904,78.9135,2022-05-01,1017.87,1108.46,2024-10-30,2025-06-30,813.78,12,8,1,Delayed
PRJ_0580,Airports Infrastructure Development at Haryana Section Pkg-5,Ministry of Civil Aviation,Airports & Aviation,Adani Airport Holdings,Haryana,28.5956,,2017-09-01,288.14,411.75,2020-10-31,2021-07-01,123.85,11,3,7,Delayed
PRJ_0581,Roads Infrastructure Development at Gujarat Section Pkg-6,Ministry of Road Transport & Highways,Roads & Highways,NHAI,Gujarat,22.1535,71.3059,2018-06-01,391.55,399.77,2019-12-31,2020-06-30,335.32,20,15,1,Delayed
PRJ_0582,Roads Infrastructure Development at Uttarakhand Section Pkg-7,Ministry of Road Transport & Highways,Roads & Highways,MoRTH,Uttarakhand,29.7903,78.9405,2017-10-01,722.43,746.27,2020-05-01,2020-05-01,389.22,24,12,1,Ongoing
PRJ_0583,Roads Infrastructure Development at Uttarakhand Section Pkg-8,Ministry of Road Transport & Highways,Roads & Highways,MoRTH,Uttarakhand,30.1607,78.9296,2017-08-01,150.0,208.5,2021-08-31,2022-04-01,53.69,12,2,8,Delayed
PRJ_0584,Roads Infrastructure Development at Assam Section Pkg-9,Ministry of Road Transport & Highways,Roads & Highways,NHIDCL,Assam,26.6707,92.448,2021-05-01,1916.0,2500.38,2024-02-29,2025-09-29,2087.91,23,20,2,Delayed
PRJ_0585,Railways Infrastructure Development at Assam Section Pkg-1,Ministry of Railways,Railways,Central Railway,Assam,25.6934,93.4356,2023-09-01,581.7,595.66,2028-01-31,2028-03-01,444.29,22,15,2,Ongoing
PRJ_0586,Water Infrastructure Development at Madhya Pradesh Section Pkg-2,"Department of Water Resources, River Development & GR",Water & Sanitation,CPWD,Madhya Pradesh,22.8947,78.4507,2023-01-01,793.83,850.99,2026-01-31,2026-12-31,801.6,16,14,1,Delayed
PRJ_0587,Roads Infrastructure Development at Maharashtra Section Pkg-3,Ministry of Road Transport & Highways,Roads & Highways,NHIDCL,Maharashtra,19.6148,75.7797,2016-11-01,483.47,633.35,2019-10-02,2020-01-31,200.27,24,7,0,Delayed
PRJ_0588,Railways Infrastructure Development at Uttarakhand Section Pkg-4,Ministry of Railways,Railways,Central Railway,Uttarakhand,30.4037,79.0835,2018-12-01,150.0,189.0,2021-10-31,2023-07-01,160.64,15,11,2,Delayed
PRJ_0589,Educational Infrastructure Development at Nagaland Section Pkg-5,Department of Higher Education,Educational Infrastructure,NIT,Nagaland,25.7003,94.0095,2019-11-01,241.22,248.46,2024-08-31,2025-07-31,192.46,13,9,1,Delayed
PRJ_0590,Roads Infrastructure Development at Jharkhand Section Pkg-6,Ministry of Road Transport & Highways,Roads & Highways,MoRTH,Jharkhand,23.2888,84.8178,2021-08-01,325.35,340.64,2023-10-31,2024-04-30,299.91,18,15,1,Delayed
PRJ_0591,Airports Infrastructure Development at Uttar Pradesh Section Pkg-7,Ministry of Civil Aviation,Airports & Aviation,Adani Airport Holdings,Uttar Pradesh,26.8923,81.2148,2022-10-01,302.64,308.09,2026-10-01,2026-12-31,176.86,19,10,1,Ongoing
PRJ_0592,Roads Infrastructure Development at Gujarat Section Pkg-8,Ministry of Road Transport & Highways,Roads & Highways,NHAI,Gujarat,22.651,71.0838,2022-04-01,159.32,159.16,2025-11-30,2026-01-29,42.61,9,2,0,Ongoing
PRJ_0593,Roads Infrastructure Development at Himachal Pradesh Section Pkg-9,Ministry of Road Transport & Highways,Roads & Highways,NHAI,Himachal Pradesh,30.7768,76.8747,2022-01-01,150.0,218.4,2024-10-31,2026-07-01,193.01,23,20,2,Delayed
PRJ_0594,Railways Infrastructure Development at Bihar Section Pkg-1,Ministry of Railways,Railways,Central Railway,Bihar,24.8001,84.9067,2016-04-01,716.39,914.11,2019-05-02,2020-05-01,465.49,18,8,6,Delayed
PRJ_0595,Petroleum Infrastructure Development at Telangana Section Pkg-2,Ministry of Petroleum & Natural Gas,Petroleum & Natural Gas,HPCL,Telangana,,79.4366,2022-07-01,350.5,489.3,2026-10-30,2028-01-29,412.53,23,18,4,Delayed
PRJ_0596,Coal Infrastructure Development at Arunachal Pradesh Section Pkg-3,Ministry of Coal,Coal Mining,SCCL,Arunachal Pradesh,27.6632,94.6918,2022-05-01,595.85,570.23,2026-12-30,2027-04-30,322.65,9,4,0,Delayed
PRJ_0597,Educational Infrastructure Development at Maharashtra Section Pkg-4,Department of Higher Education,Educational Infrastructure,CPWD,Maharashtra,20.1457,75.6309,2020-06-01,902.0,1043.61,2022-07-01,2022-11-30,1033.86,7,6,0,Delayed
PRJ_0598,Railways Infrastructure Development at Telangana Section Pkg-5,Ministry of Railways,Railways,Central Railway,Telangana,18.5203,78.7931,2020-12-01,323.44,315.35,2022-09-01,2022-10-31,251.27,11,8,1,Ongoing
PRJ_0599,Roads Infrastructure Development at Jammu & Kashmir Section Pkg-6,Ministry of Road Transport & Highways,Roads & Highways,NHAI,Jammu & Kashmir,33.6371,76.2394,2022-08-01,1197.07,1273.68,2026-04-01,2027-06-01,1020.77,19,14,5,Delayed
PRJ_0600,Educational Infrastructure Development at Gujarat Section Pkg-7,Department of Higher Education,Educational Infrastructure,CPWD,Gujarat,22.4431,71.3088,2017-11-01,1059.22,1142.9,2019-12-01,2019-12-31,620.61,17,8,2,Ongoing
PRJ_0601,Roads Infrastructure Development at Rajasthan Section Pkg-8,Ministry of Road Transport & Highways,Roads & Highways,NHAI,Rajasthan,27.225,,2018-04-01,1492.84,1733.19,2021-07-01,2023-07-31,1376.85,19,15,1,Delayed
PRJ_0602,Railways Infrastructure Development at Jharkhand Section Pkg-9,Ministry of Railways,Railways,RVNL,Jharkhand,24.1545,85.0331,2021-02-01,175.78,223.94,2024-03-03,2025-09-01,161.64,9,6,1,Delayed
PRJ_0603,Roads Infrastructure Development at Madhya Pradesh Section Pkg-1,Ministry of Road Transport & Highways,Roads & Highways,NHAI,Madhya Pradesh,22.438,78.9694,2022-01-01,334.36,375.15,2025-01-31,2025-01-31,322.22,13,10,0,Delayed
PRJ_0604,Roads Infrastructure Development at Chhattisgarh Section Pkg-2,Ministry of Road Transport & Highways,Roads & Highways,NHAI,Chhattisgarh,21.2405,81.5461,2020-09-01,477.29,483.49,2025-09-01,2026-04-02,388.07,16,12,2,Delayed
PRJ_0605,Roads Infrastructure Development at Karnataka Section Pkg-3,Ministry of Road Transport & Highways,Roads & Highways,MoRTH,Karnataka,15.6726,76.3059,2023-10-01,1537.2,1966.08,2026-11-30,2029-06-30,1466.47,18,13,1,Delayed
PRJ_0606,Coal Infrastructure Development at Rajasthan Section Pkg-4,Ministry of Coal,Coal Mining,WCL,Rajasthan,27.5657,74.4937,2017-02-01,818.5,873.34,2021-12-02,2022-04-02,329.74,20,7,0,Delayed
PRJ_0607,Power Infrastructure Development at Karnataka Section Pkg-5,Ministry of Power,Power Transmission & Generation,THDC,Karnataka,15.7246,75.521,2019-06-01,1088.27,1349.45,2023-07-01,2025-01-29,1009.44,22,16,1,Delayed
PRJ_0608,Mining Infrastructure Development at Haryana Section Pkg-6,Ministry of Mines,Mining & Minerals,NALCO,Haryana,28.9685,76.5143,2019-11-01,150.0,193.5,2021-07-01,2022-08-31,145.33,12,9,1,Delayed
PRJ_0609,Roads Infrastructure Development at Uttar Pradesh Section Pkg-7,Ministry of Road Transport & Highways,Roads & Highways,NHIDCL,Uttar Pradesh,27.2892,81.2702,2019-06-01,746.8,883.46,2023-07-31,2023-08-30,207.62,14,3,1,Delayed
PRJ_0610,Roads Infrastructure Development at Maharashtra Section Pkg-8,Ministry of Road Transport & Highways,Roads & Highways,MoRTH,Maharashtra,20.0717,76.0914,2018-07-01,285.01,303.82,2020-11-29,2021-03-30,234.75,17,12,2,Delayed
PRJ_0611,Steel Infrastructure Development at Telangana Section Pkg-9,Ministry of Steel,Steel & Heavy Industry,SAIL,Telangana,,78.792,2020-01-01,761.06,781.61,2023-04-02,2025-05-01,104.47,19,2,1,Delayed
PRJ_0612,Roads Infrastructure Development at Rajasthan Section Pkg-1,Ministry of Road Transport & Highways,Roads & Highways,NHIDCL,Rajasthan,27.5175,74.203,2023-11-01,294.16,311.22,2027-11-01,2028-03-01,279.59,8,6,1,Delayed
PRJ_0613,Roads Infrastructure Development at Maharashtra Section Pkg-2,Ministry of Road Transport & Highways,Roads & Highways,NHAI,Maharashtra,19.5119,75.2476,2017-12-01,219.9,239.91,2019-08-01,2021-10-30,212.24,16,13,2,Delayed
PRJ_0614,Railways Infrastructure Development at Karnataka Section Pkg-3,Ministry of Railways,Railways,Central Railway,Karnataka,,75.6866,2022-09-01,196.02,221.89,2025-10-31,2026-03-01,108.9,12,5,2,Delayed
PRJ_0615,Roads Infrastructure Development at Arunachal Pradesh Section Pkg-4,Ministry of Road Transport & Highways,Roads & Highways,NHIDCL,Arunachal Pradesh,27.8111,95.2308,2023-08-01,846.09,911.24,2026-08-31,2026-11-30,885.14,20,18,1,Ongoing
PRJ_0616,Railways Infrastructure Development at Karnataka Section Pkg-5,Ministry of Railways,Railways,Dedicated Freight Corridor Corp,Karnataka,15.813,76.2415,2023-09-01,1100.19,1191.51,2027-07-02,2028-07-31,286.46,12,2,1,Delayed
PRJ_0617,Roads Infrastructure Development at Punjab Section Pkg-6,Ministry of Road Transport & Highways,Roads & Highways,NHIDCL,Punjab,30.9109,75.3391,2019-03-01,2497.74,2570.17,2023-08-30,2023-11-29,2045.89,20,16,1,Ongoing
PRJ_0618,Roads Infrastructure Development at Tamil Nadu Section Pkg-7,Ministry of Road Transport & Highways,Roads & Highways,NHIDCL,Tamil Nadu,11.0002,79.2171,2019-01-01,291.29,408.97,2022-05-02,2025-01-30,101.68,23,5,14,Stalled
PRJ_0619,Roads Infrastructure Development at Tamil Nadu Section Pkg-8,Ministry of Road Transport & Highways,Roads & Highways,NHIDCL,Tamil Nadu,10.6575,79.2435,2022-09-01,669.86,665.17,2025-08-31,2026-04-01,262.14,17,6,0,Delayed
PRJ_0620,Roads Infrastructure Development at Uttar Pradesh Section Pkg-9,Ministry of Road Transport & Highways,Roads & Highways,MoRTH,Uttar Pradesh,27.09,80.5525,2020-04-01,1118.3,1556.67,2025-04-01,2027-08-31,427.34,13,3,6,Stalled
PRJ_0621,Power Infrastructure Development at Karnataka Section Pkg-1,Ministry of Power,Power Transmission & Generation,SJVN,Karnataka,15.5838,75.5284,2022-07-01,397.87,394.69,2026-05-31,2026-09-29,239.6,18,10,1,Delayed
PRJ_0622,Roads Infrastructure Development at Uttar Pradesh Section Pkg-2,Ministry of Road Transport & Highways,Roads & Highways,NHIDCL,Uttar Pradesh,26.3175,80.997,2016-03-01,1658.52,1864.18,2019-09-30,2020-09-29,1341.28,24,16,1,Delayed
PRJ_0623,Roads Infrastructure Development at Madhya Pradesh Section Pkg-3,Ministry of Road Transport & Highways,Roads & Highways,NHAI,Madhya Pradesh,,78.4387,2017-12-01,203.16,223.88,2022-05-02,2022-10-01,63.41,11,3,0,Delayed
PRJ_0624,Roads Infrastructure Development at Odisha Section Pkg-4,Ministry of Road Transport & Highways,Roads & Highways,NHIDCL,Odisha,21.0571,85.4492,2016-11-01,150.0,199.95,2021-04-02,2024-08-31,107.83,20,10,4,Delayed
PRJ_0625,Roads Infrastructure Development at Uttar Pradesh Section Pkg-5,Ministry of Road Transport & Highways,Roads & Highways,MoRTH,Uttar Pradesh,26.8227,80.4557,2022-06-01,307.96,310.42,2026-03-01,2026-03-31,285.03,9,8,2,Ongoing
PRJ_0626,Roads Infrastructure Development at Madhya Pradesh Section Pkg-6,Ministry of Road Transport & Highways,Roads & Highways,MoRTH,Madhya Pradesh,23.3667,78.9929,2016-07-01,1252.55,1317.68,2018-08-31,2018-10-30,617.86,12,5,0,Ongoing
PRJ_0627,Roads Infrastructure Development at Odisha Section Pkg-7,Ministry of Road Transport & Highways,Roads & Highways,NHIDCL,Odisha,20.4676,,2023-03-01,2138.74,2155.85,2026-01-29,2026-05-30,1503.8,6,4,1,Delayed
PRJ_0628,Railways Infrastructure Development at Tamil Nadu Section Pkg-8,Ministry of Railways,Railways,Dedicated Freight Corridor Corp,Tamil Nadu,11.6696,78.9743,2017-06-01,469.76,577.34,2022-05-01,2023-09-30,94.32,19,2,1,Delayed
PRJ_0629,Coal Infrastructure Development at Odisha Section Pkg-9,Ministry of Coal,Coal Mining,SECL,Odisha,21.5474,84.9006,2021-12-01,150.0,164.55,2023-10-01,2024-03-01,150.89,22,19,0,Delayed
PRJ_0630,Roads Infrastructure Development at Jharkhand Section Pkg-1,Ministry of Road Transport & Highways,Roads & Highways,NHAI,Jharkhand,23.3761,85.7562,2016-01-01,556.72,541.13,2019-10-01,2020-03-01,484.25,11,10,2,Delayed
PRJ_0631,Railways Infrastructure Development at Maharashtra Section Pkg-2,Ministry of Railways,Railways,IRCON,Maharashtra,19.2527,75.76,2018-10-01,2521.9,2885.05,2021-07-01,2023-12-31,1335.0,10,4,1,Delayed
PRJ_0632,Roads Infrastructure Development at Andhra Pradesh Section Pkg-3,Ministry of Road Transport & Highways,Roads & Highways,MoRTH,Andhra Pradesh,16.2393,79.2017,2018-10-01,670.71,884.0,2023-05-02,2026-07-01,163.64,6,1,3,Stalled
PRJ_0633,Railways Infrastructure Development at Karnataka Section Pkg-4,Ministry of Railways,Railways,RVNL,Karnataka,15.2063,75.3389,2023-02-01,371.83,396.0,2026-07-02,2026-12-31,253.35,24,14,0,Delayed
PRJ_0634,Roads Infrastructure Development at Rajasthan Section Pkg-5,Ministry of Road Transport & Highways,Roads & Highways,MoRTH,Rajasthan,27.4042,74.2363,2017-06-01,866.46,941.84,2020-07-31,2020-12-30,909.46,23,21,0,Delayed
PRJ_0635,Roads Infrastructure Development at Chhattisgarh Section Pkg-6,Ministry of Road Transport & Highways,Roads & Highways,MoRTH,Chhattisgarh,20.6977,82.4,2017-10-01,200.38,256.69,2022-01-30,2022-10-30,87.79,12,4,4,Delayed
PRJ_0636,Roads Infrastructure Development at Maharashtra Section Pkg-7,Ministry of Road Transport & Highways,Roads & Highways,NHIDCL,Maharashtra,20.0701,75.5592,2016-11-01,955.28,917.07,2019-06-02,2020-05-01,856.41,6,5,1,Delayed
PRJ_0637,Railways Infrastructure Development at Uttar Pradesh Section Pkg-8,Ministry of Railways,Railways,Dedicated Freight Corridor Corp,Uttar Pradesh,27.009,80.6125,2020-03-01,726.9,900.63,2021-08-30,2024-04-30,635.87,13,9,4,Delayed
PRJ_0638,Roads Infrastructure Development at Meghalaya Section Pkg-9,Ministry of Road Transport & Highways,Roads & Highways,MoRTH,Meghalaya,,,2020-09-01,150.0,207.75,2023-06-02,2025-01-30,181.75,13,11,1,Delayed
PRJ_0639,Coal Infrastructure Development at Odisha Section Pkg-1,Ministry of Coal,Coal Mining,WCL,Odisha,20.4606,85.3146,2017-01-01,167.63,217.75,2019-11-01,2021-05-01,153.76,18,12,3,Delayed
PRJ_0640,Power Infrastructure Development at Rajasthan Section Pkg-2,Ministry of Power,Power Transmission & Generation,THDC,Rajasthan,,74.4606,2018-10-01,574.71,684.48,2023-05-02,2025-08-31,403.5,8,4,2,Delayed
PRJ_0641,Roads Infrastructure Development at Maharashtra Section Pkg-3,Ministry of Road Transport & Highways,Roads & Highways,NHIDCL,Maharashtra,19.4935,75.2636,2019-01-01,632.55,683.15,2023-06-02,2024-01-01,579.4,24,20,0,Delayed
PRJ_0642,Roads Infrastructure Development at Arunachal Pradesh Section Pkg-4,Ministry of Road Transport & Highways,Roads & Highways,MoRTH,Arunachal Pradesh,28.3177,94.8694,2021-12-01,1098.78,1458.08,2024-05-01,2025-10-30,1071.13,22,15,3,Delayed
PRJ_0643,Railways Infrastructure Development at Rajasthan Section Pkg-5,Ministry of Railways,Railways,IRCON,Rajasthan,27.01,74.6021,2019-01-01,1690.86,2008.74,2023-10-01,2025-01-30,1528.98,24,17,1,Delayed
PRJ_0644,Roads Infrastructure Development at Bihar Section Pkg-6,Ministry of Road Transport & Highways,Roads & Highways,NHIDCL,Bihar,25.3606,84.7703,2016-09-01,1133.09,1425.43,2020-05-02,2022-01-31,667.57,13,5,3,Delayed
PRJ_0645,Roads Infrastructure Development at Madhya Pradesh Section Pkg-7,Ministry of Road Transport & Highways,Roads & Highways,NHAI,Madhya Pradesh,22.5885,78.3231,2020-05-01,554.38,727.9,2022-07-01,2023-01-30,563.34,14,11,2,Delayed
PRJ_0646,Urban Infrastructure Development at Jharkhand Section Pkg-8,Ministry of Housing & Urban Affairs,Urban Infrastructure & Metro,PMRCL,Jharkhand,,85.2759,2016-01-01,2250.5,2167.23,2019-08-01,2019-08-01,1630.46,6,4,0,Ongoing
PRJ_0647,Roads Infrastructure Development at Bihar Section Pkg-9,Ministry of Road Transport & Highways,Roads & Highways,MoRTH,Bihar,25.3995,85.0177,2016-02-01,166.51,193.15,2018-03-02,2019-12-01,145.24,20,15,5,Delayed
PRJ_0648,Roads Infrastructure Development at Manipur Section Pkg-1,Ministry of Road Transport & Highways,Roads & Highways,MoRTH,Manipur,24.5768,93.7668,2022-04-01,582.41,570.76,2026-09-30,2027-01-29,397.26,9,6,1,Delayed
PRJ_0649,Roads Infrastructure Development at Jharkhand Section Pkg-2,Ministry of Road Transport & Highways,Roads & Highways,NHAI,Jharkhand,23.6902,,2022-09-01,1502.91,1570.54,2025-05-02,2025-12-01,1256.04,14,11,1,Delayed
PRJ_0650,Roads Infrastructure Development at Andhra Pradesh Section Pkg-3,Ministry of Road Transport & Highways,Roads & Highways,NHIDCL,Andhra Pradesh,16.4863,79.2314,2016-07-01,150.0,160.2,2020-01-30,2021-09-29,142.42,23,19,3,Delayed
PRJ_0651,Roads Infrastructure Development at Chhattisgarh Section Pkg-4,Ministry of Road Transport & Highways,Roads & Highways,NHAI,Chhattisgarh,21.4308,82.3568,2020-01-01,323.2,307.04,2021-12-31,2022-03-01,238.54,7,5,2,Ongoing
PRJ_0652,Petroleum Infrastructure Development at Chhattisgarh Section Pkg-5,Ministry of Petroleum & Natural Gas,Petroleum & Natural Gas,GAIL,Chhattisgarh,21.0433,81.7423,2019-10-01,150.0,196.8,2021-03-31,2022-08-30,71.97,20,7,3,Delayed
PRJ_0653,Urban Infrastructure Development at Uttar Pradesh Section Pkg-6,Ministry of Housing & Urban Affairs,Urban Infrastructure & Metro,MMRDA,Uttar Pradesh,26.843,80.6576,2017-02-01,360.61,373.23,2022-02-01,2022-04-02,287.61,21,16,0,Ongoing
PRJ_0654,Roads Infrastructure Development at Madhya Pradesh Section Pkg-7,Ministry of Road Transport & Highways,Roads & Highways,NHIDCL,Madhya Pradesh,23.4639,78.289,2018-07-01,211.08,214.04,2022-01-29,2022-01-29,69.99,24,7,1,Ongoing
PRJ_0655,Roads Infrastructure Development at Gujarat Section Pkg-8,Ministry of Road Transport & Highways,Roads & Highways,MoRTH,Gujarat,22.7982,70.7198,2018-12-01,1400.06,1785.08,2020-05-31,2021-03-31,1618.18,18,15,1,Delayed
PRJ_0656,Roads Infrastructure Development at Odisha Section Pkg-9,Ministry of Road Transport & Highways,Roads & Highways,NHIDCL,Odisha,21.2544,84.5618,2016-02-01,3117.2,3304.23,2019-12-02,2020-05-02,2159.53,20,12,0,Delayed
PRJ_0657,Roads Infrastructure Development at Uttarakhand Section Pkg-1,Ministry of Road Transport & Highways,Roads & Highways,MoRTH,Uttarakhand,30.6332,78.9177,2022-06-01,927.52,955.35,2025-05-01,2025-10-30,253.67,24,6,0,Delayed
PRJ_0658,Coal Infrastructure Development at Madhya Pradesh Section Pkg-2,Ministry of Coal,Coal Mining,WCL,Madhya Pradesh,22.8799,79.2045,2020-09-01,559.48,547.17,2024-06-01,2024-07-01,459.38,16,13,1,Ongoing
PRJ_0659,Roads Infrastructure Development at Uttarakhand Section Pkg-3,Ministry of Road Transport & Highways,Roads & Highways,NHAI,Uttarakhand,30.0297,79.1066,2019-09-01,175.48,190.04,2021-06-01,2021-08-31,116.56,16,9,1,Delayed
PRJ_0660,Coal Infrastructure Development at Gujarat Section Pkg-4,Ministry of Coal,Coal Mining,MCL,Gujarat,22.1369,70.6031,2018-03-01,471.84,517.14,2021-06-30,2021-09-29,508.24,11,10,2,Delayed
PRJ_0661,Roads Infrastructure Development at Telangana Section Pkg-5,Ministry of Road Transport & Highways,Roads & Highways,MoRTH,Telangana,18.3124,78.801,2018-10-01,831.27,1069.84,2022-12-31,2024-05-01,701.47,12,8,4,Delayed
PRJ_0662,Roads Infrastructure Development at Karnataka Section Pkg-6,Ministry of Road Transport & Highways,Roads & Highways,MoRTH,Karnataka,15.0764,76.2001,2023-09-01,425.08,555.15,2026-04-01,2028-06-30,316.46,17,10,7,Delayed
PRJ_0663,Petroleum Infrastructure Development at Andhra Pradesh Section Pkg-7,Ministry of Petroleum & Natural Gas,Petroleum & Natural Gas,ONGC,Andhra Pradesh,15.5473,79.9098,2022-04-01,473.53,624.59,2025-03-01,2025-09-30,593.03,15,13,2,Delayed
PRJ_0664,Roads Infrastructure Development at Jharkhand Section Pkg-8,Ministry of Road Transport & Highways,Roads & Highways,NHAI,Jharkhand,23.7514,85.5351,2020-05-01,235.27,320.2,2023-07-01,2024-08-30,126.72,16,5,5,Delayed
PRJ_0665,Roads Infrastructure Development at West Bengal Section Pkg-9,Ministry of Road Transport & Highways,Roads & Highways,NHIDCL,West Bengal,22.7614,87.8979,2017-06-01,1322.84,1769.96,2021-09-30,2022-08-30,675.74,10,3,4,Delayed
PRJ_0666,Educational Infrastructure Development at Karnataka Section Pkg-1,Department of Higher Education,Educational Infrastructure,CPWD,Karnataka,15.1282,75.2615,2023-11-01,1923.32,2090.65,2025-08-01,2025-11-30,2047.39,9,8,0,Delayed
PRJ_0667,Coal Infrastructure Development at Uttar Pradesh Section Pkg-2,Ministry of Coal,Coal Mining,WCL,Uttar Pradesh,26.9285,,2021-05-01,1213.39,1152.72,2026-05-01,2026-09-30,888.79,24,19,2,Delayed
PRJ_0668,Steel Infrastructure Development at Jammu & Kashmir Section Pkg-3,Ministry of Steel,Steel & Heavy Industry,NMDC,Jammu & Kashmir,33.7688,76.6548,2019-03-01,942.82,939.99,2022-08-30,2022-09-29,820.31,6,5,1,Ongoing
PRJ_0669,Urban Infrastructure Development at Karnataka Section Pkg-4,Ministry of Housing & Urban Affairs,Urban Infrastructure & Metro,DMRC,Karnataka,14.825,75.274,2021-01-01,1011.23,1134.6,2025-01-01,2025-09-01,266.01,15,3,2,Delayed
PRJ_0670,Railways Infrastructure Development at Jharkhand Section Pkg-5,Ministry of Railways,Railways,RVNL,Jharkhand,23.8722,84.9975,2016-07-01,341.9,389.77,2021-03-31,2021-04-30,111.81,15,4,2,Delayed
PRJ_0671,Petroleum Infrastructure Development at West Bengal Section Pkg-6,Ministry of Petroleum & Natural Gas,Petroleum & Natural Gas,HPCL,West Bengal,23.5123,87.4289,2021-09-01,169.56,180.41,2024-07-01,2025-03-01,42.59,21,4,0,Delayed
PRJ_0672,Roads Infrastructure Development at Punjab Section Pkg-7,Ministry of Road Transport & Highways,Roads & Highways,NHIDCL,Punjab,31.7332,74.8874,2020-05-01,171.44,177.78,2022-03-01,2022-05-31,168.39,23,21,2,Ongoing
PRJ_0673,Roads Infrastructure Development at Andhra Pradesh Section Pkg-8,Ministry of Road Transport & Highways,Roads & Highways,NHAI,Andhra Pradesh,15.4439,80.2346,2023-12-01,1881.58,2494.98,2025-05-31,2026-05-31,988.92,14,5,9,Delayed
PRJ_0674,Petroleum Infrastructure Development at Tamil Nadu Section Pkg-9,Ministry of Petroleum & Natural Gas,Petroleum & Natural Gas,GAIL,Tamil Nadu,11.5287,78.3868,2019-03-01,284.4,270.18,2023-04-30,2023-07-30,158.17,18,9,1,Ongoing
PRJ_0675,Petroleum Infrastructure Development at Manipur Section Pkg-1,Ministry of Petroleum & Natural Gas,Petroleum & Natural Gas,NRL,Manipur,25.0465,93.8051,2016-03-01,6040.2,6390.53,2018-05-01,2018-05-31,2601.13,6,2,2,Ongoing
PRJ_0676,Petroleum Infrastructure Development at Chhattisgarh Section Pkg-2,Ministry of Petroleum & Natural Gas,Petroleum & Natural Gas,ONGC,Chhattisgarh,21.1228,81.9871,2023-08-01,3342.57,3583.24,2025-05-31,2026-03-31,1538.68,19,8,0,Delayed
PRJ_0677,Power Infrastructure Development at Bihar Section Pkg-3,Ministry of Power,Power Transmission & Generation,NHPC,Bihar,25.0062,84.7448,2017-09-01,497.46,664.11,2020-05-02,2021-10-01,143.97,16,3,4,Delayed
PRJ_0678,Power Infrastructure Development at Nagaland Section Pkg-4,Ministry of Power,Power Transmission & Generation,PGCIL,Nagaland,26.6857,94.4807,2016-06-01,425.61,404.33,2019-10-31,2019-12-30,369.5,8,7,1,Ongoing
PRJ_0679,Roads Infrastructure Development at Maharashtra Section Pkg-5,Ministry of Road Transport & Highways,Roads & Highways,NHIDCL,Maharashtra,19.2654,76.2581,2022-04-01,832.93,1207.75,2027-01-30,2029-04-30,193.68,23,3,3,Stalled
PRJ_0680,Roads Infrastructure Development at Manipur Section Pkg-6,Ministry of Road Transport & Highways,Roads & Highways,NHAI,Manipur,,93.8117,2020-01-01,311.11,326.67,2023-09-01,2024-05-31,209.26,10,6,1,Delayed
PRJ_0681,Coal Infrastructure Development at Madhya Pradesh Section Pkg-7,Ministry of Coal,Coal Mining,WCL,Madhya Pradesh,23.1914,78.071,2021-09-01,952.15,1013.09,2024-04-01,2024-07-31,906.16,6,5,2,Delayed
PRJ_0682,Roads Infrastructure Development at Uttar Pradesh Section Pkg-8,Ministry of Road Transport & Highways,Roads & Highways,NHIDCL,Uttar Pradesh,27.1709,81.5336,2021-10-01,315.22,401.59,2024-08-31,2029-09-30,201.46,8,4,1,Delayed
PRJ_0683,Coal Infrastructure Development at Maharashtra Section Pkg-9,Ministry of Coal,Coal Mining,ECL,Maharashtra,20.2688,75.9503,2016-08-01,159.32,168.4,2020-08-01,2021-06-01,153.91,24,20,2,Delayed
PRJ_0684,Roads Infrastructure Development at Andhra Pradesh Section Pkg-1,Ministry of Road Transport & Highways,Roads & Highways,MoRTH,Andhra Pradesh,15.4336,79.9465,2017-03-01,1704.75,2190.6,2018-09-30,2020-11-29,451.67,11,2,9,Stalled
PRJ_0685,Water Infrastructure Development at Maharashtra Section Pkg-2,"Department of Water Resources, River Development & GR",Water & Sanitation,CPWD,Maharashtra,20.0228,76.1265,2020-08-01,424.46,412.58,2022-04-01,2022-04-01,288.9,24,15,2,Ongoing
PRJ_0686,Roads Infrastructure Development at Maharashtra Section Pkg-3,Ministry of Road Transport & Highways,Roads & Highways,NHIDCL,Maharashtra,19.4284,75.2034,2016-06-01,1006.65,1016.72,2018-12-01,2019-05-02,745.96,23,15,0,Delayed
PRJ_0687,Roads Infrastructure Development at Karnataka Section Pkg-4,Ministry of Road Transport & Highways,Roads & Highways,NHAI,Karnataka,15.6973,75.3673,2017-02-01,273.94,309.55,2020-02-01,2020-05-02,206.11,20,12,2,Delayed
PRJ_0688,Roads Infrastructure Development at Maharashtra Section Pkg-5,Ministry of Road Transport & Highways,Roads & Highways,NHAI,Maharashtra,19.5239,75.7241,2018-10-01,586.74,720.52,2022-11-30,2026-06-30,189.47,12,3,3,Stalled
PRJ_0689,Roads Infrastructure Development at Andhra Pradesh Section Pkg-6,Ministry of Road Transport & Highways,Roads & Highways,MoRTH,Andhra Pradesh,16.0593,79.5459,2021-11-01,617.72,632.55,2024-04-01,2024-05-01,526.88,14,11,2,Ongoing
PRJ_0690,Petroleum Infrastructure Development at Maharashtra Section Pkg-7,Ministry of Petroleum & Natural Gas,Petroleum & Natural Gas,HPCL,Maharashtra,20.128,75.7003,2023-08-01,199.93,256.91,2025-05-01,2027-03-01,256.91,17,16,1,Delayed
PRJ_0691,Railways Infrastructure Development at Dadra & Nagar Haveli Section Pkg-8,Ministry of Railways,Railways,RVNL,Dadra & Nagar Haveli,19.883,72.5388,2016-12-01,216.8,228.51,2021-03-02,2021-05-01,42.74,21,3,1,Ongoing
PRJ_0692,Roads Infrastructure Development at West Bengal Section Pkg-9,Ministry of Road Transport & Highways,Roads & Highways,MoRTH,West Bengal,,88.2891,2023-04-01,13579.07,14027.18,2025-06-30,2025-11-29,9977.18,13,8,1,Delayed
PRJ_0693,Roads Infrastructure Development at Madhya Pradesh Section Pkg-1,Ministry of Road Transport & Highways,Roads & Highways,NHAI,Madhya Pradesh,23.3088,78.5259,2020-03-01,2581.73,3030.95,2023-01-30,2026-05-01,2096.27,9,6,1,Delayed
PRJ_0694,Roads Infrastructure Development at Madhya Pradesh Section Pkg-2,Ministry of Road Transport & Highways,Roads & Highways,NHAI,Madhya Pradesh,22.6433,,2022-06-01,188.06,229.06,2025-03-01,2026-03-01,217.72,23,21,2,Delayed
PRJ_0695,Roads Infrastructure Development at Chhattisgarh Section Pkg-3,Ministry of Road Transport & Highways,Roads & Highways,NHIDCL,Chhattisgarh,20.7789,81.4332,2016-10-01,467.56,515.25,2020-04-01,2020-07-01,471.96,15,12,0,Delayed
PRJ_0696,Roads Infrastructure Development at West Bengal Section Pkg-4,Ministry of Road Transport & Highways,Roads & Highways,NHAI,West Bengal,,87.3922,2018-08-01,599.76,635.75,2022-03-01,2022-03-31,214.94,12,3,1,Ongoing
PRJ_0697,Railways Infrastructure Development at Maharashtra Section Pkg-5,Ministry of Railways,Railways,RVNL,Maharashtra,19.5612,,2022-03-01,262.76,263.81,2025-11-29,2026-12-29,195.53,19,13,1,Delayed
PRJ_0698,Railways Infrastructure Development at Odisha Section Pkg-6,Ministry of Railways,Railways,Central Railway,Odisha,,84.6771,2023-03-01,197.02,271.1,2024-12-29,2026-02-28,268.1,21,19,1,Delayed
PRJ_0699,Roads Infrastructure Development at West Bengal Section Pkg-7,Ministry of Road Transport & Highways,Roads & Highways,NHAI,West Bengal,22.5499,88.3087,2022-06-01,1184.71,1329.24,2026-07-31,2027-07-31,1047.41,6,4,2,Delayed
PRJ_0700,Ports Infrastructure Development at Jammu & Kashmir Section Pkg-8,"Ministry of Ports, Shipping and Waterways",Ports & Shipping,IWAI,Jammu & Kashmir,34.2276,76.8816,2016-09-01,1234.78,1658.31,2020-10-01,2022-10-01,501.03,9,2,3,Delayed
PRJ_0701,Roads Infrastructure Development at Chhattisgarh Section Pkg-9,Ministry of Road Transport & Highways,Roads & Highways,NHAI,Chhattisgarh,20.9505,81.8852,2017-11-01,211.41,235.93,2019-09-01,2019-12-31,137.84,22,13,2,Delayed
PRJ_0702,Healthcare Infrastructure Development at Chhattisgarh Section Pkg-1,Ministry of Labour and Employment,Healthcare & ESIC,CPWD,Chhattisgarh,21.5154,82.4172,2020-02-01,181.37,180.64,2022-10-02,2023-07-02,135.7,9,6,2,Delayed
PRJ_0703,Healthcare Infrastructure Development at Chhattisgarh Section Pkg-2,Ministry of Health & Family Welfare,Healthcare Infrastructure,HSCC,Chhattisgarh,20.9268,81.8249,2022-03-01,308.07,300.06,2024-03-30,2024-03-30,277.96,22,21,2,Ongoing
PRJ_0704,Healthcare Infrastructure Development at Madhya Pradesh Section Pkg-3,Ministry of Health & Family Welfare,Healthcare Infrastructure,HITES,Madhya Pradesh,,78.4668,2018-12-01,1288.65,1314.42,2021-10-31,2022-01-30,1132.95,12,10,0,Ongoing
PRJ_0705,Railways Infrastructure Development at Assam Section Pkg-4,Ministry of Railways,Railways,Central Railway,Assam,26.6985,92.9823,2018-02-01,912.67,991.16,2023-01-01,2024-03-02,756.35,12,8,0,Delayed
PRJ_0706,Roads Infrastructure Development at Uttar Pradesh Section Pkg-5,Ministry of Road Transport & Highways,Roads & Highways,NHAI,Uttar Pradesh,,80.4142,2019-04-01,549.45,843.41,2020-09-29,2023-11-29,49.26,7,0,4,Stalled
PRJ_0707,Railways Infrastructure Development at Bihar Section Pkg-6,Ministry of Railways,Railways,IRCON,Bihar,25.6392,85.0939,2023-04-01,372.12,529.15,2027-03-01,2028-11-29,182.96,17,5,3,Delayed
PRJ_0708,Roads Infrastructure Development at Sikkim Section Pkg-7,Ministry of Road Transport & Highways,Roads & Highways,NHAI,Sikkim,,88.6519,2021-08-01,611.66,581.08,2025-07-01,2025-07-31,376.24,22,14,1,Ongoing
PRJ_0709,Petroleum Infrastructure Development at Kerala Section Pkg-8,Ministry of Petroleum & Natural Gas,Petroleum & Natural Gas,NRL,Kerala,10.302,75.6878,2018-10-01,845.59,1047.69,2022-04-01,2022-08-31,222.88,17,3,1,Delayed
PRJ_0710,Petroleum Infrastructure Development at Gujarat Section Pkg-9,Ministry of Petroleum & Natural Gas,Petroleum & Natural Gas,GAIL,Gujarat,22.3167,71.1527,2019-01-01,808.95,1083.99,2023-10-01,2025-05-31,759.76,19,12,3,Delayed
PRJ_0711,Telecommunications Infrastructure Development at Gujarat Section Pkg-1,Department of Telecommunications,Telecommunications,DoT,Gujarat,22.822,71.2099,2020-05-01,150.0,151.65,2022-12-31,2023-08-01,138.45,19,17,2,Delayed
PRJ_0712,Water Infrastructure Development at Andhra Pradesh Section Pkg-2,"Department of Water Resources, River Development & GR",Water & Sanitation,National Mission for Clean Ganga,Andhra Pradesh,,80.0207,2022-02-01,227.03,233.61,2026-12-02,2027-01-31,128.46,19,9,1,Ongoing
PRJ_0713,Power Infrastructure Development at Telangana Section Pkg-3,Ministry of Power,Power Transmission & Generation,PGCIL,Telangana,18.4616,78.8051,2019-03-01,1041.26,1418.2,2021-11-29,2023-10-30,671.08,17,7,3,Delayed
PRJ_0714,Railways Infrastructure Development at Telangana Section Pkg-4,Ministry of Railways,Railways,Dedicated Freight Corridor Corp,Telangana,18.5452,79.065,2021-04-01,811.25,950.78,2023-04-01,2026-08-30,767.06,24,19,5,Delayed
PRJ_0715,Roads Infrastructure Development at Gujarat Section Pkg-5,Ministry of Road Transport & Highways,Roads & Highways,NHAI,Gujarat,,71.033,2017-07-01,325.59,421.96,2021-11-30,2023-05-31,321.98,15,10,1,Delayed
PRJ_0716,Industrial Infrastructure Development at Chhattisgarh Section Pkg-6,Department for Promotion of Industry & Internal Trade,Industrial Parks & SEZ,GIDC,Chhattisgarh,20.9369,81.6554,2021-11-01,829.89,788.4,2024-08-31,2024-12-30,771.92,10,9,1,Delayed
PRJ_0717,Roads Infrastructure Development at Chhattisgarh Section Pkg-7,Ministry of Road Transport & Highways,Roads & Highways,NHAI,Chhattisgarh,21.7405,82.2977,2022-12-01,2870.31,4015.56,2025-05-01,2027-07-01,2111.6,8,4,1,Delayed
PRJ_0718,Roads Infrastructure Development at Gujarat Section Pkg-8,Ministry of Road Transport & Highways,Roads & Highways,MoRTH,Gujarat,22.2824,71.1,2018-03-01,1568.74,1793.07,2020-04-30,2020-10-29,781.01,16,7,1,Delayed
PRJ_0719,Roads Infrastructure Development at Gujarat Section Pkg-9,Ministry of Road Transport & Highways,Roads & Highways,NHIDCL,Gujarat,22.6456,70.8555,2020-07-01,334.1,384.55,2025-07-01,2025-10-30,228.24,19,11,0,Delayed
PRJ_0720,Roads Infrastructure Development at Punjab Section Pkg-1,Ministry of Road Transport & Highways,Roads & Highways,NHIDCL,Punjab,31.2053,75.0887,2021-10-01,362.91,470.33,2024-03-01,2026-11-30,386.72,14,11,2,Delayed
PRJ_0721,Railways Infrastructure Development at Telangana Section Pkg-2,Ministry of Railways,Railways,Dedicated Freight Corridor Corp,Telangana,17.9257,79.3891,2023-10-01,1018.6,1403.63,2025-03-31,2026-04-30,831.03,16,9,1,Delayed
PRJ_0722,Power Infrastructure Development at Bihar Section Pkg-3,Ministry of Power,Power Transmission & Generation,THDC,Bihar,25.6064,85.5471,2020-05-01,2531.17,2553.95,2024-03-31,2024-12-29,1885.33,20,14,0,Delayed
PRJ_0723,Coal Infrastructure Development at Jharkhand Section Pkg-4,Ministry of Coal,Coal Mining,MCL,Jharkhand,23.7795,84.8728,2016-12-01,2680.07,3071.36,2018-12-31,2019-06-01,1150.2,14,5,0,Delayed
PRJ_0724,Coal Infrastructure Development at Bihar Section Pkg-5,Ministry of Coal,Coal Mining,ECL,Bihar,24.875,,2020-11-01,286.6,276.86,2023-12-02,2024-08-31,253.25,20,17,2,Delayed
PRJ_0725,Petroleum Infrastructure Development at Karnataka Section Pkg-6,Ministry of Petroleum & Natural Gas,Petroleum & Natural Gas,NRL,Karnataka,14.8785,75.6863,2022-12-01,2041.77,2580.8,2025-07-01,2027-06-01,145.66,10,0,8,Stalled
PRJ_0726,Roads Infrastructure Development at Chhattisgarh Section Pkg-7,Ministry of Road Transport & Highways,Roads & Highways,NHAI,Chhattisgarh,21.4088,81.5142,2021-04-01,330.8,346.02,2023-01-30,2023-03-31,290.32,23,19,1,Ongoing
PRJ_0727,Roads Infrastructure Development at Maharashtra Section Pkg-8,Ministry of Road Transport & Highways,Roads & Highways,NHIDCL,Maharashtra,20.1636,75.5469,2021-11-01,150.0,173.1,2025-01-31,2025-05-02,84.88,11,5,0,Delayed
PRJ_0728,Railways Infrastructure Development at Tamil Nadu Section Pkg-9,Ministry of Railways,Railways,RVNL,Tamil Nadu,10.7447,78.3524,2022-05-01,1284.14,1516.57,2023-11-30,2024-05-30,1288.3,17,14,1,Delayed
PRJ_0729,Roads Infrastructure Development at Jharkhand Section Pkg-1,Ministry of Road Transport & Highways,Roads & Highways,NHAI,Jharkhand,23.3389,84.9817,2017-10-01,466.69,443.36,2021-03-01,2021-03-01,355.46,21,16,0,Ongoing
PRJ_0730,Roads Infrastructure Development at Telangana Section Pkg-2,Ministry of Road Transport & Highways,Roads & Highways,NHAI,Telangana,17.8954,78.6736,2021-02-01,2669.96,2536.46,2023-01-02,2023-02-01,1929.85,6,4,0,Ongoing
PRJ_0731,Railways Infrastructure Development at Telangana Section Pkg-3,Ministry of Railways,Railways,Central Railway,Telangana,18.5569,79.3062,2019-03-01,516.64,550.22,2023-01-29,2023-05-30,138.94,19,4,2,Delayed
PRJ_0732,Roads Infrastructure Development at Karnataka Section Pkg-4,Ministry of Road Transport & Highways,Roads & Highways,MoRTH,Karnataka,15.555,75.8981,2018-02-01,503.48,633.88,2019-11-02,2021-03-03,633.85,20,19,1,Delayed
PRJ_0733,Roads Infrastructure Development at Karnataka Section Pkg-5,Ministry of Road Transport & Highways,Roads & Highways,NHAI,Karnataka,15.4908,75.1343,2020-11-01,1235.02,1325.18,2025-10-01,2025-10-31,328.52,15,3,0,Ongoing
PRJ_0734,Urban Infrastructure Development at Madhya Pradesh Section Pkg-6,Ministry of Housing & Urban Affairs,Urban Infrastructure & Metro,MahaMetro,Madhya Pradesh,22.5855,78.1013,2021-04-01,150.0,146.85,2022-10-31,2022-12-30,139.0,23,21,2,Ongoing
PRJ_0735,Roads Infrastructure Development at Assam Section Pkg-7,Ministry of Road Transport & Highways,Roads & Highways,NHAI,Assam,26.0798,93.0092,2016-02-01,1337.56,1270.68,2019-11-01,2019-12-31,945.76,14,10,2,Ongoing
PRJ_0736,Coal Infrastructure Development at Gujarat Section Pkg-8,Ministry of Coal,Coal Mining,Coal India Ltd (CIL),Gujarat,22.058,70.847,2017-03-01,468.93,487.22,2020-03-31,2020-07-30,411.96,8,6,2,Delayed
PRJ_0737,Roads Infrastructure Development at Kerala Section Pkg-9,Ministry of Road Transport & Highways,Roads & Highways,NHAI,Kerala,10.4557,76.4615,2019-08-01,656.09,659.37,2021-09-30,2021-09-30,636.13,12,11,1,Ongoing
PRJ_0738,Railways Infrastructure Development at Himachal Pradesh Section Pkg-1,Ministry of Railways,Railways,Dedicated Freight Corridor Corp,Himachal Pradesh,31.4493,76.5998,2023-08-01,564.76,689.01,2028-07-31,2030-01-29,109.4,24,3,12,Delayed
PRJ_0739,Roads Infrastructure Development at Andhra Pradesh Section Pkg-2,Ministry of Road Transport & Highways,Roads & Highways,MoRTH,Andhra Pradesh,16.3405,79.3467,2017-05-01,469.96,486.41,2019-01-30,2019-09-30,486.41,13,12,2,Delayed
PRJ_0740,Power Infrastructure Development at Goa Section Pkg-3,Ministry of Power,Power Transmission & Generation,THDC,Goa,15.227,74.1247,2020-06-01,322.55,346.42,2024-04-01,2025-06-01,278.18,16,12,2,Delayed
PRJ_0741,Roads Infrastructure Development at Gujarat Section Pkg-4,Ministry of Road Transport & Highways,Roads & Highways,NHIDCL,Gujarat,21.9573,71.1991,2019-10-01,429.76,502.39,2022-07-31,2024-12-29,341.94,19,12,5,Delayed
PRJ_0742,Coal Infrastructure Development at West Bengal Section Pkg-5,Ministry of Coal,Coal Mining,WCL,West Bengal,23.4329,88.027,2018-01-01,244.34,248.74,2022-01-31,2022-10-01,122.65,24,11,2,Delayed
PRJ_0743,Roads Infrastructure Development at Bihar Section Pkg-6,Ministry of Road Transport & Highways,Roads & Highways,MoRTH,Bihar,25.6712,85.194,2020-10-01,840.3,936.93,2023-01-31,2023-06-01,687.13,23,16,0,Delayed
PRJ_0744,Petroleum Infrastructure Development at Nagaland Section Pkg-7,Ministry of Petroleum & Natural Gas,Petroleum & Natural Gas,ONGC,Nagaland,25.8122,94.6747,2016-12-01,935.07,1032.32,2021-03-02,2021-11-30,538.07,10,5,0,Delayed
PRJ_0745,Roads Infrastructure Development at Rajasthan Section Pkg-8,Ministry of Road Transport & Highways,Roads & Highways,NHAI,Rajasthan,27.0128,73.7543,2021-02-01,2113.26,2195.68,2026-01-01,2026-04-02,529.41,15,3,2,Ongoing
PRJ_0746,Railways Infrastructure Development at Andhra Pradesh Section Pkg-9,Ministry of Railways,Railways,Central Railway,Andhra Pradesh,,80.1399,2018-06-01,323.49,427.33,2023-04-01,2024-03-31,347.23,10,7,2,Delayed
PRJ_0747,Roads Infrastructure Development at Karnataka Section Pkg-1,Ministry of Road Transport & Highways,Roads & Highways,MoRTH,Karnataka,14.9402,75.4436,2020-12-01,1391.51,1321.93,2023-09-01,2023-12-01,810.44,17,10,0,Ongoing
PRJ_0748,Roads Infrastructure Development at Assam Section Pkg-2,Ministry of Road Transport & Highways,Roads & Highways,NHIDCL,Assam,26.6723,93.3473,2021-01-01,150.0,147.75,2025-07-02,2025-10-31,124.89,15,12,2,Delayed
PRJ_0749,Railways Infrastructure Development at Maharashtra Section Pkg-3,Ministry of Railways,Railways,Dedicated Freight Corridor Corp,Maharashtra,19.7664,75.8292,2017-08-01,150.0,159.0,2020-03-01,2020-03-01,132.72,13,11,2,Ongoing
PRJ_0750,Roads Infrastructure Development at Jharkhand Section Pkg-4,Ministry of Road Transport & Highways,Roads & Highways,NHIDCL,Jharkhand,24.0483,85.7957,2023-04-01,275.11,397.53,2027-11-30,2029-03-31,275.68,7,5,2,Delayed
PRJ_0751,Railways Infrastructure Development at Uttarakhand Section Pkg-5,Ministry of Railways,Railways,Central Railway,Uttarakhand,29.6318,79.0029,2021-09-01,1640.04,2341.98,2024-07-01,2026-09-30,1951.38,7,5,1,Delayed
PRJ_0752,Roads Infrastructure Development at Mizoram Section Pkg-6,Ministry of Road Transport & Highways,Roads & Highways,NHIDCL,Mizoram,22.7666,92.5985,2017-07-01,1728.71,1830.7,2019-07-31,2020-01-29,1647.42,17,14,1,Delayed
PRJ_0753,Petroleum Infrastructure Development at Telangana Section Pkg-7,Ministry of Petroleum & Natural Gas,Petroleum & Natural Gas,IOCL,Telangana,17.7981,79.5327,2019-01-01,1875.31,2484.79,2020-08-01,2022-10-31,195.66,21,1,17,Stalled
PRJ_0754,Coal Infrastructure Development at West Bengal Section Pkg-8,Ministry of Coal,Coal Mining,Coal India Ltd (CIL),West Bengal,22.8556,,2022-01-01,2602.1,2544.85,2026-05-02,2026-08-31,1992.19,6,4,2,Delayed
PRJ_0755,Roads Infrastructure Development at Manipur Section Pkg-9,Ministry of Road Transport & Highways,Roads & Highways,NHIDCL,Manipur,24.3585,,2022-04-01,175.58,183.31,2024-05-31,2025-01-29,122.95,19,12,2,Delayed
PRJ_0756,Petroleum Infrastructure Development at Mizoram Section Pkg-1,Ministry of Petroleum & Natural Gas,Petroleum & Natural Gas,IOCL,Mizoram,22.6915,93.4625,2019-08-01,1171.26,1544.89,2021-08-30,2022-09-29,1158.37,6,4,2,Delayed
PRJ_0757,Roads Infrastructure Development at Uttar Pradesh Section Pkg-2,Ministry of Road Transport & Highways,Roads & Highways,MoRTH,Uttar Pradesh,26.7656,81.018,2023-05-01,555.3,612.5,2028-02-29,2029-11-29,415.04,12,7,3,Delayed
PRJ_0758,Roads Infrastructure Development at Haryana Section Pkg-3,Ministry of Road Transport & Highways,Roads & Highways,MoRTH,Haryana,28.8395,75.5652,2018-06-01,521.13,618.58,2022-04-01,2025-03-01,270.64,23,10,2,Delayed
PRJ_0759,Roads Infrastructure Development at Andhra Pradesh Section Pkg-4,Ministry of Road Transport & Highways,Roads & Highways,NHAI,Andhra Pradesh,16.1305,80.2207,2017-05-01,716.93,1012.31,2021-06-30,2023-10-30,134.04,21,2,15,Stalled
PRJ_0760,Roads Infrastructure Development at Maharashtra Section Pkg-5,Ministry of Road Transport & Highways,Roads & Highways,NHAI,Maharashtra,19.9169,75.8831,2023-01-01,504.81,604.76,2026-06-01,2027-04-01,367.65,16,9,5,Delayed
PRJ_0761,Roads Infrastructure Development at Haryana Section Pkg-6,Ministry of Road Transport & Highways,Roads & Highways,NHIDCL,Haryana,,75.7142,2016-07-01,700.6,862.44,2021-07-01,2025-07-01,244.45,14,4,4,Stalled
PRJ_0762,Roads Infrastructure Development at Bihar Section Pkg-7,Ministry of Road Transport & Highways,Roads & Highways,MoRTH,Bihar,24.8713,85.8874,2021-08-01,281.94,283.35,2025-12-31,2025-12-31,80.41,19,5,0,Ongoing
PRJ_0763,Roads Infrastructure Development at Uttarakhand Section Pkg-8,Ministry of Road Transport & Highways,Roads & Highways,MoRTH,Uttarakhand,30.0197,,2018-03-01,500.62,539.67,2021-11-29,2022-06-30,514.53,16,14,1,Delayed
PRJ_0764,Railways Infrastructure Development at Madhya Pradesh Section Pkg-9,Ministry of Railways,Railways,Dedicated Freight Corridor Corp,Madhya Pradesh,23.0644,78.5639,2019-05-01,372.54,477.6,2023-08-30,2025-02-27,366.7,13,9,4,Delayed
PRJ_0765,Roads Infrastructure Development at Maharashtra Section Pkg-1,Ministry of Road Transport & Highways,Roads & Highways,NHAI,Maharashtra,19.8139,75.5187,2021-09-01,555.26,723.5,2026-06-01,2027-12-31,540.01,19,13,1,Delayed
PRJ_0766,Railways Infrastructure Development at Maharashtra Section Pkg-2,Ministry of Railways,Railways,RVNL,Maharashtra,20.0527,75.5899,2021-03-01,627.23,839.23,2024-09-29,2025-10-29,773.01,11,9,2,Delayed
PRJ_0767,Healthcare Infrastructure Development at Jammu & Kashmir Section Pkg-3,Ministry of Health & Family Welfare,Healthcare Infrastructure,CPWD,Jammu & Kashmir,34.1633,76.3236,2022-02-01,952.43,962.91,2026-11-01,2027-09-01,751.7,13,9,1,Delayed
PRJ_0768,Railways Infrastructure Development at Odisha Section Pkg-4,Ministry of Railways,Railways,Central Railway,Odisha,20.5466,85.6816,2020-08-01,987.68,1080.52,2022-12-01,2022-12-31,509.92,20,8,1,Delayed
PRJ_0769,Urban Infrastructure Development at Jammu & Kashmir Section Pkg-5,Ministry of Housing & Urban Affairs,Urban Infrastructure & Metro,DMRC,Jammu & Kashmir,,76.1534,2023-04-01,4875.84,5675.48,2025-03-01,2025-11-29,5297.02,18,16,2,Delayed
PRJ_0770,Power Infrastructure Development at Uttar Pradesh Section Pkg-6,Ministry of Power,Power Transmission & Generation,NHPC,Uttar Pradesh,26.5251,80.756,2018-05-01,1127.01,1385.1,2020-01-30,2022-06-30,1108.67,6,4,1,Delayed
PRJ_0771,Water Infrastructure Development at Telangana Section Pkg-7,"Department of Water Resources, River Development & GR",Water & Sanitation,CPWD,Telangana,18.6923,79.2064,2018-05-01,193.26,211.23,2020-05-30,2020-09-28,162.52,11,7,2,Delayed
PRJ_0772,Roads Infrastructure Development at Uttar Pradesh Section Pkg-8,Ministry of Road Transport & Highways,Roads & Highways,NHIDCL,Uttar Pradesh,26.3098,81.4408,2021-02-01,792.3,821.62,2023-10-03,2024-01-02,316.96,12,4,0,Ongoing
PRJ_0773,Telecommunications Infrastructure Development at Uttar Pradesh Section Pkg-9,Department of Telecommunications,Telecommunications,USOF,Uttar Pradesh,26.2663,81.2508,2017-02-01,812.55,1043.31,2019-10-03,2022-06-03,924.63,20,16,1,Delayed
PRJ_0774,Educational Infrastructure Development at Maharashtra Section Pkg-1,Department of Higher Education,Educational Infrastructure,NIT,Maharashtra,19.3541,75.7972,2019-02-01,2599.53,2646.32,2020-09-01,2021-09-01,2386.18,17,15,2,Delayed
PRJ_0775,Coal Infrastructure Development at Arunachal Pradesh Section Pkg-2,Ministry of Coal,Coal Mining,Coal India Ltd (CIL),Arunachal Pradesh,28.8166,94.4673,2020-08-01,3936.64,5223.92,2022-12-31,2026-11-30,3676.43,17,11,6,Delayed
PRJ_0776,Roads Infrastructure Development at Goa Section Pkg-3,Ministry of Road Transport & Highways,Roads & Highways,MoRTH,Goa,15.8945,73.8289,2021-12-01,150.0,173.1,2026-07-02,2027-12-01,73.92,20,8,8,Delayed
PRJ_0777,Roads Infrastructure Development at Tamil Nadu Section Pkg-4,Ministry of Road Transport & Highways,Roads & Highways,NHIDCL,Tamil Nadu,10.6542,78.0756,2019-02-01,478.13,512.08,2023-10-02,2025-12-31,317.84,23,13,1,Delayed
PRJ_0778,Roads Infrastructure Development at Maharashtra Section Pkg-5,Ministry of Road Transport & Highways,Roads & Highways,NHAI,Maharashtra,,75.4456,2022-07-01,150.0,166.8,2024-01-30,2024-12-29,124.41,13,9,4,Delayed
PRJ_0779,Petroleum Infrastructure Development at Maharashtra Section Pkg-6,Ministry of Petroleum & Natural Gas,Petroleum & Natural Gas,GAIL,Maharashtra,19.6581,75.7307,2018-03-01,569.54,608.84,2020-12-29,2021-07-30,528.66,23,20,0,Delayed
PRJ_0780,Power Infrastructure Development at Jharkhand Section Pkg-7,Ministry of Power,Power Transmission & Generation,SJVN,Jharkhand,23.3465,85.4677,2016-06-01,1944.37,1870.48,2020-08-31,2020-09-30,1742.21,22,19,2,Ongoing
PRJ_0781,Roads Infrastructure Development at Gujarat Section Pkg-8,Ministry of Road Transport & Highways,Roads & Highways,NHIDCL,Gujarat,22.4063,70.9565,2016-08-01,3518.07,3693.97,2019-05-02,2019-06-01,1555.86,11,4,1,Ongoing
PRJ_0782,Roads Infrastructure Development at Rajasthan Section Pkg-9,Ministry of Road Transport & Highways,Roads & Highways,NHAI,Rajasthan,,73.6964,2022-02-01,1391.19,1630.47,2023-12-02,2024-12-01,1472.06,23,20,2,Delayed
PRJ_0783,Railways Infrastructure Development at Jammu & Kashmir Section Pkg-1,Ministry of Railways,Railways,RVNL,Jammu & Kashmir,34.3624,76.9324,2017-03-01,1075.05,1194.38,2021-11-29,2022-10-29,931.82,24,18,0,Delayed
PRJ_0784,Roads Infrastructure Development at Rajasthan Section Pkg-2,Ministry of Road Transport & Highways,Roads & Highways,MoRTH,Rajasthan,26.5095,73.8596,2018-05-01,222.78,280.26,2019-11-30,2022-04-30,259.69,10,9,1,Delayed
PRJ_0785,Roads Infrastructure Development at Assam Section Pkg-3,Ministry of Road Transport & Highways,Roads & Highways,MoRTH,Assam,26.7698,92.3562,2018-10-01,1537.82,1708.52,2020-05-31,2020-07-30,992.69,15,8,1,Delayed
PRJ_0786,Power Infrastructure Development at Bihar Section Pkg-4,Ministry of Power,Power Transmission & Generation,NHPC,Bihar,24.5117,85.3819,2018-08-01,960.78,1040.52,2021-09-30,2022-10-30,509.58,6,2,0,Delayed
PRJ_0787,Roads Infrastructure Development at Telangana Section Pkg-5,Ministry of Road Transport & Highways,Roads & Highways,NHAI,Telangana,17.5267,79.387,2017-06-01,4858.49,4644.72,2019-07-01,2020-05-30,1253.48,20,5,1,Delayed
PRJ_0788,Roads Infrastructure Development at Uttar Pradesh Section Pkg-6,Ministry of Road Transport & Highways,Roads & Highways,NHAI,Uttar Pradesh,26.6717,80.8449,2020-05-01,703.21,742.59,2025-01-29,2025-02-28,176.55,22,5,2,Ongoing
PRJ_0789,Roads Infrastructure Development at Uttar Pradesh Section Pkg-7,Ministry of Road Transport & Highways,Roads & Highways,NHIDCL,Uttar Pradesh,26.4875,,2022-12-01,887.9,1111.65,2027-10-01,2028-05-01,890.64,20,16,3,Delayed
PRJ_0790,Power Infrastructure Development at Assam Section Pkg-8,Ministry of Power,Power Transmission & Generation,NHPC,Assam,26.1584,,2023-07-01,261.73,277.96,2026-04-30,2026-09-29,238.25,15,13,2,Delayed
PRJ_0791,Telecommunications Infrastructure Development at Odisha Section Pkg-9,Department of Telecommunications,Telecommunications,BSNL,Odisha,21.5312,84.7114,2020-01-01,1418.36,1395.67,2024-05-01,2025-01-29,1005.96,7,4,1,Delayed
PRJ_0792,Roads Infrastructure Development at Jammu & Kashmir Section Pkg-1,Ministry of Road Transport & Highways,Roads & Highways,NHAI,Jammu & Kashmir,33.4146,77.144,2019-08-01,242.15,312.62,2021-10-30,2024-03-30,97.67,23,7,5,Delayed
PRJ_0793,Railways Infrastructure Development at Rajasthan Section Pkg-2,Ministry of Railways,Railways,RVNL,Rajasthan,26.894,74.5879,2022-10-01,846.17,1188.87,2026-11-30,2028-09-29,889.86,18,13,4,Delayed
PRJ_0794,Roads Infrastructure Development at Nagaland Section Pkg-3,Ministry of Road Transport & Highways,Roads & Highways,NHAI,Nagaland,26.0929,94.5914,2020-11-01,2170.57,2242.2,2022-10-02,2023-09-01,1114.45,8,3,1,Delayed
PRJ_0795,Railways Infrastructure Development at Maharashtra Section Pkg-4,Ministry of Railways,Railways,Dedicated Freight Corridor Corp,Maharashtra,20.1169,,2018-02-01,4009.22,5432.49,2020-02-01,2021-12-01,2657.04,16,7,3,Delayed
PRJ_0796,Railways Infrastructure Development at Delhi Section Pkg-5,Ministry of Railways,Railways,Dedicated Freight Corridor Corp,Delhi,28.397,,2020-02-01,155.2,203.0,2025-01-31,2028-01-31,108.1,9,4,1,Delayed
PRJ_0797,Roads Infrastructure Development at Bihar Section Pkg-6,Ministry of Road Transport & Highways,Roads & Highways,MoRTH,Bihar,25.1343,85.2673,2019-03-01,150.0,195.0,2021-01-29,2023-08-30,160.86,11,8,3,Delayed
PRJ_0798,Railways Infrastructure Development at Arunachal Pradesh Section Pkg-7,Ministry of Railways,Railways,IRCON,Arunachal Pradesh,28.0507,94.7187,2018-03-01,325.12,343.0,2022-03-01,2022-03-01,311.41,10,9,1,Ongoing
PRJ_0799,Railways Infrastructure Development at Uttar Pradesh Section Pkg-8,Ministry of Railways,Railways,RVNL,Uttar Pradesh,27.0553,,2019-01-01,197.39,197.0,2023-05-02,2023-05-02,165.15,24,20,2,Ongoing
PRJ_0800,Water Infrastructure Development at Uttar Pradesh Section Pkg-9,"Department of Water Resources, River Development & GR",Water & Sanitation,CPWD,Uttar Pradesh,27.4034,80.7999,2017-05-01,150.0,170.25,2022-03-31,2022-11-29,134.47,9,7,2,Delayed
PRJ_0801,Power Infrastructure Development at Maharashtra Section Pkg-1,Ministry of Power,Power Transmission & Generation,THDC,Maharashtra,19.8564,75.3419,2018-02-01,3988.38,3932.54,2021-01-01,2021-04-02,2659.18,11,7,2,Ongoing
PRJ_0802,Coal Infrastructure Development at Maharashtra Section Pkg-2,Ministry of Coal,Coal Mining,MCL,Maharashtra,19.1915,75.2795,2018-06-01,2663.87,3678.8,2020-03-31,2021-06-30,1718.04,21,9,10,Delayed
PRJ_0803,Roads Infrastructure Development at Arunachal Pradesh Section Pkg-3,Ministry of Road Transport & Highways,Roads & Highways,NHIDCL,Arunachal Pradesh,27.87,,2019-06-01,271.76,349.21,2022-10-30,2025-03-30,48.02,20,2,18,Stalled
PRJ_0804,Power Infrastructure Development at Delhi Section Pkg-4,Ministry of Power,Power Transmission & Generation,SJVN,Delhi,28.4425,,2023-04-01,328.15,444.64,2025-10-30,2026-10-30,423.91,11,10,1,Delayed
PRJ_0805,Roads Infrastructure Development at Jharkhand Section Pkg-5,Ministry of Road Transport & Highways,Roads & Highways,MoRTH,Jharkhand,24.15,84.8266,2022-08-01,3958.79,5035.58,2025-05-31,2027-01-29,1286.5,17,4,3,Stalled
PRJ_0806,Roads Infrastructure Development at Uttar Pradesh Section Pkg-6,Ministry of Road Transport & Highways,Roads & Highways,MoRTH,Uttar Pradesh,26.9886,81.0129,2016-02-01,462.89,619.35,2020-02-01,2021-01-31,242.95,8,2,6,Delayed
PRJ_0807,Coal Infrastructure Development at Tamil Nadu Section Pkg-7,Ministry of Coal,Coal Mining,WCL,Tamil Nadu,11.6876,,2016-06-01,250.14,237.63,2020-10-31,2020-11-30,218.89,11,10,2,Ongoing
PRJ_0808,Urban Infrastructure Development at Telangana Section Pkg-8,Ministry of Housing & Urban Affairs,Urban Infrastructure & Metro,DMRC,Telangana,18.62,79.0796,2021-04-01,217.33,228.2,2024-05-01,2024-05-31,123.32,6,3,1,Ongoing
PRJ_0809,Roads Infrastructure Development at Assam Section Pkg-9,Ministry of Road Transport & Highways,Roads & Highways,NHAI,Assam,25.8921,93.0901,2022-09-01,314.07,342.96,2024-07-01,2024-11-30,246.71,12,8,0,Delayed
PRJ_0810,Water Infrastructure Development at Maharashtra Section Pkg-1,"Department of Water Resources, River Development & GR",Water & Sanitation,National Mission for Clean Ganga,Maharashtra,20.0955,75.6055,2016-03-01,690.24,898.69,2021-01-29,2021-11-29,681.59,6,4,2,Delayed
PRJ_0811,Roads Infrastructure Development at Odisha Section Pkg-2,Ministry of Road Transport & Highways,Roads & Highways,MoRTH,Odisha,20.6178,85.0055,2019-01-01,993.7,982.77,2022-01-31,2022-06-01,235.68,8,1,1,Delayed
PRJ_0812,Roads Infrastructure Development at Uttar Pradesh Section Pkg-3,Ministry of Road Transport & Highways,Roads & Highways,MoRTH,Uttar Pradesh,27.3662,80.5157,2018-11-01,196.03,204.46,2023-07-02,2023-08-31,151.1,17,12,0,Ongoing
PRJ_0813,Power Infrastructure Development at Chhattisgarh Section Pkg-4,Ministry of Power,Power Transmission & Generation,SJVN,Chhattisgarh,20.8949,82.0232,2017-08-01,360.94,476.44,2020-08-31,2022-03-01,140.79,16,4,9,Delayed
PRJ_0814,Roads Infrastructure Development at Maharashtra Section Pkg-5,Ministry of Road Transport & Highways,Roads & Highways,NHAI,Maharashtra,19.8093,75.1526,2023-05-01,885.52,950.16,2027-05-01,2027-08-30,175.87,15,2,2,Delayed
PRJ_0815,Coal Infrastructure Development at Tamil Nadu Section Pkg-6,Ministry of Coal,Coal Mining,WCL,Tamil Nadu,11.4573,78.9642,2021-07-01,297.34,282.47,2024-01-30,2024-04-30,266.69,24,23,1,Ongoing
PRJ_0816,Roads Infrastructure Development at Sikkim Section Pkg-7,Ministry of Road Transport & Highways,Roads & Highways,MoRTH,Sikkim,27.7096,88.8775,2022-07-01,231.35,250.78,2025-03-31,2025-05-30,196.14,20,15,0,Delayed
PRJ_0817,Roads Infrastructure Development at Jharkhand Section Pkg-8,Ministry of Road Transport & Highways,Roads & Highways,NHAI,Jharkhand,24.02,85.3483,2019-12-01,1345.12,1405.65,2024-07-31,2024-09-29,827.34,20,11,2,Ongoing
PRJ_0818,Roads Infrastructure Development at Uttar Pradesh Section Pkg-9,Ministry of Road Transport & Highways,Roads & Highways,NHIDCL,Uttar Pradesh,26.4899,81.2554,2018-06-01,5996.29,8688.62,2020-03-31,2022-03-31,8242.44,10,9,1,Delayed
PRJ_0819,Roads Infrastructure Development at Karnataka Section Pkg-1,Ministry of Road Transport & Highways,Roads & Highways,MoRTH,Karnataka,14.9087,75.4237,2016-02-01,1493.42,1500.89,2017-11-01,2018-04-02,1305.95,16,14,2,Delayed
PRJ_0820,Roads Infrastructure Development at Puducherry Section Pkg-2,Ministry of Road Transport & Highways,Roads & Highways,NHAI,Puducherry,11.6679,79.9665,2019-07-01,618.5,721.79,2023-07-31,2024-07-30,418.99,13,7,1,Delayed
PRJ_0821,Railways Infrastructure Development at Assam Section Pkg-3,Ministry of Railways,Railways,Dedicated Freight Corridor Corp,Assam,26.3947,92.7048,2018-04-01,150.0,175.35,2022-07-01,2022-07-01,150.02,16,13,0,Delayed
PRJ_0822,Roads Infrastructure Development at Arunachal Pradesh Section Pkg-4,Ministry of Road Transport & Highways,Roads & Highways,NHAI,Arunachal Pradesh,28.711,94.749,2019-02-01,1253.92,1627.59,2022-09-01,2023-04-02,819.66,22,10,10,Delayed
PRJ_0823,Roads Infrastructure Development at Punjab Section Pkg-5,Ministry of Road Transport & Highways,Roads & Highways,NHIDCL,Punjab,31.5648,75.3938,2020-03-01,3826.31,4101.8,2025-01-29,2025-05-30,869.24,16,3,2,Delayed
PRJ_0824,Urban Infrastructure Development at Andhra Pradesh Section Pkg-6,Ministry of Housing & Urban Affairs,Urban Infrastructure & Metro,MMRDA,Andhra Pradesh,15.399,80.1124,2019-11-01,300.42,301.32,2021-07-01,2022-01-30,146.92,10,4,2,Delayed
PRJ_0825,Coal Infrastructure Development at Tamil Nadu Section Pkg-7,Ministry of Coal,Coal Mining,SCCL,Tamil Nadu,11.3677,79.1267,2017-07-01,410.05,418.25,2022-05-31,2022-05-31,310.6,11,7,0,Ongoing
PRJ_0826,Educational Infrastructure Development at Assam Section Pkg-8,Department of Higher Education,Educational Infrastructure,NBCC,Assam,26.5581,92.8392,2020-03-01,1021.2,1210.12,2024-06-30,2027-04-30,734.22,23,13,3,Delayed
PRJ_0827,Roads Infrastructure Development at Jharkhand Section Pkg-9,Ministry of Road Transport & Highways,Roads & Highways,NHAI,Jharkhand,23.9829,85.0759,2021-04-01,169.93,170.44,2024-08-30,2024-10-29,116.51,10,6,1,Ongoing
PRJ_0828,Railways Infrastructure Development at Maharashtra Section Pkg-1,Ministry of Railways,Railways,IRCON,Maharashtra,19.6439,76.2161,2022-04-01,1865.74,1850.81,2024-04-30,2024-12-29,1477.88,6,4,1,Delayed
PRJ_0829,Roads Infrastructure Development at Uttar Pradesh Section Pkg-2,Ministry of Road Transport & Highways,Roads & Highways,NHIDCL,Uttar Pradesh,26.5383,81.181,2021-04-01,6558.98,7641.21,2024-03-01,2024-04-30,7018.77,7,6,1,Delayed
PRJ_0830,Roads Infrastructure Development at Andhra Pradesh Section Pkg-3,Ministry of Road Transport & Highways,Roads & Highways,NHAI,Andhra Pradesh,15.9171,80.2291,2020-03-01,1674.84,2086.85,2024-09-30,2026-07-31,373.68,22,4,6,Stalled
PRJ_0831,Roads Infrastructure Development at Bihar Section Pkg-4,Ministry of Road Transport & Highways,Roads & Highways,MoRTH,Bihar,24.5081,85.5467,2016-10-01,1319.01,1734.5,2020-06-01,2023-08-01,547.8,8,2,2,Delayed
PRJ_0832,Roads Infrastructure Development at Chhattisgarh Section Pkg-5,Ministry of Road Transport & Highways,Roads & Highways,NHIDCL,Chhattisgarh,21.4594,82.4287,2017-03-01,607.19,621.76,2020-01-30,2021-03-31,397.89,7,4,2,Delayed
PRJ_0833,Roads Infrastructure Development at Maharashtra Section Pkg-6,Ministry of Road Transport & Highways,Roads & Highways,NHAI,Maharashtra,19.9868,75.7451,2021-06-01,303.56,393.11,2026-01-30,2027-09-30,152.2,19,7,1,Delayed
PRJ_0834,Roads Infrastructure Development at Sikkim Section Pkg-7,Ministry of Road Transport & Highways,Roads & Highways,NHIDCL,Sikkim,27.3185,88.2783,2017-06-01,637.91,677.46,2019-04-01,2019-07-31,602.33,8,6,2,Delayed
PRJ_0835,Roads Infrastructure Development at Andhra Pradesh Section Pkg-8,Ministry of Road Transport & Highways,Roads & Highways,MoRTH,Andhra Pradesh,16.2658,79.3646,2022-04-01,282.69,414.14,2024-12-30,2026-09-30,109.27,21,5,6,Stalled
PRJ_0836,Power Infrastructure Development at Rajasthan Section Pkg-9,Ministry of Power,Power Transmission & Generation,PGCIL,Rajasthan,26.4279,73.8226,2021-11-01,1883.91,2023.32,2026-05-02,2026-08-01,1854.27,18,15,0,Ongoing
PRJ_0837,Healthcare Infrastructure Development at Madhya Pradesh Section Pkg-1,Ministry of Health & Family Welfare,Healthcare Infrastructure,HITES,Madhya Pradesh,22.5076,78.8107,2016-03-01,598.57,621.91,2019-06-01,2019-08-31,584.19,22,20,1,Ongoing
PRJ_0838,Roads Infrastructure Development at Gujarat Section Pkg-2,Ministry of Road Transport & Highways,Roads & Highways,NHAI,Gujarat,22.225,71.4863,2018-03-01,1284.76,1220.52,2022-10-30,2023-03-31,179.29,15,2,0,Delayed
PRJ_0839,Roads Infrastructure Development at Assam Section Pkg-3,Ministry of Road Transport & Highways,Roads & Highways,MoRTH,Assam,26.6966,92.8942,2020-05-01,150.67,178.69,2022-09-30,2024-08-30,170.86,11,9,2,Delayed
PRJ_0840,Roads Infrastructure Development at Andhra Pradesh Section Pkg-4,Ministry of Road Transport & Highways,Roads & Highways,MoRTH,Andhra Pradesh,,79.6778,2021-12-01,1943.81,2147.91,2023-11-01,2025-05-01,2120.42,17,15,1,Delayed
PRJ_0841,Coal Infrastructure Development at Assam Section Pkg-5,Ministry of Coal,Coal Mining,Coal India Ltd (CIL),Assam,26.3994,,2020-09-01,357.04,401.31,2023-10-02,2024-04-01,312.36,23,18,0,Delayed
PRJ_0842,Roads Infrastructure Development at Madhya Pradesh Section Pkg-6,Ministry of Road Transport & Highways,Roads & Highways,MoRTH,Madhya Pradesh,23.3244,78.334,2019-07-01,819.61,778.63,2022-07-31,2023-03-31,716.76,7,6,0,Delayed
PRJ_0843,Roads Infrastructure Development at Madhya Pradesh Section Pkg-7,Ministry of Road Transport & Highways,Roads & Highways,NHIDCL,Madhya Pradesh,,78.079,2018-03-01,577.17,827.66,2020-10-30,2022-11-29,633.18,15,11,2,Delayed
PRJ_0844,Coal Infrastructure Development at Chhattisgarh Section Pkg-8,Ministry of Coal,Coal Mining,ECL,Chhattisgarh,21.2852,81.6461,2017-07-01,370.16,397.18,2019-05-01,2019-05-01,219.55,22,12,2,Ongoing
PRJ_0845,Roads Infrastructure Development at Assam Section Pkg-9,Ministry of Road Transport & Highways,Roads & Highways,NHIDCL,Assam,26.6341,,2020-05-01,623.35,691.3,2022-03-01,2022-04-30,652.46,13,11,0,Delayed
PRJ_0846,Roads Infrastructure Development at Andhra Pradesh Section Pkg-1,Ministry of Road Transport & Highways,Roads & Highways,NHAI,Andhra Pradesh,16.5091,79.1632,2016-01-01,160.97,213.29,2020-09-30,2024-06-30,96.67,9,4,5,Delayed
PRJ_0847,Roads Infrastructure Development at Telangana Section Pkg-2,Ministry of Road Transport & Highways,Roads & Highways,NHIDCL,Telangana,17.7021,79.3921,2022-02-01,365.37,347.1,2025-01-01,2025-03-02,254.25,8,6,0,Ongoing
PRJ_0848,Roads Infrastructure Development at Maharashtra Section Pkg-3,Ministry of Road Transport & Highways,Roads & Highways,MoRTH,Maharashtra,,75.6085,2021-03-01,483.29,520.5,2025-09-30,2026-06-30,426.76,13,10,0,Delayed
PRJ_0849,Power Infrastructure Development at Bihar Section Pkg-4,Ministry of Power,Power Transmission & Generation,NTPC,Bihar,24.7847,85.7992,2019-08-01,383.54,464.85,2022-05-01,2024-01-30,339.68,17,12,4,Delayed
PRJ_0850,Coal Infrastructure Development at Odisha Section Pkg-5,Ministry of Coal,Coal Mining,WCL,Odisha,20.7934,85.4167,2019-02-01,1295.06,1327.44,2021-01-31,2021-03-02,1046.34,11,8,1,Ongoing
PRJ_0851,Roads Infrastructure Development at Karnataka Section Pkg-6,Ministry of Road Transport & Highways,Roads & Highways,NHIDCL,Karnataka,15.7303,75.2154,2016-07-01,508.68,489.35,2018-08-31,2019-01-30,393.18,7,5,0,Delayed
PRJ_0852,Roads Infrastructure Development at Maharashtra Section Pkg-7,Ministry of Road Transport & Highways,Roads & Highways,MoRTH,Maharashtra,19.2162,75.8288,2022-03-01,205.81,250.26,2026-10-30,2027-12-30,200.41,15,11,3,Delayed
PRJ_0853,Roads Infrastructure Development at Haryana Section Pkg-8,Ministry of Road Transport & Highways,Roads & Highways,NHAI,Haryana,,,2023-02-01,685.91,788.8,2027-04-02,2028-08-31,40.32,15,0,9,Delayed
PRJ_0854,Power Infrastructure Development at Delhi Section Pkg-9,Ministry of Power,Power Transmission & Generation,PGCIL,Delhi,29.0676,77.5516,2023-10-01,230.96,257.98,2026-08-31,2029-05-01,199.54,11,8,1,Delayed
PRJ_0855,Power Infrastructure Development at Maharashtra Section Pkg-1,Ministry of Power,Power Transmission & Generation,PGCIL,Maharashtra,,75.3643,2018-08-01,325.24,404.92,2022-05-01,2026-07-31,191.04,9,4,3,Delayed
PRJ_0856,Railways Infrastructure Development at Maharashtra Section Pkg-2,Ministry of Railways,Railways,RVNL,Maharashtra,19.3526,75.9113,2022-05-01,530.38,561.67,2026-09-30,2027-01-29,512.5,16,14,0,Delayed
PRJ_0857,Roads Infrastructure Development at Tamil Nadu Section Pkg-3,Ministry of Road Transport & Highways,Roads & Highways,NHAI,Tamil Nadu,11.3552,79.0423,2023-05-01,523.63,534.1,2027-08-30,2028-12-29,394.8,6,4,1,Delayed
PRJ_0858,Roads Infrastructure Development at Manipur Section Pkg-4,Ministry of Road Transport & Highways,Roads & Highways,NHIDCL,Manipur,24.8352,94.3957,2016-12-01,188.94,209.35,2020-03-02,2020-04-01,145.42,13,9,2,Delayed
PRJ_0859,Railways Infrastructure Development at Haryana Section Pkg-5,Ministry of Railways,Railways,Central Railway,Haryana,29.3936,76.2066,2021-05-01,574.48,747.97,2024-12-30,2026-05-01,222.28,23,6,4,Delayed
PRJ_0860,Roads Infrastructure Development at Chhattisgarh Section Pkg-6,Ministry of Road Transport & Highways,Roads & Highways,NHIDCL,Chhattisgarh,21.4013,81.6373,2017-06-01,428.87,561.82,2019-12-31,2022-07-01,509.36,11,9,1,Delayed
PRJ_0861,Urban Infrastructure Development at Tamil Nadu Section Pkg-7,Ministry of Housing & Urban Affairs,Urban Infrastructure & Metro,MahaMetro,Tamil Nadu,10.9391,78.4482,2020-07-01,1392.48,1599.96,2024-09-30,2025-05-31,451.45,21,5,1,Delayed
PRJ_0862,Roads Infrastructure Development at Madhya Pradesh Section Pkg-8,Ministry of Road Transport & Highways,Roads & Highways,MoRTH,Madhya Pradesh,22.7416,78.4452,2019-04-01,250.16,258.42,2021-01-29,2021-06-30,183.79,12,8,0,Delayed
PRJ_0863,Urban Infrastructure Development at Mizoram Section Pkg-9,Ministry of Housing & Urban Affairs,Urban Infrastructure & Metro,NBCC,Mizoram,23.6568,,2017-02-01,649.47,758.58,2020-03-03,2021-07-03,692.0,22,20,2,Delayed
PRJ_0864,Roads Infrastructure Development at Tamil Nadu Section Pkg-1,Ministry of Road Transport & Highways,Roads & Highways,MoRTH,Tamil Nadu,10.8714,78.5864,2016-07-01,6916.81,8984.94,2020-03-31,2020-11-29,1814.91,24,4,1,Delayed
PRJ_0865,Roads Infrastructure Development at Bihar Section Pkg-2,Ministry of Road Transport & Highways,Roads & Highways,MoRTH,Bihar,24.8004,84.8136,2023-08-01,150.0,199.8,2028-03-31,2029-04-30,149.87,7,5,1,Delayed
PRJ_0866,Roads Infrastructure Development at Maharashtra Section Pkg-3,Ministry of Road Transport & Highways,Roads & Highways,NHAI,Maharashtra,20.1823,75.8293,2016-03-01,1338.12,1271.21,2018-09-30,2019-01-29,1097.47,24,21,1,Delayed
PRJ_0867,Roads Infrastructure Development at Bihar Section Pkg-4,Ministry of Road Transport & Highways,Roads & Highways,MoRTH,Bihar,24.5766,85.7329,2021-07-01,4226.7,4015.36,2023-01-30,2023-05-01,3124.73,6,4,1,Ongoing
PRJ_0868,Roads Infrastructure Development at Uttar Pradesh Section Pkg-5,Ministry of Road Transport & Highways,Roads & Highways,NHAI,Uttar Pradesh,26.8996,81.1874,2018-02-01,301.23,315.99,2021-09-01,2021-12-31,139.74,13,5,0,Delayed
PRJ_0869,Railways Infrastructure Development at Bihar Section Pkg-6,Ministry of Railways,Railways,IRCON,Bihar,25.6296,,2020-11-01,272.35,435.49,2025-07-02,2027-12-01,88.19,16,3,12,Stalled
PRJ_0870,Railways Infrastructure Development at Jammu & Kashmir Section Pkg-7,Ministry of Railways,Railways,IRCON,Jammu & Kashmir,33.6348,76.3374,2023-03-01,256.66,263.08,2027-10-30,2028-01-29,68.33,20,5,2,Ongoing
PRJ_0871,Roads Infrastructure Development at Bihar Section Pkg-8,Ministry of Road Transport & Highways,Roads & Highways,MoRTH,Bihar,25.5679,85.8055,2017-03-01,272.13,258.52,2019-05-01,2019-05-01,121.97,18,8,0,Ongoing
PRJ_0872,Roads Infrastructure Development at Bihar Section Pkg-9,Ministry of Road Transport & Highways,Roads & Highways,NHAI,Bihar,25.385,84.9389,2022-03-01,557.76,877.91,2024-11-29,2027-06-30,724.44,10,8,2,Delayed
PRJ_0873,Power Infrastructure Development at Telangana Section Pkg-1,Ministry of Power,Power Transmission & Generation,NHPC,Telangana,17.6048,78.4774,2017-06-01,856.62,946.57,2020-05-01,2020-06-30,393.47,8,3,2,Delayed
PRJ_0874,Petroleum Infrastructure Development at Andhra Pradesh Section Pkg-2,Ministry of Petroleum & Natural Gas,Petroleum & Natural Gas,IOCL,Andhra Pradesh,16.5017,79.3515,2020-12-01,1260.98,1557.31,2023-11-01,2025-10-31,1012.29,17,10,3,Delayed
PRJ_0875,Roads Infrastructure Development at Uttar Pradesh Section Pkg-3,Ministry of Road Transport & Highways,Roads & Highways,NHAI,Uttar Pradesh,26.2781,81.441,2020-02-01,150.0,164.55,2022-01-31,2022-07-02,149.06,11,9,2,Delayed
PRJ_0876,Roads Infrastructure Development at West Bengal Section Pkg-4,Ministry of Road Transport & Highways,Roads & Highways,NHIDCL,West Bengal,22.472,88.3609,2017-12-01,3279.85,3473.36,2021-03-02,2021-06-01,2267.34,9,5,1,Ongoing
PRJ_0877,Roads Infrastructure Development at Kerala Section Pkg-5,Ministry of Road Transport & Highways,Roads & Highways,MoRTH,Kerala,10.5657,76.325,2022-02-01,2527.77,2492.38,2026-05-03,2026-10-02,1217.63,24,11,1,Delayed
PRJ_0878,Roads Infrastructure Development at Kerala Section Pkg-6,Ministry of Road Transport & Highways,Roads & Highways,MoRTH,Kerala,10.2971,76.0963,2020-09-01,237.51,290.71,2024-03-02,2026-12-01,41.93,21,3,7,Stalled
PRJ_0879,Roads Infrastructure Development at Goa Section Pkg-7,Ministry of Road Transport & Highways,Roads & Highways,NHAI,Goa,15.636,74.3857,2023-11-01,330.43,324.15,2027-11-01,2027-12-31,293.08,8,7,0,Ongoing
PRJ_0880,Healthcare Infrastructure Development at Gujarat Section Pkg-8,Ministry of Health & Family Welfare,Healthcare Infrastructure,HSCC,Gujarat,21.8703,71.6578,2020-01-01,610.1,736.39,2024-01-01,2026-05-02,450.69,20,12,2,Delayed
PRJ_0881,Roads Infrastructure Development at Manipur Section Pkg-9,Ministry of Road Transport & Highways,Roads & Highways,MoRTH,Manipur,24.3203,93.6278,2016-04-01,322.27,350.31,2019-04-01,2019-05-01,265.63,11,8,0,Delayed
PRJ_0882,Roads Infrastructure Development at Uttarakhand Section Pkg-1,Ministry of Road Transport & Highways,Roads & Highways,MoRTH,Uttarakhand,30.0675,79.4201,2018-05-01,224.71,242.46,2022-07-31,2023-01-29,204.92,8,7,0,Delayed
PRJ_0883,Roads Infrastructure Development at Odisha Section Pkg-2,Ministry of Road Transport & Highways,Roads & Highways,NHIDCL,Odisha,21.3715,84.9491,2017-09-01,150.0,213.9,2019-10-01,2021-03-31,213.9,17,16,1,Delayed
PRJ_0884,Roads Infrastructure Development at Karnataka Section Pkg-3,Ministry of Road Transport & Highways,Roads & Highways,NHIDCL,Karnataka,15.618,75.9447,2017-11-01,253.31,275.6,2021-08-01,2021-08-01,211.85,20,15,0,Delayed
PRJ_0885,Railways Infrastructure Development at Madhya Pradesh Section Pkg-4,Ministry of Railways,Railways,RVNL,Madhya Pradesh,22.3822,78.5713,2016-12-01,1678.88,2358.83,2021-12-01,2024-08-01,257.69,13,1,9,Stalled
PRJ_0886,Roads Infrastructure Development at Assam Section Pkg-5,Ministry of Road Transport & Highways,Roads & Highways,NHAI,Assam,25.799,92.8901,2022-02-01,256.32,352.44,2026-10-02,2028-02-01,75.87,22,4,7,Delayed
PRJ_0887,Railways Infrastructure Development at Delhi Section Pkg-6,Ministry of Railways,Railways,Dedicated Freight Corridor Corp,Delhi,,76.5069,2019-03-01,175.67,195.35,2021-02-28,2021-04-29,173.52,23,21,0,Delayed
PRJ_0888,Roads Infrastructure Development at Odisha Section Pkg-7,Ministry of Road Transport & Highways,Roads & Highways,NHAI,Odisha,20.5499,85.6856,2019-01-01,1569.91,2263.81,2023-01-31,2025-04-01,1509.87,22,15,7,Delayed
PRJ_0889,Roads Infrastructure Development at Maharashtra Section Pkg-8,Ministry of Road Transport & Highways,Roads & Highways,MoRTH,Maharashtra,20.2912,75.7243,2022-07-01,223.02,248.89,2024-09-29,2027-06-30,141.7,9,4,2,Delayed
PRJ_0890,Roads Infrastructure Development at Assam Section Pkg-9,Ministry of Road Transport & Highways,Roads & Highways,NHAI,Assam,26.0575,93.2386,2021-05-01,240.65,346.54,2025-11-30,2028-08-30,33.53,19,1,11,Stalled
PRJ_0891,Power Infrastructure Development at Uttar Pradesh Section Pkg-1,Ministry of Power,Power Transmission & Generation,NHPC,Uttar Pradesh,26.9338,80.5621,2019-09-01,1095.68,1077.05,2021-11-30,2022-01-29,637.61,19,10,2,Ongoing
PRJ_0892,Power Infrastructure Development at Maharashtra Section Pkg-2,Ministry of Power,Power Transmission & Generation,NHPC,Maharashtra,20.0788,76.0289,2023-04-01,841.5,864.22,2027-07-31,2027-07-31,836.19,19,17,0,Ongoing
PRJ_0893,Roads Infrastructure Development at Andhra Pradesh Section Pkg-3,Ministry of Road Transport & Highways,Roads & Highways,NHAI,Andhra Pradesh,16.1203,80.1883,2016-06-01,2317.84,3293.65,2017-12-31,2020-03-31,237.83,11,0,4,Stalled
PRJ_0894,Petroleum Infrastructure Development at Gujarat Section Pkg-4,Ministry of Petroleum & Natural Gas,Petroleum & Natural Gas,NRL,Gujarat,22.6809,71.7674,2023-12-01,311.05,362.37,2026-10-31,2027-08-31,175.25,15,7,6,Delayed
PRJ_0895,Railways Infrastructure Development at Jammu & Kashmir Section Pkg-5,Ministry of Railways,Railways,Dedicated Freight Corridor Corp,Jammu & Kashmir,33.2598,76.7026,2017-02-01,518.28,513.1,2020-07-02,2020-10-31,360.65,15,9,1,Delayed
PRJ_0896,Roads Infrastructure Development at Karnataka Section Pkg-6,Ministry of Road Transport & Highways,Roads & Highways,MoRTH,Karnataka,15.186,75.9933,2017-11-01,715.03,993.18,2021-09-01,2024-10-01,660.96,11,6,4,Delayed
PRJ_0897,Roads Infrastructure Development at Tamil Nadu Section Pkg-7,Ministry of Road Transport & Highways,Roads & Highways,MoRTH,Tamil Nadu,11.5712,79.1417,2019-08-01,1000.6,1349.81,2024-07-31,2026-05-01,874.66,16,9,7,Delayed
PRJ_0898,Roads Infrastructure Development at Gujarat Section Pkg-8,Ministry of Road Transport & Highways,Roads & Highways,MoRTH,Gujarat,22.425,70.7476,2023-03-01,1320.32,1895.98,2024-12-29,2025-12-29,1589.83,23,20,2,Delayed
PRJ_0899,Railways Infrastructure Development at Manipur Section Pkg-9,Ministry of Railways,Railways,Central Railway,Manipur,24.3617,93.4787,2020-08-01,808.25,884.23,2023-04-02,2023-09-01,226.99,8,2,1,Delayed
PRJ_0900,Roads Infrastructure Development at Assam Section Pkg-1,Ministry of Road Transport & Highways,Roads & Highways,MoRTH,Assam,,93.1193,2016-04-01,420.44,459.96,2018-06-01,2018-06-01,427.54,20,19,0,Delayed
PRJ_0901,Roads Infrastructure Development at Madhya Pradesh Section Pkg-2,Ministry of Road Transport & Highways,Roads & Highways,NHIDCL,Madhya Pradesh,22.709,78.3954,2016-10-01,1080.97,1279.87,2018-05-02,2019-12-01,400.83,9,2,3,Delayed
PRJ_0902,Roads Infrastructure Development at Assam Section Pkg-3,Ministry of Road Transport & Highways,Roads & Highways,NHIDCL,Assam,,92.8499,2022-05-01,363.89,345.7,2026-03-01,2026-05-31,217.27,22,14,2,Ongoing
PRJ_0903,Roads Infrastructure Development at Madhya Pradesh Section Pkg-4,Ministry of Road Transport & Highways,Roads & Highways,MoRTH,Madhya Pradesh,23.0253,78.7931,2019-05-01,643.4,853.15,2024-03-30,2025-12-29,543.5,8,5,3,Delayed
PRJ_0904,Urban Infrastructure Development at Chhattisgarh Section Pkg-5,Ministry of Housing & Urban Affairs,Urban Infrastructure & Metro,PMRCL,Chhattisgarh,21.2835,81.9345,2022-12-01,212.95,220.83,2027-08-31,2027-12-30,62.85,10,2,0,Delayed
PRJ_0905,Roads Infrastructure Development at Uttar Pradesh Section Pkg-6,Ministry of Road Transport & Highways,Roads & Highways,NHAI,Uttar Pradesh,27.1664,81.0311,2019-01-01,539.49,685.15,2024-01-01,2026-05-02,417.79,23,13,10,Delayed
PRJ_0906,Roads Infrastructure Development at Kerala Section Pkg-7,Ministry of Road Transport & Highways,Roads & Highways,NHAI,Kerala,11.2823,75.7862,2020-07-01,150.0,206.55,2024-01-30,2024-09-29,90.25,7,2,4,Delayed
PRJ_0907,Roads Infrastructure Development at Maharashtra Section Pkg-8,Ministry of Road Transport & Highways,Roads & Highways,NHAI,Maharashtra,19.494,75.6131,2017-07-01,150.0,170.1,2019-08-31,2021-04-30,63.61,23,8,5,Delayed
PRJ_0908,Roads Infrastructure Development at Maharashtra Section Pkg-9,Ministry of Road Transport & Highways,Roads & Highways,MoRTH,Maharashtra,20.1347,76.2381,2021-03-01,869.67,830.53,2024-04-30,2024-06-29,452.12,23,12,2,Ongoing
PRJ_0909,Educational Infrastructure Development at Andhra Pradesh Section Pkg-1,Department of Higher Education,Educational Infrastructure,CPWD,Andhra Pradesh,15.3494,79.585,2017-07-01,150.0,185.1,2018-12-30,2023-08-30,24.84,23,2,13,Stalled
PRJ_0910,Roads Infrastructure Development at Manipur Section Pkg-2,Ministry of Road Transport & Highways,Roads & Highways,NHAI,Manipur,24.2393,93.8791,2022-04-01,431.81,431.81,2024-06-30,2024-09-29,392.91,23,21,1,Ongoing
PRJ_0911,Roads Infrastructure Development at Mizoram Section Pkg-3,Ministry of Road Transport & Highways,Roads & Highways,NHIDCL,Mizoram,23.5862,93.4917,2020-02-01,794.93,995.25,2025-01-31,2025-12-31,796.62,10,7,3,Delayed
PRJ_0912,Coal Infrastructure Development at Uttar Pradesh Section Pkg-4,Ministry of Coal,Coal Mining,SECL,Uttar Pradesh,27.3907,80.4609,2019-03-01,2020.63,1919.6,2023-12-30,2024-12-29,1089.32,18,10,2,Delayed
PRJ_0913,Roads Infrastructure Development at Assam Section Pkg-5,Ministry of Road Transport & Highways,Roads & Highways,NHIDCL,Assam,26.6043,92.7168,2022-10-01,1261.94,1341.44,2025-03-01,2025-03-01,890.7,11,6,0,Ongoing
PRJ_0914,Roads Infrastructure Development at Madhya Pradesh Section Pkg-6,Ministry of Road Transport & Highways,Roads & Highways,NHAI,Madhya Pradesh,23.3075,78.0614,2021-02-01,499.06,683.21,2022-09-02,2024-09-01,421.16,24,13,4,Delayed
PRJ_0915,Water Infrastructure Development at Rajasthan Section Pkg-7,"Department of Water Resources, River Development & GR",Water & Sanitation,Water Resources Dept,Rajasthan,,74.3978,2023-11-01,728.06,771.74,2028-03-01,2028-08-30,732.98,20,17,2,Delayed
PRJ_0916,Roads Infrastructure Development at Gujarat Section Pkg-8,Ministry of Road Transport & Highways,Roads & Highways,NHAI,Gujarat,22.3062,71.5259,2018-07-01,1093.66,1171.31,2022-03-31,2023-05-31,988.26,11,9,1,Delayed
PRJ_0917,Roads Infrastructure Development at Karnataka Section Pkg-9,Ministry of Road Transport & Highways,Roads & Highways,NHIDCL,Karnataka,15.767,75.1978,2018-09-01,150.0,170.7,2022-10-01,2023-04-01,30.46,9,1,2,Delayed
PRJ_0918,Roads Infrastructure Development at Punjab Section Pkg-1,Ministry of Road Transport & Highways,Roads & Highways,MoRTH,Punjab,31.0,75.509,2016-12-01,150.0,160.05,2021-04-01,2021-05-31,144.26,24,22,1,Ongoing
PRJ_0919,Roads Infrastructure Development at Uttar Pradesh Section Pkg-2,Ministry of Road Transport & Highways,Roads & Highways,NHAI,Uttar Pradesh,26.5033,81.2894,2022-04-01,216.42,261.0,2025-03-31,2025-11-29,54.81,22,4,6,Delayed
PRJ_0920,Railways Infrastructure Development at Maharashtra Section Pkg-3,Ministry of Railways,Railways,RVNL,Maharashtra,19.5137,75.8707,2019-12-01,1231.57,1665.08,2023-03-02,2024-05-01,1577.43,6,5,1,Delayed
PRJ_0921,Power Infrastructure Development at Rajasthan Section Pkg-4,Ministry of Power,Power Transmission & Generation,NHPC,Rajasthan,26.4441,74.0108,2016-06-01,216.14,280.98,2018-03-02,2020-01-31,254.65,8,7,1,Delayed
PRJ_0922,Petroleum Infrastructure Development at Odisha Section Pkg-5,Ministry of Petroleum & Natural Gas,Petroleum & Natural Gas,NRL,Odisha,21.2016,85.6875,2017-06-01,354.58,374.79,2020-03-01,2020-10-30,367.19,24,21,0,Delayed
PRJ_0923,Roads Infrastructure Development at Andhra Pradesh Section Pkg-6,Ministry of Road Transport & Highways,Roads & Highways,MoRTH,Andhra Pradesh,15.5376,79.3208,2016-11-01,846.29,919.92,2018-05-02,2018-07-01,886.7,16,14,0,Delayed
PRJ_0924,Railways Infrastructure Development at Tamil Nadu Section Pkg-7,Ministry of Railways,Railways,RVNL,Tamil Nadu,11.6957,78.4416,2021-04-01,557.02,811.58,2024-11-30,2026-07-01,566.26,8,5,3,Delayed
PRJ_0925,Roads Infrastructure Development at Uttar Pradesh Section Pkg-8,Ministry of Road Transport & Highways,Roads & Highways,NHIDCL,Uttar Pradesh,26.8794,81.0883,2022-01-01,1426.65,1583.58,2026-10-01,2026-11-30,454.17,15,4,0,Delayed
PRJ_0926,Roads Infrastructure Development at Odisha Section Pkg-9,Ministry of Road Transport & Highways,Roads & Highways,MoRTH,Odisha,21.1742,85.4418,2023-06-01,235.6,235.6,2025-05-31,2025-09-29,230.52,16,15,1,Delayed
PRJ_0927,Coal Infrastructure Development at Bihar Section Pkg-1,Ministry of Coal,Coal Mining,ECL,Bihar,25.4812,85.6998,2017-12-01,451.65,453.91,2020-06-01,2021-08-01,160.95,22,7,0,Delayed
PRJ_0928,Roads Infrastructure Development at Gujarat Section Pkg-2,Ministry of Road Transport & Highways,Roads & Highways,NHIDCL,Gujarat,21.6761,71.2831,2018-11-01,1125.35,1228.88,2022-01-31,2022-03-02,811.53,24,14,0,Delayed
PRJ_0929,Roads Infrastructure Development at Maharashtra Section Pkg-3,Ministry of Road Transport & Highways,Roads & Highways,NHAI,Maharashtra,19.9813,76.0892,2018-08-01,150.0,158.25,2020-08-30,2020-09-29,139.66,10,9,0,Ongoing
PRJ_0930,Power Infrastructure Development at Odisha Section Pkg-4,Ministry of Power,Power Transmission & Generation,NHPC,Odisha,21.457,85.1358,2022-05-01,4475.18,4855.57,2024-11-29,2025-01-28,1452.98,10,2,0,Delayed
PRJ_0931,Roads Infrastructure Development at Maharashtra Section Pkg-5,Ministry of Road Transport & Highways,Roads & Highways,NHIDCL,Maharashtra,19.1829,76.0562,2020-05-01,1490.18,1525.94,2024-01-30,2024-09-29,310.75,11,2,2,Delayed
PRJ_0932,Roads Infrastructure Development at Jammu & Kashmir Section Pkg-6,Ministry of Road Transport & Highways,Roads & Highways,NHAI,Jammu & Kashmir,33.2352,76.9791,2019-03-01,1247.45,1583.01,2021-01-29,2022-02-28,628.52,19,7,5,Delayed
PRJ_0933,Roads Infrastructure Development at Madhya Pradesh Section Pkg-7,Ministry of Road Transport & Highways,Roads & Highways,NHIDCL,Madhya Pradesh,23.3906,78.0998,2021-11-01,984.57,935.34,2024-01-31,2024-03-01,724.15,18,13,1,Ongoing
PRJ_0934,Roads Infrastructure Development at Uttar Pradesh Section Pkg-8,Ministry of Road Transport & Highways,Roads & Highways,NHIDCL,Uttar Pradesh,26.5754,81.167,2022-03-01,1148.44,1091.02,2026-12-30,2027-04-30,597.68,23,13,2,Delayed
PRJ_0935,Railways Infrastructure Development at Assam Section Pkg-9,Ministry of Railways,Railways,Central Railway,Assam,25.9763,93.2745,2021-11-01,3076.88,3384.57,2024-10-01,2024-10-31,1830.96,24,12,1,Delayed
PRJ_0936,Roads Infrastructure Development at Assam Section Pkg-1,Ministry of Road Transport & Highways,Roads & Highways,NHAI,Assam,25.6271,93.4515,2016-12-01,1880.18,1806.85,2019-03-02,2019-11-30,1796.29,18,17,1,Delayed
PRJ_0937,Roads Infrastructure Development at Maharashtra Section Pkg-2,Ministry of Road Transport & Highways,Roads & Highways,NHAI,Maharashtra,20.0466,75.2023,2017-12-01,2468.7,2727.91,2022-04-01,2022-08-31,1932.62,24,16,1,Delayed
PRJ_0938,Urban Infrastructure Development at Maharashtra Section Pkg-3,Ministry of Housing & Urban Affairs,Urban Infrastructure & Metro,NBCC,Maharashtra,19.5317,76.0415,2018-08-01,2026.77,2101.76,2023-03-02,2023-06-01,299.86,21,3,1,Ongoing
PRJ_0939,Coal Infrastructure Development at Madhya Pradesh Section Pkg-4,Ministry of Coal,Coal Mining,MCL,Madhya Pradesh,23.5672,79.108,2020-08-01,241.25,266.34,2024-09-30,2025-08-30,236.43,24,20,1,Delayed
PRJ_0940,Roads Infrastructure Development at Uttar Pradesh Section Pkg-5,Ministry of Road Transport & Highways,Roads & Highways,MoRTH,Uttar Pradesh,26.6809,80.6588,2022-06-01,192.41,217.81,2027-04-01,2029-06-30,45.96,11,2,8,Stalled
PRJ_0941,Roads Infrastructure Development at Bihar Section Pkg-6,Ministry of Road Transport & Highways,Roads & Highways,MoRTH,Bihar,24.6832,85.0283,2019-04-01,150.0,153.0,2021-03-01,2023-03-01,43.39,20,5,8,Stalled
PRJ_0942,Railways Infrastructure Development at Maharashtra Section Pkg-7,Ministry of Railways,Railways,RVNL,Maharashtra,19.5191,75.8355,2021-05-01,759.27,783.57,2023-07-31,2023-11-29,350.02,16,6,0,Delayed
PRJ_0943,Power Infrastructure Development at West Bengal Section Pkg-8,Ministry of Power,Power Transmission & Generation,THDC,West Bengal,23.4798,87.5269,2017-09-01,480.7,473.49,2020-04-01,2020-07-31,450.31,10,8,0,Delayed
PRJ_0944,Railways Infrastructure Development at Gujarat Section Pkg-9,Ministry of Railways,Railways,IRCON,Gujarat,22.115,71.5484,2023-10-01,336.98,365.62,2028-07-31,2029-03-01,61.71,22,3,1,Delayed
PRJ_0945,Roads Infrastructure Development at Odisha Section Pkg-1,Ministry of Road Transport & Highways,Roads & Highways,NHAI,Odisha,21.3191,85.3969,2016-08-01,1528.95,1677.26,2019-10-01,2019-10-31,696.51,13,5,1,Delayed
PRJ_0946,Roads Infrastructure Development at Rajasthan Section Pkg-2,Ministry of Road Transport & Highways,Roads & Highways,NHAI,Rajasthan,26.8217,74.4775,2022-03-01,825.05,1018.11,2026-04-30,2028-03-30,411.33,8,3,3,Delayed
PRJ_0947,Roads Infrastructure Development at Mizoram Section Pkg-3,Ministry of Road Transport & Highways,Roads & Highways,MoRTH,Mizoram,23.2391,93.1696,2018-01-01,1542.64,1565.78,2022-01-01,2022-01-31,597.38,24,9,2,Ongoing
PRJ_0948,Roads Infrastructure Development at Tamil Nadu Section Pkg-4,Ministry of Road Transport & Highways,Roads & Highways,MoRTH,Tamil Nadu,,78.4492,2017-06-01,390.37,470.4,2021-05-01,2022-12-30,99.37,17,3,9,Stalled
PRJ_0949,Roads Infrastructure Development at Rajasthan Section Pkg-5,Ministry of Road Transport & Highways,Roads & Highways,NHAI,Rajasthan,27.0852,,2020-11-01,1009.81,1532.89,2022-05-02,2023-08-01,1357.74,15,12,1,Delayed
PRJ_0950,Power Infrastructure Development at Maharashtra Section Pkg-6,Ministry of Power,Power Transmission & Generation,PGCIL,Maharashtra,19.2834,76.1388,2016-07-01,1943.44,1916.23,2019-06-01,2019-08-31,1679.96,6,5,2,Ongoing
PRJ_0951,Roads Infrastructure Development at Haryana Section Pkg-7,Ministry of Road Transport & Highways,Roads & Highways,NHIDCL,Haryana,29.2802,76.0328,2020-12-01,883.32,988.44,2025-08-01,2026-07-01,269.2,16,4,2,Delayed
PRJ_0952,Roads Infrastructure Development at Odisha Section Pkg-8,Ministry of Road Transport & Highways,Roads & Highways,NHAI,Odisha,21.2461,84.8002,2023-12-01,600.29,635.11,2025-05-31,2025-05-31,580.0,12,10,1,Ongoing
PRJ_0953,Roads Infrastructure Development at Uttarakhand Section Pkg-9,Ministry of Road Transport & Highways,Roads & Highways,NHAI,Uttarakhand,29.6994,79.1712,2018-05-01,150.0,213.75,2020-01-30,2021-10-30,203.52,22,20,2,Delayed
PRJ_0954,Roads Infrastructure Development at Chhattisgarh Section Pkg-1,Ministry of Road Transport & Highways,Roads & Highways,MoRTH,Chhattisgarh,21.3765,82.2691,2020-04-01,2610.46,2795.8,2021-11-30,2022-05-01,2023.54,22,15,0,Delayed
PRJ_0955,Railways Infrastructure Development at Jharkhand Section Pkg-2,Ministry of Railways,Railways,RVNL,Jharkhand,23.7265,84.7178,2018-03-01,823.15,921.1,2019-12-30,2020-08-29,500.73,13,6,0,Delayed
PRJ_0956,Airports Infrastructure Development at Odisha Section Pkg-3,Ministry of Civil Aviation,Airports & Aviation,GMR Infrastructure,Odisha,20.8527,85.6406,2020-12-01,1883.8,2512.99,2025-10-31,2027-06-01,436.03,18,3,11,Stalled
PRJ_0957,Roads Infrastructure Development at Madhya Pradesh Section Pkg-4,Ministry of Road Transport & Highways,Roads & Highways,NHAI,Madhya Pradesh,22.5403,78.8619,2020-07-01,3541.11,4114.77,2024-11-30,2026-05-31,485.21,21,2,0,Delayed
PRJ_0958,Petroleum Infrastructure Development at Madhya Pradesh Section Pkg-5,Ministry of Petroleum & Natural Gas,Petroleum & Natural Gas,GAIL,Madhya Pradesh,23.1635,79.0163,2018-03-01,920.47,1323.64,2020-07-30,2021-10-29,79.67,22,1,12,Delayed
PRJ_0959,Roads Infrastructure Development at Kerala Section Pkg-6,Ministry of Road Transport & Highways,Roads & Highways,NHIDCL,Kerala,11.3327,76.424,2023-07-01,881.7,880.82,2026-01-29,2026-04-30,362.71,9,3,1,Ongoing
PRJ_0960,Roads Infrastructure Development at Karnataka Section Pkg-7,Ministry of Road Transport & Highways,Roads & Highways,NHAI,Karnataka,15.6206,75.3961,2020-06-01,551.11,600.16,2021-11-30,2022-03-31,407.88,17,11,0,Delayed
PRJ_0961,Power Infrastructure Development at Tamil Nadu Section Pkg-8,Ministry of Power,Power Transmission & Generation,PGCIL,Tamil Nadu,11.717,78.5429,2022-12-01,150.0,165.6,2025-01-30,2025-01-30,125.44,10,7,1,Delayed
PRJ_0962,Coal Infrastructure Development at Maharashtra Section Pkg-9,Ministry of Coal,Coal Mining,MCL,Maharashtra,19.781,75.7854,2021-04-01,565.56,779.91,2024-03-01,2026-03-31,682.09,17,14,2,Delayed
PRJ_0963,Roads Infrastructure Development at Odisha Section Pkg-1,Ministry of Road Transport & Highways,Roads & Highways,NHIDCL,Odisha,21.2971,85.118,2019-03-01,1365.01,1524.72,2021-08-30,2023-08-30,1328.26,8,7,1,Delayed
PRJ_0964,Healthcare Infrastructure Development at Uttar Pradesh Section Pkg-2,Ministry of Health & Family Welfare,Healthcare Infrastructure,HITES,Uttar Pradesh,26.8019,81.3782,2020-06-01,150.0,151.65,2023-09-01,2023-09-01,140.13,6,5,1,Ongoing
PRJ_0965,Coal Infrastructure Development at Assam Section Pkg-3,Ministry of Coal,Coal Mining,SECL,Assam,25.8913,93.4492,2018-05-01,347.59,401.12,2022-11-30,2023-07-31,108.05,19,5,0,Delayed
PRJ_0966,Roads Infrastructure Development at Himachal Pradesh Section Pkg-4,Ministry of Road Transport & Highways,Roads & Highways,MoRTH,Himachal Pradesh,31.5541,77.5196,2020-11-01,574.3,729.36,2025-09-01,2027-11-01,117.35,24,3,3,Stalled
PRJ_0967,Railways Infrastructure Development at Bihar Section Pkg-5,Ministry of Railways,Railways,IRCON,Bihar,,85.1013,2023-04-01,825.41,1106.87,2025-11-30,2026-08-30,321.66,16,4,8,Delayed
PRJ_0968,Power Infrastructure Development at Jharkhand Section Pkg-6,Ministry of Power,Power Transmission & Generation,SJVN,Jharkhand,23.4965,84.831,2016-01-01,369.89,383.21,2019-05-02,2019-08-01,344.41,20,16,0,Ongoing
PRJ_0969,Roads Infrastructure Development at Chhattisgarh Section Pkg-7,Ministry of Road Transport & Highways,Roads & Highways,NHIDCL,Chhattisgarh,21.204,,2023-03-01,301.01,405.46,2028-01-29,2030-08-29,154.92,19,7,6,Delayed
PRJ_0970,Roads Infrastructure Development at Madhya Pradesh Section Pkg-8,Ministry of Road Transport & Highways,Roads & Highways,MoRTH,Madhya Pradesh,23.5128,,2018-08-01,959.89,1004.04,2021-04-01,2021-08-31,868.32,13,11,0,Delayed
PRJ_0971,Roads Infrastructure Development at Karnataka Section Pkg-9,Ministry of Road Transport & Highways,Roads & Highways,NHAI,Karnataka,15.8856,75.7952,2016-02-01,863.38,949.72,2018-07-02,2019-07-02,778.4,9,7,1,Delayed
PRJ_0972,Petroleum Infrastructure Development at Karnataka Section Pkg-1,Ministry of Petroleum & Natural Gas,Petroleum & Natural Gas,BPCL,Karnataka,15.4599,,2021-07-01,582.73,586.23,2026-01-30,2026-01-30,270.18,24,10,1,Ongoing
PRJ_0973,Railways Infrastructure Development at Karnataka Section Pkg-2,Ministry of Railways,Railways,Central Railway,Karnataka,15.6484,75.5181,2023-08-01,150.0,164.85,2027-09-30,2027-11-29,54.71,15,4,2,Delayed
PRJ_0974,Roads Infrastructure Development at Telangana Section Pkg-3,Ministry of Road Transport & Highways,Roads & Highways,NHIDCL,Telangana,18.5795,79.1557,2021-06-01,1774.32,1864.81,2024-05-01,2024-07-31,642.31,17,5,1,Ongoing
PRJ_0975,Educational Infrastructure Development at West Bengal Section Pkg-4,Department of Higher Education,Educational Infrastructure,NIT,West Bengal,,87.5636,2022-09-01,150.0,144.45,2027-01-31,2027-01-31,84.07,12,6,0,Ongoing
PRJ_0976,Petroleum Infrastructure Development at Madhya Pradesh Section Pkg-5,Ministry of Petroleum & Natural Gas,Petroleum & Natural Gas,GAIL,Madhya Pradesh,23.2681,79.0406,2022-11-01,556.15,654.59,2027-11-01,2029-08-31,428.8,6,3,1,Delayed
PRJ_0977,Roads Infrastructure Development at Bihar Section Pkg-6,Ministry of Road Transport & Highways,Roads & Highways,MoRTH,Bihar,24.9874,85.7533,2022-11-01,196.28,249.86,2024-05-01,2026-11-30,225.02,14,11,2,Delayed
PRJ_0978,Roads Infrastructure Development at Meghalaya Section Pkg-7,Ministry of Road Transport & Highways,Roads & Highways,MoRTH,Meghalaya,25.4061,91.3947,2021-11-01,338.44,348.59,2024-01-01,2024-03-01,226.07,10,6,2,Ongoing
PRJ_0979,Roads Infrastructure Development at Chhattisgarh Section Pkg-8,Ministry of Road Transport & Highways,Roads & Highways,MoRTH,Chhattisgarh,21.7042,82.0526,2018-12-01,222.18,251.29,2020-08-31,2022-04-01,166.72,17,10,2,Delayed
PRJ_0980,Power Infrastructure Development at Madhya Pradesh Section Pkg-9,Ministry of Power,Power Transmission & Generation,NHPC,Madhya Pradesh,,78.6077,2017-04-01,1293.2,1397.95,2020-09-30,2021-05-31,581.82,9,3,1,Delayed
PRJ_0981,Roads Infrastructure Development at Punjab Section Pkg-1,Ministry of Road Transport & Highways,Roads & Highways,NHIDCL,Punjab,31.5361,75.2786,2016-01-01,1447.6,2041.12,2018-10-01,2020-03-31,459.65,23,4,7,Delayed
PRJ_0982,Roads Infrastructure Development at Manipur Section Pkg-2,Ministry of Road Transport & Highways,Roads & Highways,MoRTH,Manipur,24.3725,93.5956,2022-03-01,2125.92,2223.71,2027-01-29,2027-03-30,2032.9,21,17,1,Ongoing
PRJ_0983,Roads Infrastructure Development at Gujarat Section Pkg-3,Ministry of Road Transport & Highways,Roads & Highways,MoRTH,Gujarat,,,2017-05-01,502.08,695.88,2021-11-30,2022-07-31,126.14,23,4,7,Delayed
PRJ_0984,Railways Infrastructure Development at Jharkhand Section Pkg-4,Ministry of Railways,Railways,Central Railway,Jharkhand,23.755,85.1141,2021-09-01,631.7,746.04,2026-08-01,2027-08-31,216.82,10,3,6,Delayed
PRJ_0985,Railways Infrastructure Development at Maharashtra Section Pkg-5,Ministry of Railways,Railways,Dedicated Freight Corridor Corp,Maharashtra,,76.218,2017-07-01,759.68,789.31,2020-10-30,2020-11-29,444.23,22,11,0,Ongoing
PRJ_0986,Petroleum Infrastructure Development at Uttar Pradesh Section Pkg-6,Ministry of Petroleum & Natural Gas,Petroleum & Natural Gas,HPCL,Uttar Pradesh,27.427,81.3389,2020-10-01,256.26,361.84,2025-08-01,2026-12-31,251.48,7,4,2,Delayed
PRJ_0987,Railways Infrastructure Development at Jharkhand Section Pkg-7,Ministry of Railways,Railways,Central Railway,Jharkhand,23.6612,85.7679,2022-07-01,740.76,703.72,2027-05-01,2027-05-31,171.23,21,5,2,Ongoing
PRJ_0988,Roads Infrastructure Development at Madhya Pradesh Section Pkg-8,Ministry of Road Transport & Highways,Roads & Highways,NHIDCL,Madhya Pradesh,22.7565,78.9571,2020-04-01,730.47,700.52,2023-12-31,2024-04-30,657.66,20,18,1,Delayed
PRJ_0989,Roads Infrastructure Development at Manipur Section Pkg-9,Ministry of Road Transport & Highways,Roads & Highways,NHAI,Manipur,24.4966,93.9126,2019-05-01,237.43,250.01,2022-10-30,2023-07-30,214.92,8,7,2,Delayed
PRJ_0990,Roads Infrastructure Development at Maharashtra Section Pkg-1,Ministry of Road Transport & Highways,Roads & Highways,NHIDCL,Maharashtra,19.8473,75.7852,2019-08-01,2096.8,2094.7,2021-09-30,2021-11-29,1541.57,15,10,2,Ongoing
PRJ_0991,Power Infrastructure Development at Telangana Section Pkg-2,Ministry of Power,Power Transmission & Generation,SJVN,Telangana,17.6444,78.5064,2020-09-01,631.11,640.58,2023-05-03,2023-05-03,592.75,24,21,0,Ongoing
PRJ_0992,Roads Infrastructure Development at West Bengal Section Pkg-3,Ministry of Road Transport & Highways,Roads & Highways,MoRTH,West Bengal,22.5547,88.2834,2022-12-01,1908.35,1971.33,2025-09-30,2025-10-30,1890.75,17,16,2,Ongoing
PRJ_0993,Roads Infrastructure Development at Chhattisgarh Section Pkg-4,Ministry of Road Transport & Highways,Roads & Highways,NHAI,Chhattisgarh,21.0043,81.3346,2023-03-01,1537.94,1620.99,2027-03-01,2027-06-30,739.65,22,10,2,Delayed
PRJ_0994,Roads Infrastructure Development at Odisha Section Pkg-5,Ministry of Road Transport & Highways,Roads & Highways,NHIDCL,Odisha,21.3973,85.3148,2021-11-01,458.55,462.22,2026-10-01,2026-10-31,334.56,21,14,1,Ongoing
PRJ_0995,Roads Infrastructure Development at Telangana Section Pkg-6,Ministry of Road Transport & Highways,Roads & Highways,NHAI,Telangana,18.6518,78.4863,2017-03-01,2650.05,2803.75,2019-09-30,2019-11-29,2574.65,20,18,0,Ongoing
PRJ_0996,Power Infrastructure Development at Rajasthan Section Pkg-7,Ministry of Power,Power Transmission & Generation,NHPC,Rajasthan,26.45,74.5954,2022-08-01,374.32,418.86,2024-08-30,2027-03-01,370.16,11,10,1,Delayed
PRJ_0997,Roads Infrastructure Development at Jharkhand Section Pkg-8,Ministry of Road Transport & Highways,Roads & Highways,MoRTH,Jharkhand,23.2602,85.5386,2016-05-01,150.0,177.0,2018-09-30,2020-07-30,149.35,14,10,2,Delayed
PRJ_0998,Airports Infrastructure Development at Punjab Section Pkg-9,Ministry of Civil Aviation,Airports & Aviation,Adani Airport Holdings,Punjab,31.5829,75.6346,2022-11-01,385.94,450.78,2025-12-31,2027-07-01,174.61,24,9,7,Delayed
PRJ_0999,Roads Infrastructure Development at Telangana Section Pkg-1,Ministry of Road Transport & Highways,Roads & Highways,NHIDCL,Telangana,18.618,78.6612,2021-06-01,448.65,428.01,2023-05-02,2023-12-31,409.45,20,17,2,Delayed
PRJ_1000,Water Infrastructure Development at Tamil Nadu Section Pkg-2,"Department of Water Resources, River Development & GR",Water & Sanitation,National Mission for Clean Ganga,Tamil Nadu,11.1806,79.0459,2020-04-01,341.04,372.76,2022-08-01,2022-09-30,305.44,18,15,0,Delayed
PRJ_1001,Roads Infrastructure Development at Rajasthan Section Pkg-3,Ministry of Road Transport & Highways,Roads & Highways,NHAI,Rajasthan,,73.6535,2016-02-01,836.42,828.06,2017-08-01,2017-09-30,799.3,10,9,0,Ongoing
PRJ_1002,Roads Infrastructure Development at Uttar Pradesh Section Pkg-4,Ministry of Road Transport & Highways,Roads & Highways,MoRTH,Uttar Pradesh,26.3271,80.698,2019-12-01,3760.38,3572.36,2024-09-30,2024-09-30,1359.43,20,7,2,Ongoing
PRJ_1003,Roads Infrastructure Development at Jharkhand Section Pkg-5,Ministry of Road Transport & Highways,Roads & Highways,NHIDCL,Jharkhand,24.187,84.773,2016-03-01,5752.84,6075.0,2020-03-31,2020-05-30,5809.74,23,21,0,Ongoing
PRJ_1004,Urban Infrastructure Development at Uttar Pradesh Section Pkg-6,Ministry of Housing & Urban Affairs,Urban Infrastructure & Metro,PMRCL,Uttar Pradesh,26.6856,80.7811,2019-08-01,170.58,178.43,2023-08-31,2024-02-29,93.33,24,12,1,Delayed
PRJ_1005,Petroleum Infrastructure Development at Gujarat Section Pkg-7,Ministry of Petroleum & Natural Gas,Petroleum & Natural Gas,NRL,Gujarat,,70.6066,2023-01-01,695.92,713.32,2026-04-02,2026-06-01,221.19,21,6,1,Ongoing
PRJ_1006,Roads Infrastructure Development at Andhra Pradesh Section Pkg-8,Ministry of Road Transport & Highways,Roads & Highways,NHIDCL,Andhra Pradesh,15.8508,80.0378,2017-03-01,281.8,311.95,2021-03-01,2021-04-30,108.49,21,7,0,Delayed
PRJ_1007,Water Infrastructure Development at Uttar Pradesh Section Pkg-9,"Department of Water Resources, River Development & GR",Water & Sanitation,Water Resources Dept,Uttar Pradesh,26.2819,81.3643,2020-03-01,150.0,160.35,2021-09-30,2021-09-30,118.51,10,7,1,Ongoing
PRJ_1008,Roads Infrastructure Development at Odisha Section Pkg-1,Ministry of Road Transport & Highways,Roads & Highways,NHAI,Odisha,21.1092,84.5449,2022-02-01,337.43,453.51,2026-06-02,2027-09-01,340.05,24,18,4,Delayed
PRJ_1009,Roads Infrastructure Development at Assam Section Pkg-2,Ministry of Road Transport & Highways,Roads & Highways,NHIDCL,Assam,26.208,93.2138,2016-12-01,222.45,236.46,2019-01-31,2019-09-01,100.48,15,6,2,Delayed
PRJ_1010,Roads Infrastructure Development at Himachal Pradesh Section Pkg-3,Ministry of Road Transport & Highways,Roads & Highways,NHAI,Himachal Pradesh,30.5459,77.0002,2018-03-01,621.6,832.32,2021-04-30,2022-09-29,501.99,6,3,1,Delayed
PRJ_1011,Railways Infrastructure Development at Rajasthan Section Pkg-4,Ministry of Railways,Railways,RVNL,Rajasthan,,74.4719,2018-09-01,964.04,1260.0,2020-11-30,2023-03-01,701.26,13,7,3,Delayed
PRJ_1012,Roads Infrastructure Development at Uttar Pradesh Section Pkg-5,Ministry of Road Transport & Highways,Roads & Highways,NHIDCL,Uttar Pradesh,26.3393,80.9714,2018-05-01,277.16,308.76,2020-11-29,2021-02-28,191.93,16,10,1,Delayed
PRJ_1013,Roads Infrastructure Development at Bihar Section Pkg-6,Ministry of Road Transport & Highways,Roads & Highways,MoRTH,Bihar,,84.9065,2018-05-01,447.48,521.76,2021-06-30,2021-12-29,470.2,17,15,1,Delayed
PRJ_1014,Roads Infrastructure Development at Mizoram Section Pkg-7,Ministry of Road Transport & Highways,Roads & Highways,MoRTH,Mizoram,23.6467,92.4689,2021-10-01,1395.95,1426.66,2025-01-30,2025-09-30,1324.18,12,11,0,Delayed
PRJ_1015,Roads Infrastructure Development at Uttar Pradesh Section Pkg-8,Ministry of Road Transport & Highways,Roads & Highways,NHIDCL,Uttar Pradesh,27.1304,80.8224,2019-12-01,1106.87,1196.53,2024-03-01,2024-04-30,781.94,8,5,0,Delayed
PRJ_1016,Roads Infrastructure Development at Odisha Section Pkg-9,Ministry of Road Transport & Highways,Roads & Highways,NHIDCL,Odisha,20.5916,84.8475,2019-10-01,503.13,489.55,2021-12-30,2022-11-29,406.7,7,6,1,Delayed
PRJ_1017,Roads Infrastructure Development at Andhra Pradesh Section Pkg-1,Ministry of Road Transport & Highways,Roads & Highways,MoRTH,Andhra Pradesh,15.3686,80.2718,2023-11-01,150.0,205.65,2027-07-02,2027-12-31,107.82,15,8,0,Delayed
PRJ_1018,Educational Infrastructure Development at Odisha Section Pkg-2,Department of Higher Education,Educational Infrastructure,NBCC,Odisha,21.4853,85.4109,2020-07-01,1493.96,1839.06,2024-12-30,2027-05-31,1191.98,6,3,2,Delayed
PRJ_1019,Airports Infrastructure Development at Karnataka Section Pkg-3,Ministry of Civil Aviation,Airports & Aviation,Adani Airport Holdings,Karnataka,14.9259,76.1677,2017-09-01,2405.78,3276.67,2020-12-01,2022-12-31,2638.21,16,12,3,Delayed
PRJ_1020,Roads Infrastructure Development at Odisha Section Pkg-4,Ministry of Road Transport & Highways,Roads & Highways,NHIDCL,Odisha,21.3385,84.893,2023-11-01,556.59,752.51,2028-06-01,2029-12-31,195.14,24,5,9,Stalled
PRJ_1021,Roads Infrastructure Development at Nagaland Section Pkg-5,Ministry of Road Transport & Highways,Roads & Highways,MoRTH,Nagaland,25.978,95.1356,2019-02-01,1674.63,1590.9,2023-06-02,2023-12-01,1387.83,14,12,0,Delayed
PRJ_1022,Roads Infrastructure Development at Uttar Pradesh Section Pkg-6,Ministry of Road Transport & Highways,Roads & Highways,NHIDCL,Uttar Pradesh,27.0248,80.7336,2016-09-01,1889.74,2005.01,2018-07-02,2018-08-01,1841.51,21,18,0,Ongoing
PRJ_1023,Railways Infrastructure Development at West Bengal Section Pkg-7,Ministry of Railways,Railways,Dedicated Freight Corridor Corp,West Bengal,23.1782,88.0585,2023-04-01,706.35,782.64,2024-09-29,2025-01-28,647.04,9,6,0,Delayed
PRJ_1024,Railways Infrastructure Development at Mizoram Section Pkg-8,Ministry of Railways,Railways,IRCON,Mizoram,23.3645,93.5006,2020-12-01,751.58,765.86,2025-08-31,2026-04-01,203.08,21,5,2,Delayed
PRJ_1025,Roads Infrastructure Development at Uttarakhand Section Pkg-9,Ministry of Road Transport & Highways,Roads & Highways,MoRTH,Uttarakhand,29.9526,78.7799,2022-08-01,1136.46,1277.38,2025-05-31,2027-01-29,1252.93,18,16,1,Delayed
PRJ_1026,Coal Infrastructure Development at Andhra Pradesh Section Pkg-1,Ministry of Coal,Coal Mining,Coal India Ltd (CIL),Andhra Pradesh,,80.0053,2020-04-01,676.9,743.91,2024-12-30,2025-08-30,610.09,12,9,0,Delayed
PRJ_1027,Railways Infrastructure Development at Assam Section Pkg-2,Ministry of Railways,Railways,Dedicated Freight Corridor Corp,Assam,25.612,93.3575,2017-01-01,5215.55,5319.86,2018-07-02,2019-04-01,5003.19,12,11,1,Delayed
PRJ_1028,Roads Infrastructure Development at Andhra Pradesh Section Pkg-3,Ministry of Road Transport & Highways,Roads & Highways,NHIDCL,Andhra Pradesh,16.1337,80.1643,2019-06-01,753.6,715.92,2022-11-30,2022-11-30,715.92,13,12,2,Ongoing
PRJ_1029,Steel Infrastructure Development at Karnataka Section Pkg-4,Ministry of Steel,Steel & Heavy Industry,SAIL,Karnataka,15.125,76.2874,2020-02-01,1297.65,1327.5,2024-03-02,2024-03-02,278.9,15,3,0,Ongoing
PRJ_1030,Steel Infrastructure Development at Andhra Pradesh Section Pkg-5,Ministry of Steel,Steel & Heavy Industry,NMDC,Andhra Pradesh,16.1517,79.8844,2016-09-01,291.75,299.63,2021-03-02,2021-05-01,263.08,21,18,2,Ongoing
PRJ_1031,Roads Infrastructure Development at Uttar Pradesh Section Pkg-6,Ministry of Road Transport & Highways,Roads & Highways,NHIDCL,Uttar Pradesh,27.0491,80.5162,2019-03-01,741.16,704.1,2022-05-31,2022-10-30,650.88,22,21,0,Delayed
PRJ_1032,Roads Infrastructure Development at Karnataka Section Pkg-7,Ministry of Road Transport & Highways,Roads & Highways,MoRTH,Karnataka,15.6064,76.2328,2019-09-01,3307.25,4537.55,2022-08-01,2025-08-31,2105.69,23,11,11,Delayed
PRJ_1033,Railways Infrastructure Development at Andhra Pradesh Section Pkg-8,Ministry of Railways,Railways,IRCON,Andhra Pradesh,15.4589,79.2963,2017-01-01,381.54,388.79,2021-03-02,2021-04-01,354.31,20,17,1,Ongoing
PRJ_1034,Roads Infrastructure Development at Punjab Section Pkg-9,Ministry of Road Transport & Highways,Roads & Highways,NHIDCL,Punjab,30.8656,,2021-10-01,150.0,154.65,2025-07-01,2026-07-31,38.89,12,2,0,Delayed
PRJ_1035,Roads Infrastructure Development at Maharashtra Section Pkg-1,Ministry of Road Transport & Highways,Roads & Highways,NHAI,Maharashtra,,75.2504,2017-09-01,2010.38,2139.04,2021-12-01,2021-12-31,1919.27,24,20,2,Ongoing
PRJ_1036,Roads Infrastructure Development at Jharkhand Section Pkg-2,Ministry of Road Transport & Highways,Roads & Highways,MoRTH,Jharkhand,23.8237,85.3174,2018-06-01,259.69,286.18,2020-05-01,2020-05-31,171.29,19,11,1,Delayed
PRJ_1037,Roads Infrastructure Development at Uttar Pradesh Section Pkg-3,Ministry of Road Transport & Highways,Roads & Highways,MoRTH,Uttar Pradesh,26.8229,80.8004,2021-02-01,6642.88,6636.24,2025-11-01,2025-11-01,2110.57,18,5,1,Ongoing
PRJ_1038,Power Infrastructure Development at Uttar Pradesh Section Pkg-4,Ministry of Power,Power Transmission & Generation,NTPC,Uttar Pradesh,26.47,81.0041,2021-08-01,1928.24,1991.87,2025-11-30,2026-07-01,1596.86,24,19,0,Delayed
PRJ_1039,Urban Infrastructure Development at Jharkhand Section Pkg-5,Ministry of Housing & Urban Affairs,Urban Infrastructure & Metro,MMRDA,Jharkhand,24.0881,85.5667,2021-09-01,1322.74,1256.6,2026-09-01,2026-10-31,1004.06,12,10,1,Ongoing
PRJ_1040,Roads Infrastructure Development at Haryana Section Pkg-6,Ministry of Road Transport & Highways,Roads & Highways,NHAI,Haryana,29.041,76.3756,2018-11-01,468.45,470.79,2022-12-01,2023-04-01,90.4,23,4,0,Delayed
PRJ_1041,Roads Infrastructure Development at Uttar Pradesh Section Pkg-7,Ministry of Road Transport & Highways,Roads & Highways,NHIDCL,Uttar Pradesh,27.4265,,2017-10-01,409.01,516.99,2019-08-01,2021-07-01,212.47,9,3,1,Delayed
PRJ_1042,Roads Infrastructure Development at Kerala Section Pkg-8,Ministry of Road Transport & Highways,Roads & Highways,NHIDCL,Kerala,10.6602,75.7176,2019-11-01,1478.3,1500.47,2023-04-01,2023-10-31,405.73,17,4,1,Delayed
PRJ_1043,Roads Infrastructure Development at Madhya Pradesh Section Pkg-9,Ministry of Road Transport & Highways,Roads & Highways,NHAI,Madhya Pradesh,22.8279,78.0716,2016-10-01,949.02,968.0,2018-06-01,2019-11-30,776.32,14,11,3,Delayed
PRJ_1044,Roads Infrastructure Development at Madhya Pradesh Section Pkg-1,Ministry of Road Transport & Highways,Roads & Highways,NHAI,Madhya Pradesh,,78.6642,2019-06-01,3550.59,3621.6,2021-06-30,2022-06-30,3252.68,24,22,2,Delayed
PRJ_1045,Railways Infrastructure Development at Bihar Section Pkg-2,Ministry of Railways,Railways,RVNL,Bihar,24.5232,85.5469,2017-07-01,971.82,1004.86,2022-07-01,2022-08-30,858.55,12,9,1,Ongoing
PRJ_1046,Roads Infrastructure Development at Maharashtra Section Pkg-3,Ministry of Road Transport & Highways,Roads & Highways,NHIDCL,Maharashtra,19.9242,75.6506,2019-04-01,4767.93,4810.84,2022-09-30,2022-09-30,4352.72,22,19,0,Ongoing
PRJ_1047,Railways Infrastructure Development at Bihar Section Pkg-4,Ministry of Railways,Railways,Central Railway,Bihar,25.3379,85.7575,2016-12-01,5867.51,7240.51,2019-01-31,2023-12-01,4309.96,14,7,7,Delayed
PRJ_1048,Roads Infrastructure Development at Chhattisgarh Section Pkg-5,Ministry of Road Transport & Highways,Roads & Highways,MoRTH,Chhattisgarh,21.4626,81.288,2023-08-01,766.35,1099.71,2027-11-30,2031-05-31,591.05,14,7,5,Delayed
PRJ_1049,Roads Infrastructure Development at Arunachal Pradesh Section Pkg-6,Ministry of Road Transport & Highways,Roads & Highways,NHAI,Arunachal Pradesh,28.5606,94.8885,2022-10-01,5135.35,6660.55,2026-12-31,2030-05-01,3766.59,12,6,4,Delayed
PRJ_1050,Roads Infrastructure Development at Jammu & Kashmir Section Pkg-7,Ministry of Road Transport & Highways,Roads & Highways,NHIDCL,Jammu & Kashmir,33.218,76.8945,2016-03-01,1941.93,2029.32,2020-12-30,2021-01-29,1752.29,20,17,1,Ongoing
PRJ_1051,Roads Infrastructure Development at Himachal Pradesh Section Pkg-8,Ministry of Road Transport & Highways,Roads & Highways,MoRTH,Himachal Pradesh,31.1622,77.7526,2020-08-01,2110.13,2836.01,2024-06-01,2025-05-01,939.57,9,2,3,Delayed
PRJ_1052,Coal Infrastructure Development at Gujarat Section Pkg-9,Ministry of Coal,Coal Mining,SCCL,Gujarat,22.3522,,2019-10-01,495.1,510.94,2023-05-01,2023-12-30,510.94,12,11,2,Delayed
PRJ_1053,Roads Infrastructure Development at Nagaland Section Pkg-1,Ministry of Road Transport & Highways,Roads & Highways,NHAI,Nagaland,26.1377,94.9042,2022-03-01,349.39,343.45,2025-11-29,2025-11-29,316.84,12,10,0,Ongoing
PRJ_1054,Railways Infrastructure Development at Kerala Section Pkg-2,Ministry of Railways,Railways,Central Railway,Kerala,10.6592,76.5827,2022-11-01,298.89,311.74,2027-03-02,2027-06-01,253.31,10,8,2,Ongoing
PRJ_1055,Roads Infrastructure Development at Gujarat Section Pkg-3,Ministry of Road Transport & Highways,Roads & Highways,NHAI,Gujarat,22.1979,70.7279,2016-02-01,397.33,543.55,2019-05-03,2020-10-31,276.27,18,9,4,Delayed
PRJ_1056,Roads Infrastructure Development at Maharashtra Section Pkg-4,Ministry of Road Transport & Highways,Roads & Highways,MoRTH,Maharashtra,19.309,75.6523,2021-06-01,150.0,153.0,2025-10-31,2026-03-01,93.37,9,5,2,Delayed
PRJ_1057,Healthcare Infrastructure Development at Telangana Section Pkg-5,Ministry of Health & Family Welfare,Healthcare Infrastructure,AIIMS,Telangana,18.1879,,2019-04-01,388.08,370.23,2023-11-30,2024-03-30,232.21,11,6,1,Delayed
PRJ_1058,Roads Infrastructure Development at Bihar Section Pkg-6,Ministry of Road Transport & Highways,Roads & Highways,NHAI,Bihar,24.741,85.0058,2019-02-01,1337.17,1889.42,2022-07-02,2023-01-31,1499.86,10,7,3,Delayed
PRJ_1059,Roads Infrastructure Development at Meghalaya Section Pkg-7,Ministry of Road Transport & Highways,Roads & Highways,NHIDCL,Meghalaya,25.0957,,2021-01-01,1239.42,1222.07,2024-05-02,2024-12-01,977.43,19,14,0,Delayed
PRJ_1060,Roads Infrastructure Development at West Bengal Section Pkg-8,Ministry of Road Transport & Highways,Roads & Highways,MoRTH,West Bengal,23.4643,87.8054,2022-10-01,2101.28,2794.7,2026-07-01,2028-06-30,405.86,14,2,3,Stalled
PRJ_1061,Roads Infrastructure Development at Uttarakhand Section Pkg-9,Ministry of Road Transport & Highways,Roads & Highways,NHIDCL,Uttarakhand,30.2641,79.3109,2019-01-01,1498.93,1830.19,2022-11-01,2024-01-01,1564.13,7,6,1,Delayed
PRJ_1062,Roads Infrastructure Development at West Bengal Section Pkg-1,Ministry of Road Transport & Highways,Roads & Highways,NHAI,West Bengal,22.6934,87.5923,2021-01-01,421.95,442.2,2023-12-02,2024-04-01,342.29,20,14,0,Delayed
PRJ_1063,Roads Infrastructure Development at Bihar Section Pkg-2,Ministry of Road Transport & Highways,Roads & Highways,MoRTH,Bihar,25.1141,85.2645,2019-12-01,176.75,184.7,2021-10-31,2022-06-01,151.84,18,15,1,Delayed
PRJ_1064,Petroleum Infrastructure Development at Madhya Pradesh Section Pkg-3,Ministry of Petroleum & Natural Gas,Petroleum & Natural Gas,BPCL,Madhya Pradesh,22.7331,78.8526,2022-02-01,183.94,183.39,2024-03-02,2024-03-02,167.24,12,10,2,Ongoing
PRJ_1065,Roads Infrastructure Development at Tamil Nadu Section Pkg-4,Ministry of Road Transport & Highways,Roads & Highways,NHAI,Tamil Nadu,11.2094,,2017-01-01,286.72,304.78,2019-01-01,2019-01-01,246.54,8,6,0,Ongoing
PRJ_1066,Roads Infrastructure Development at Jharkhand Section Pkg-5,Ministry of Road Transport & Highways,Roads & Highways,MoRTH,Jharkhand,23.9984,84.869,2021-12-01,1478.1,1501.75,2023-12-31,2024-04-30,1440.98,16,15,0,Delayed
PRJ_1067,Roads Infrastructure Development at Nagaland Section Pkg-6,Ministry of Road Transport & Highways,Roads & Highways,NHIDCL,Nagaland,25.9099,94.8172,2023-09-01,258.87,305.47,2025-10-31,2026-05-01,259.74,12,10,2,Delayed
PRJ_1068,Roads Infrastructure Development at Madhya Pradesh Section Pkg-7,Ministry of Road Transport & Highways,Roads & Highways,MoRTH,Madhya Pradesh,23.1845,79.0811,2023-06-01,351.01,358.38,2026-09-30,2027-03-31,103.58,11,3,0,Delayed
PRJ_1069,Roads Infrastructure Development at Bihar Section Pkg-8,Ministry of Road Transport & Highways,Roads & Highways,MoRTH,Bihar,25.6514,85.2219,2019-10-01,2553.6,2648.08,2023-04-01,2023-07-31,1508.03,7,3,2,Delayed
PRJ_1070,Educational Infrastructure Development at Meghalaya Section Pkg-9,Department of Higher Education,Educational Infrastructure,NIT,Meghalaya,24.9823,91.7355,2017-09-01,374.56,404.52,2021-08-01,2022-10-31,314.96,16,13,1,Delayed
PRJ_1071,Roads Infrastructure Development at Jharkhand Section Pkg-1,Ministry of Road Transport & Highways,Roads & Highways,MoRTH,Jharkhand,23.6916,,2017-09-01,302.15,419.69,2021-07-02,2023-03-02,343.02,12,9,3,Delayed
PRJ_1072,Roads Infrastructure Development at Punjab Section Pkg-2,Ministry of Road Transport & Highways,Roads & Highways,MoRTH,Punjab,30.9389,,2019-09-01,583.01,793.48,2024-08-31,2025-05-01,587.33,20,15,3,Delayed
PRJ_1073,Roads Infrastructure Development at Gujarat Section Pkg-3,Ministry of Road Transport & Highways,Roads & Highways,MoRTH,Gujarat,22.6698,71.0848,2020-05-01,475.35,687.36,2022-01-30,2024-11-29,45.31,15,0,2,Stalled
PRJ_1074,Roads Infrastructure Development at Uttar Pradesh Section Pkg-4,Ministry of Road Transport & Highways,Roads & Highways,NHAI,Uttar Pradesh,27.2326,80.5965,2017-01-01,150.0,179.4,2019-05-03,2020-12-31,108.57,18,10,7,Delayed
PRJ_1075,Roads Infrastructure Development at Maharashtra Section Pkg-5,Ministry of Road Transport & Highways,Roads & Highways,NHAI,Maharashtra,19.86,76.0093,2016-05-01,762.42,724.3,2017-12-30,2019-06-30,277.68,18,6,2,Delayed
PRJ_1076,Roads Infrastructure Development at Sikkim Section Pkg-6,Ministry of Road Transport & Highways,Roads & Highways,MoRTH,Sikkim,27.5376,88.3964,2020-03-01,150.0,153.15,2024-11-29,2024-12-29,66.53,12,4,1,Ongoing
PRJ_1077,Roads Infrastructure Development at Meghalaya Section Pkg-7,Ministry of Road Transport & Highways,Roads & Highways,NHAI,Meghalaya,25.8316,91.5196,2017-03-01,940.5,1115.43,2020-01-30,2021-07-30,872.52,8,5,2,Delayed
PRJ_1078,Railways Infrastructure Development at Gujarat Section Pkg-8,Ministry of Railways,Railways,RVNL,Gujarat,21.9531,70.8002,2020-07-01,8333.22,9949.86,2023-04-01,2024-05-31,2364.76,19,4,3,Delayed
PRJ_1079,Petroleum Infrastructure Development at Tamil Nadu Section Pkg-9,Ministry of Petroleum & Natural Gas,Petroleum & Natural Gas,GAIL,Tamil Nadu,10.946,78.9523,2021-07-01,951.91,1009.98,2025-05-31,2025-11-29,220.89,24,5,2,Delayed
PRJ_1080,Roads Infrastructure Development at Madhya Pradesh Section Pkg-1,Ministry of Road Transport & Highways,Roads & Highways,NHIDCL,Madhya Pradesh,23.3543,79.0758,2018-06-01,349.64,380.41,2022-01-30,2023-01-30,161.82,24,9,2,Delayed
PRJ_1081,Roads Infrastructure Development at Karnataka Section Pkg-2,Ministry of Road Transport & Highways,Roads & Highways,NHAI,Karnataka,15.4357,76.0759,2019-11-01,156.04,176.01,2022-12-31,2023-09-30,161.14,21,19,1,Delayed
PRJ_1082,Roads Infrastructure Development at Uttarakhand Section Pkg-3,Ministry of Road Transport & Highways,Roads & Highways,NHAI,Uttarakhand,29.5478,79.5025,2019-02-01,154.45,199.86,2022-06-02,2024-04-01,179.58,11,9,2,Delayed
PRJ_1083,Roads Infrastructure Development at Jharkhand Section Pkg-4,Ministry of Road Transport & Highways,Roads & Highways,NHAI,Jharkhand,24.1175,85.8639,2016-03-01,1086.06,1440.12,2020-06-30,2022-05-31,1084.97,12,8,2,Delayed
PRJ_1084,Roads Infrastructure Development at Jharkhand Section Pkg-5,Ministry of Road Transport & Highways,Roads & Highways,MoRTH,Jharkhand,23.1941,85.2115,2019-12-01,2436.9,2471.02,2022-08-01,2022-10-31,1531.34,7,4,0,Ongoing
PRJ_1085,Roads Infrastructure Development at Uttar Pradesh Section Pkg-6,Ministry of Road Transport & Highways,Roads & Highways,MoRTH,Uttar Pradesh,26.2475,81.153,2021-11-01,414.76,494.39,2023-08-02,2024-12-31,191.8,22,8,13,Delayed
PRJ_1086,Roads Infrastructure Development at Madhya Pradesh Section Pkg-7,Ministry of Road Transport & Highways,Roads & Highways,MoRTH,Madhya Pradesh,22.9394,78.6613,2018-03-01,3668.09,4376.03,2021-06-30,2023-01-29,2555.25,20,11,1,Delayed
PRJ_1087,Ports Infrastructure Development at Madhya Pradesh Section Pkg-8,"Ministry of Ports, Shipping and Waterways",Ports & Shipping,IWAI,Madhya Pradesh,,78.675,2017-08-01,861.13,916.24,2019-04-01,2019-05-01,661.58,10,7,2,Ongoing
PRJ_1088,Roads Infrastructure Development at Karnataka Section Pkg-9,Ministry of Road Transport & Highways,Roads & Highways,NHAI,Karnataka,14.7946,75.26,2019-09-01,1420.82,1834.28,2023-10-01,2024-03-31,1233.86,16,11,2,Delayed
PRJ_1089,Roads Infrastructure Development at Bihar Section Pkg-1,Ministry of Road Transport & Highways,Roads & Highways,MoRTH,Bihar,24.8048,84.9724,2022-05-01,415.0,596.77,2025-05-31,2026-07-31,137.8,9,1,8,Delayed
PRJ_1090,Water Infrastructure Development at Maharashtra Section Pkg-2,"Department of Water Resources, River Development & GR",Water & Sanitation,Water Resources Dept,Maharashtra,20.1543,75.437,2022-03-01,1077.9,1085.45,2025-06-30,2025-07-30,784.68,6,4,2,Ongoing
PRJ_1091,Power Infrastructure Development at Kerala Section Pkg-3,Ministry of Power,Power Transmission & Generation,NTPC,Kerala,10.5519,76.2685,2017-11-01,2598.5,2788.19,2021-08-01,2021-08-31,1799.74,20,13,2,Ongoing
PRJ_1092,Railways Infrastructure Development at Jharkhand Section Pkg-4,Ministry of Railways,Railways,IRCON,Jharkhand,23.4489,85.079,2021-12-01,467.97,518.51,2026-04-01,2027-05-01,429.26,7,5,1,Delayed
PRJ_1093,Roads Infrastructure Development at Rajasthan Section Pkg-5,Ministry of Road Transport & Highways,Roads & Highways,MoRTH,Rajasthan,27.4647,74.5015,2016-10-01,484.61,649.38,2020-12-31,2022-10-01,270.91,10,4,3,Delayed
PRJ_1094,Power Infrastructure Development at Rajasthan Section Pkg-6,Ministry of Power,Power Transmission & Generation,NHPC,Rajasthan,26.7372,74.4971,2023-12-01,4124.7,4198.94,2027-12-31,2028-04-30,3604.47,19,16,1,Delayed
PRJ_1095,Roads Infrastructure Development at Uttar Pradesh Section Pkg-7,Ministry of Road Transport & Highways,Roads & Highways,NHIDCL,Uttar Pradesh,26.8964,,2021-04-01,707.3,778.74,2025-11-30,2026-03-01,455.65,15,8,0,Delayed
PRJ_1096,Roads Infrastructure Development at Jammu & Kashmir Section Pkg-8,Ministry of Road Transport & Highways,Roads & Highways,NHAI,Jammu & Kashmir,33.5473,76.4877,2017-12-01,1990.21,2207.14,2020-11-30,2020-11-30,936.7,24,9,1,Delayed
PRJ_1097,Roads Infrastructure Development at Chhattisgarh Section Pkg-9,Ministry of Road Transport & Highways,Roads & Highways,MoRTH,Chhattisgarh,21.6556,82.0997,2021-01-01,197.85,247.71,2024-08-01,2026-03-02,137.4,15,8,2,Delayed
PRJ_1098,Roads Infrastructure Development at Madhya Pradesh Section Pkg-1,Ministry of Road Transport & Highways,Roads & Highways,NHIDCL,Madhya Pradesh,22.6316,79.1367,2023-03-01,1275.71,1399.45,2027-12-30,2027-12-30,232.27,12,1,2,Delayed
PRJ_1099,Roads Infrastructure Development at Punjab Section Pkg-2,Ministry of Road Transport & Highways,Roads & Highways,NHIDCL,Punjab,31.0317,74.8073,2021-03-01,163.76,201.75,2023-05-01,2025-08-30,181.33,6,5,1,Delayed
PRJ_1100,Railways Infrastructure Development at Madhya Pradesh Section Pkg-3,Ministry of Railways,Railways,Central Railway,Madhya Pradesh,23.4157,78.3788,2020-05-01,2092.5,2441.95,2022-03-01,2023-11-30,2346.33,22,20,1,Delayed
PRJ_1101,Water Infrastructure Development at Telangana Section Pkg-4,"Department of Water Resources, River Development & GR",Water & Sanitation,Water Resources Dept,Telangana,17.7861,79.5061,2019-02-01,273.43,293.66,2022-05-03,2022-08-02,256.33,22,19,2,Ongoing
PRJ_1102,Roads Infrastructure Development at Ladakh Section Pkg-5,Ministry of Road Transport & Highways,Roads & Highways,MoRTH,Ladakh,34.4177,78.1481,2019-06-01,891.61,888.94,2020-11-29,2020-11-29,836.12,10,9,0,Ongoing
PRJ_1103,Roads Infrastructure Development at Uttar Pradesh Section Pkg-6,Ministry of Road Transport & Highways,Roads & Highways,NHIDCL,Uttar Pradesh,26.9803,81.4686,2021-09-01,340.42,334.97,2025-06-01,2025-07-31,225.04,16,10,2,Ongoing
PRJ_1104,Roads Infrastructure Development at Meghalaya Section Pkg-7,Ministry of Road Transport & Highways,Roads & Highways,NHAI,Meghalaya,25.7011,91.3616,2022-05-01,526.58,550.8,2026-10-30,2026-11-29,469.8,21,18,1,Ongoing
PRJ_1105,Railways Infrastructure Development at West Bengal Section Pkg-8,Ministry of Railways,Railways,RVNL,West Bengal,22.7011,87.8399,2020-11-01,854.26,1113.1,2024-07-02,2025-10-01,596.54,17,8,2,Delayed
PRJ_1106,Roads Infrastructure Development at Jharkhand Section Pkg-9,Ministry of Road Transport & Highways,Roads & Highways,MoRTH,Jharkhand,24.0919,85.1183,2016-02-01,150.0,201.75,2021-01-31,2023-07-02,22.81,17,1,16,Stalled
PRJ_1107,Roads Infrastructure Development at Himachal Pradesh Section Pkg-1,Ministry of Road Transport & Highways,Roads & Highways,NHIDCL,Himachal Pradesh,30.9028,77.7052,2017-12-01,1723.28,2248.88,2019-12-31,2021-03-01,2084.02,15,14,1,Delayed
PRJ_1108,Petroleum Infrastructure Development at Bihar Section Pkg-2,Ministry of Petroleum & Natural Gas,Petroleum & Natural Gas,BPCL,Bihar,24.7347,84.7369,2022-10-01,357.82,474.11,2024-03-31,2025-01-29,416.73,11,9,1,Delayed
PRJ_1109,Roads Infrastructure Development at Karnataka Section Pkg-3,Ministry of Road Transport & Highways,Roads & Highways,NHIDCL,Karnataka,14.9587,75.4515,2018-09-01,478.17,489.65,2021-10-31,2022-03-01,196.56,8,3,2,Delayed
PRJ_1110,Roads Infrastructure Development at Madhya Pradesh Section Pkg-4,Ministry of Road Transport & Highways,Roads & Highways,NHIDCL,Madhya Pradesh,22.8058,78.6217,2021-08-01,309.62,311.48,2025-01-30,2025-05-01,290.2,20,18,2,Ongoing
PRJ_1111,Roads Infrastructure Development at Rajasthan Section Pkg-5,Ministry of Road Transport & Highways,Roads & Highways,MoRTH,Rajasthan,27.3558,,2016-09-01,344.69,445.34,2019-06-02,2020-08-31,93.35,7,1,3,Delayed
PRJ_1112,Railways Infrastructure Development at Assam Section Pkg-6,Ministry of Railways,Railways,IRCON,Assam,26.6996,92.9599,2018-11-01,500.93,480.89,2020-07-01,2020-08-30,291.35,16,10,1,Ongoing
PRJ_1113,Roads Infrastructure Development at Tamil Nadu Section Pkg-7,Ministry of Road Transport & Highways,Roads & Highways,NHIDCL,Tamil Nadu,11.6889,78.4411,2021-12-01,150.0,148.95,2025-08-31,2026-03-01,128.33,24,20,1,Delayed
PRJ_1114,Roads Infrastructure Development at Uttar Pradesh Section Pkg-8,Ministry of Road Transport & Highways,Roads & Highways,NHIDCL,Uttar Pradesh,,80.4466,2016-04-01,2226.64,2407.0,2018-04-01,2018-07-31,2288.71,13,12,1,Delayed
PRJ_1115,Railways Infrastructure Development at Haryana Section Pkg-9,Ministry of Railways,Railways,RVNL,Haryana,29.4199,76.3399,2023-09-01,623.6,806.94,2028-07-01,2029-11-30,416.01,21,10,1,Delayed
PRJ_1116,Airports Infrastructure Development at Uttar Pradesh Section Pkg-1,Ministry of Civil Aviation,Airports & Aviation,Adani Airport Holdings,Uttar Pradesh,26.9099,80.7045,2018-06-01,190.16,238.84,2022-09-30,2023-12-30,147.11,21,12,7,Delayed
PRJ_1117,Roads Infrastructure Development at Madhya Pradesh Section Pkg-2,Ministry of Road Transport & Highways,Roads & Highways,NHAI,Madhya Pradesh,22.6028,79.1077,2023-07-01,917.24,921.83,2027-11-30,2028-04-30,786.29,6,4,1,Delayed
PRJ_1118,Roads Infrastructure Development at Uttar Pradesh Section Pkg-3,Ministry of Road Transport & Highways,Roads & Highways,MoRTH,Uttar Pradesh,26.8903,81.1939,2021-07-01,570.78,554.23,2023-07-31,2023-09-29,223.07,24,9,1,Ongoing
PRJ_1119,Roads Infrastructure Development at Karnataka Section Pkg-4,Ministry of Road Transport & Highways,Roads & Highways,NHIDCL,Karnataka,15.4419,75.8681,2023-04-01,1197.03,1423.27,2027-05-01,2028-12-29,406.2,21,5,16,Stalled
PRJ_1120,Railways Infrastructure Development at Haryana Section Pkg-5,Ministry of Railways,Railways,IRCON,Haryana,29.1313,,2018-01-01,262.37,268.14,2022-03-02,2022-05-01,178.33,10,6,0,Ongoing
PRJ_1121,Petroleum Infrastructure Development at Karnataka Section Pkg-6,Ministry of Petroleum & Natural Gas,Petroleum & Natural Gas,NRL,Karnataka,14.8321,75.3932,2023-05-01,1717.07,1686.16,2026-12-30,2026-12-30,1049.41,18,11,1,Ongoing
PRJ_1122,Urban Infrastructure Development at Karnataka Section Pkg-7,Ministry of Housing & Urban Affairs,Urban Infrastructure & Metro,MahaMetro,Karnataka,15.4692,75.9838,2020-12-01,676.28,690.48,2025-03-02,2025-05-01,616.1,6,5,2,Ongoing
PRJ_1123,Roads Infrastructure Development at Gujarat Section Pkg-8,Ministry of Road Transport & Highways,Roads & Highways,NHIDCL,Gujarat,22.6128,71.7318,2018-06-01,218.92,299.7,2020-10-30,2023-09-30,260.04,19,15,1,Delayed
PRJ_1124,Roads Infrastructure Development at Bihar Section Pkg-9,Ministry of Road Transport & Highways,Roads & Highways,NHAI,Bihar,25.2108,,2018-08-01,1141.85,1418.18,2021-04-01,2021-11-30,816.43,12,7,4,Delayed
PRJ_1125,Petroleum Infrastructure Development at Odisha Section Pkg-1,Ministry of Petroleum & Natural Gas,Petroleum & Natural Gas,HPCL,Odisha,21.4816,84.6404,2023-04-01,1501.74,1958.27,2026-11-30,2028-02-29,1749.7,16,14,2,Delayed
PRJ_1126,Airports Infrastructure Development at Bihar Section Pkg-2,Ministry of Civil Aviation,Airports & Aviation,AAI,Bihar,24.8735,85.6442,2018-05-01,644.6,665.23,2020-04-30,2020-10-29,245.48,11,4,0,Delayed
PRJ_1127,Ports Infrastructure Development at Odisha Section Pkg-3,"Ministry of Ports, Shipping and Waterways",Ports & Shipping,Deendayal Port Trust,Odisha,21.3865,84.7754,2021-03-01,453.42,436.64,2024-12-30,2025-01-29,222.02,12,5,2,Ongoing
PRJ_1128,Roads Infrastructure Development at Uttar Pradesh Section Pkg-4,Ministry of Road Transport & Highways,Roads & Highways,NHAI,Uttar Pradesh,27.2007,81.1842,2018-03-01,216.93,279.62,2021-11-29,2023-08-30,213.74,18,14,3,Delayed
PRJ_1129,Power Infrastructure Development at Uttar Pradesh Section Pkg-5,Ministry of Power,Power Transmission & Generation,SJVN,Uttar Pradesh,27.0891,81.3858,2020-04-01,808.32,886.73,2024-11-30,2025-01-29,182.81,21,4,1,Delayed
PRJ_1130,Roads Infrastructure Development at Mizoram Section Pkg-6,Ministry of Road Transport & Highways,Roads & Highways,NHIDCL,Mizoram,,93.1151,2020-12-01,230.72,297.86,2022-08-01,2024-03-01,241.97,9,7,2,Delayed
PRJ_1131,Petroleum Infrastructure Development at Uttar Pradesh Section Pkg-7,Ministry of Petroleum & Natural Gas,Petroleum & Natural Gas,ONGC,Uttar Pradesh,26.2886,,2022-06-01,500.08,538.09,2024-01-30,2024-03-30,529.14,15,13,2,Ongoing
PRJ_1132,Roads Infrastructure Development at Jharkhand Section Pkg-8,Ministry of Road Transport & Highways,Roads & Highways,MoRTH,Jharkhand,23.592,85.8466,2017-09-01,1227.87,1504.14,2019-03-02,2020-07-01,130.83,16,1,7,Delayed
PRJ_1133,Railways Infrastructure Development at Telangana Section Pkg-9,Ministry of Railways,Railways,RVNL,Telangana,17.9376,79.1117,2019-12-01,7698.41,9761.58,2023-08-01,2024-12-30,1985.14,18,3,9,Delayed
PRJ_1134,Roads Infrastructure Development at Gujarat Section Pkg-1,Ministry of Road Transport & Highways,Roads & Highways,NHIDCL,Gujarat,22.1784,71.7221,2019-03-01,1654.68,1949.21,2021-09-29,2023-01-29,1465.0,18,13,1,Delayed
PRJ_1135,Urban Infrastructure Development at Uttarakhand Section Pkg-2,Ministry of Housing & Urban Affairs,Urban Infrastructure & Metro,MahaMetro,Uttarakhand,30.4385,,2019-01-01,991.67,1042.25,2020-10-01,2021-05-02,510.87,9,4,0,Delayed
PRJ_1136,Roads Infrastructure Development at Telangana Section Pkg-3,Ministry of Road Transport & Highways,Roads & Highways,NHIDCL,Telangana,17.8094,79.2063,2018-01-01,280.13,419.63,2021-09-01,2024-03-02,279.41,9,5,3,Delayed
PRJ_1137,Roads Infrastructure Development at Odisha Section Pkg-4,Ministry of Road Transport & Highways,Roads & Highways,NHAI,Odisha,21.4246,84.9333,2022-06-01,1312.44,1435.81,2026-07-31,2029-01-29,992.81,17,10,1,Delayed
PRJ_1138,Railways Infrastructure Development at Goa Section Pkg-5,Ministry of Railways,Railways,Central Railway,Goa,14.8726,73.8809,2020-12-01,805.91,1125.05,2024-10-01,2025-07-01,797.48,16,11,2,Delayed
PRJ_1139,Roads Infrastructure Development at Uttar Pradesh Section Pkg-6,Ministry of Road Transport & Highways,Roads & Highways,MoRTH,Uttar Pradesh,26.4957,80.4778,2019-01-01,290.66,354.02,2021-12-01,2022-12-31,290.83,6,4,1,Delayed
PRJ_1140,Coal Infrastructure Development at Andhra Pradesh Section Pkg-7,Ministry of Coal,Coal Mining,WCL,Andhra Pradesh,15.9358,80.0285,2020-05-01,1987.35,2176.15,2023-06-01,2024-01-30,600.41,11,3,0,Delayed
PRJ_1141,Petroleum Infrastructure Development at Punjab Section Pkg-8,Ministry of Petroleum & Natural Gas,Petroleum & Natural Gas,ONGC,Punjab,30.604,,2022-06-01,4406.76,5371.84,2025-03-01,2027-03-31,4822.22,15,13,2,Delayed
PRJ_1142,Urban Infrastructure Development at Rajasthan Section Pkg-9,Ministry of Housing & Urban Affairs,Urban Infrastructure & Metro,NBCC,Rajasthan,26.6061,74.81,2022-06-01,1143.78,1247.86,2026-11-30,2027-03-31,676.77,22,12,0,Delayed
PRJ_1143,Roads Infrastructure Development at Rajasthan Section Pkg-1,Ministry of Road Transport & Highways,Roads & Highways,NHAI,Rajasthan,26.6339,73.9343,2018-06-01,464.67,475.36,2021-11-30,2022-05-01,413.5,10,8,1,Delayed
PRJ_1144,Roads Infrastructure Development at Jammu & Kashmir Section Pkg-2,Ministry of Road Transport & Highways,Roads & Highways,MoRTH,Jammu & Kashmir,33.7952,77.0532,2016-01-01,488.12,473.96,2020-08-01,2020-08-31,441.46,22,19,2,Ongoing
PRJ_1145,Roads Infrastructure Development at Bihar Section Pkg-3,Ministry of Road Transport & Highways,Roads & Highways,NHAI,Bihar,25.1774,85.4035,2017-03-01,327.04,348.3,2019-12-30,2020-10-29,105.92,12,3,1,Delayed
PRJ_1146,Ports Infrastructure Development at Haryana Section Pkg-4,"Ministry of Ports, Shipping and Waterways",Ports & Shipping,Deendayal Port Trust,Haryana,29.2693,76.4587,2018-08-01,1139.57,1209.08,2022-08-31,2023-01-30,926.25,23,18,2,Delayed
PRJ_1147,Roads Infrastructure Development at Odisha Section Pkg-5,Ministry of Road Transport & Highways,Roads & Highways,MoRTH,Odisha,20.9896,84.4996,2019-05-01,1322.3,1808.91,2023-03-31,2025-01-28,405.91,21,4,9,Stalled
PRJ_1148,Roads Infrastructure Development at Haryana Section Pkg-6,Ministry of Road Transport & Highways,Roads & Highways,NHAI,Haryana,29.4484,76.2923,2022-09-01,494.72,654.51,2024-10-31,2026-05-01,560.84,8,6,2,Delayed
PRJ_1149,Petroleum Infrastructure Development at Uttarakhand Section Pkg-7,Ministry of Petroleum & Natural Gas,Petroleum & Natural Gas,GAIL,Uttarakhand,29.7663,79.36,2020-01-01,565.48,580.18,2024-09-30,2025-05-31,171.76,14,4,2,Delayed
PRJ_1150,Roads Infrastructure Development at Telangana Section Pkg-8,Ministry of Road Transport & Highways,Roads & Highways,MoRTH,Telangana,18.6462,79.0166,2022-03-01,3023.78,4324.01,2024-08-30,2025-12-30,3617.32,24,20,3,Delayed
PRJ_1151,Telecommunications Infrastructure Development at Chhattisgarh Section Pkg-9,Department of Telecommunications,Telecommunications,DoT,Chhattisgarh,21.7675,81.9809,2023-07-01,2472.49,3379.89,2028-03-30,2030-02-28,2282.93,20,13,1,Delayed
PRJ_1152,Railways Infrastructure Development at Karnataka Section Pkg-1,Ministry of Railways,Railways,Central Railway,Karnataka,15.1141,75.4305,2019-01-01,2693.21,2854.8,2023-07-02,2023-08-01,2530.67,16,13,0,Ongoing
PRJ_1153,Coal Infrastructure Development at Madhya Pradesh Section Pkg-2,Ministry of Coal,Coal Mining,MCL,Madhya Pradesh,22.766,78.794,2020-12-01,1124.65,1201.13,2023-05-02,2023-08-31,340.28,9,2,0,Delayed
PRJ_1154,Mining Infrastructure Development at Odisha Section Pkg-3,Ministry of Mines,Mining & Minerals,Hindustan Copper,Odisha,21.2,84.7419,2018-02-01,833.8,792.11,2020-01-02,2020-03-02,725.04,9,8,1,Ongoing
PRJ_1155,Power Infrastructure Development at Uttar Pradesh Section Pkg-4,Ministry of Power,Power Transmission & Generation,THDC,Uttar Pradesh,26.895,,2022-10-01,214.92,246.94,2026-11-30,2028-06-30,51.19,20,3,17,Stalled
PRJ_1156,Roads Infrastructure Development at Assam Section Pkg-5,Ministry of Road Transport & Highways,Roads & Highways,MoRTH,Assam,26.5391,93.2873,2017-12-01,1410.39,1614.9,2020-04-01,2020-07-31,1614.9,17,16,0,Delayed
PRJ_1157,Telecommunications Infrastructure Development at Gujarat Section Pkg-6,Department of Telecommunications,Telecommunications,RailTel,Gujarat,22.4874,,2017-03-01,536.25,523.38,2020-12-30,2021-04-30,521.61,6,5,1,Delayed
PRJ_1158,Petroleum Infrastructure Development at Karnataka Section Pkg-7,Ministry of Petroleum & Natural Gas,Petroleum & Natural Gas,BPCL,Karnataka,15.4071,,2023-11-01,1713.75,1864.56,2026-12-01,2027-05-02,1445.17,24,19,0,Delayed
PRJ_1159,Roads Infrastructure Development at Rajasthan Section Pkg-8,Ministry of Road Transport & Highways,Roads & Highways,NHAI,Rajasthan,26.4627,73.7931,2023-10-01,353.59,480.18,2027-10-31,2029-03-01,219.05,6,2,2,Delayed
PRJ_1160,Railways Infrastructure Development at Mizoram Section Pkg-9,Ministry of Railways,Railways,IRCON,Mizoram,22.9725,93.2362,2018-09-01,312.14,352.72,2023-03-02,2023-08-01,209.38,21,12,1,Delayed
PRJ_1161,Roads Infrastructure Development at Odisha Section Pkg-1,Ministry of Road Transport & Highways,Roads & Highways,MoRTH,Odisha,21.4905,85.047,2017-10-01,2118.63,2124.99,2019-07-02,2021-01-30,1896.36,24,22,2,Delayed
PRJ_1162,Steel Infrastructure Development at Gujarat Section Pkg-2,Ministry of Steel,Steel & Heavy Industry,RINL,Gujarat,22.0751,71.3616,2021-01-01,3242.03,3997.42,2024-05-02,2026-09-01,3150.27,19,14,2,Delayed
PRJ_1163,Railways Infrastructure Development at Mizoram Section Pkg-3,Ministry of Railways,Railways,IRCON,Mizoram,23.7261,,2019-07-01,169.89,172.27,2021-01-29,2021-02-28,115.97,18,11,1,Ongoing
PRJ_1164,Railways Infrastructure Development at Bihar Section Pkg-4,Ministry of Railways,Railways,Dedicated Freight Corridor Corp,Bihar,24.7233,84.7771,2020-06-01,388.8,468.12,2025-06-01,2028-12-30,207.69,22,9,2,Delayed
PRJ_1165,Railways Infrastructure Development at Rajasthan Section Pkg-5,Ministry of Railways,Railways,Central Railway,Rajasthan,26.7057,74.8056,2020-03-01,392.88,419.2,2022-05-31,2023-01-29,370.9,12,10,2,Delayed
PRJ_1166,Healthcare Infrastructure Development at Bihar Section Pkg-6,Ministry of Health & Family Welfare,Healthcare Infrastructure,AIIMS,Bihar,25.2099,85.4277,2021-12-01,2018.04,1917.14,2025-06-01,2025-09-30,1520.98,21,17,1,Delayed
PRJ_1167,Power Infrastructure Development at Maharashtra Section Pkg-7,Ministry of Power,Power Transmission & Generation,PGCIL,Maharashtra,19.4712,75.5314,2020-09-01,466.63,516.56,2024-12-01,2025-05-02,342.3,9,6,0,Delayed
PRJ_1168,Roads Infrastructure Development at West Bengal Section Pkg-8,Ministry of Road Transport & Highways,Roads & Highways,NHAI,West Bengal,23.5366,,2023-11-01,669.85,976.64,2028-10-31,2030-03-02,689.31,13,8,3,Delayed
PRJ_1169,Roads Infrastructure Development at Maharashtra Section Pkg-9,Ministry of Road Transport & Highways,Roads & Highways,NHIDCL,Maharashtra,20.186,75.6809,2019-09-01,828.41,871.49,2023-01-30,2023-05-01,270.0,11,3,1,Ongoing
PRJ_1170,Power Infrastructure Development at Andaman & Nicobar Section Pkg-1,Ministry of Power,Power Transmission & Generation,THDC,Andaman & Nicobar,11.4362,92.4356,2022-05-01,1481.43,1605.87,2026-05-31,2026-09-29,1513.04,8,7,2,Delayed
PRJ_1171,Railways Infrastructure Development at Telangana Section Pkg-2,Ministry of Railways,Railways,RVNL,Telangana,17.8321,79.3142,2017-06-01,3296.0,4314.46,2020-09-30,2025-03-01,2500.01,7,3,1,Delayed
PRJ_1172,Roads Infrastructure Development at Jharkhand Section Pkg-3,Ministry of Road Transport & Highways,Roads & Highways,NHIDCL,Jharkhand,23.9895,85.0677,2016-01-01,150.0,156.9,2018-05-02,2018-12-31,130.52,7,5,0,Delayed
PRJ_1173,Railways Infrastructure Development at Karnataka Section Pkg-4,Ministry of Railways,Railways,Dedicated Freight Corridor Corp,Karnataka,15.1122,75.1686,2016-07-01,921.5,1145.42,2018-03-01,2019-08-30,1137.01,18,16,2,Delayed
PRJ_1174,Roads Infrastructure Development at Punjab Section Pkg-5,Ministry of Road Transport & Highways,Roads & Highways,NHAI,Punjab,31.0132,74.9633,2019-06-01,257.93,342.53,2021-05-31,2023-11-30,323.26,20,18,2,Delayed
PRJ_1175,Petroleum Infrastructure Development at Madhya Pradesh Section Pkg-6,Ministry of Petroleum & Natural Gas,Petroleum & Natural Gas,HPCL,Madhya Pradesh,22.9903,79.0657,2023-02-01,150.0,149.85,2027-10-02,2028-01-01,130.41,20,17,1,Ongoing
PRJ_1176,Roads Infrastructure Development at Uttar Pradesh Section Pkg-7,Ministry of Road Transport & Highways,Roads & Highways,NHAI,Uttar Pradesh,26.845,81.0991,2020-12-01,998.65,1270.28,2025-12-01,2026-12-31,942.93,24,17,1,Delayed
PRJ_1177,Roads Infrastructure Development at Uttar Pradesh Section Pkg-8,Ministry of Road Transport & Highways,Roads & Highways,NHIDCL,Uttar Pradesh,26.5501,80.562,2018-08-01,279.33,350.28,2022-09-30,2023-11-30,146.49,17,7,7,Delayed
PRJ_1178,Roads Infrastructure Development at Bihar Section Pkg-9,Ministry of Road Transport & Highways,Roads & Highways,NHAI,Bihar,25.5512,85.1639,2017-05-01,1457.52,1909.35,2020-01-30,2023-05-31,642.55,15,5,8,Delayed
PRJ_1179,Roads Infrastructure Development at Madhya Pradesh Section Pkg-1,Ministry of Road Transport & Highways,Roads & Highways,MoRTH,Madhya Pradesh,22.6823,78.782,2019-10-01,936.54,1019.89,2021-07-01,2021-07-01,948.81,8,7,1,Delayed
PRJ_1180,Coal Infrastructure Development at Arunachal Pradesh Section Pkg-2,Ministry of Coal,Coal Mining,MCL,Arunachal Pradesh,27.9803,94.4834,2020-05-01,296.1,309.13,2023-08-01,2023-08-31,197.71,19,11,2,Ongoing
PRJ_1181,Roads Infrastructure Development at Madhya Pradesh Section Pkg-3,Ministry of Road Transport & Highways,Roads & Highways,MoRTH,Madhya Pradesh,23.417,78.3801,2021-07-01,901.93,969.57,2025-11-30,2026-09-30,481.29,19,9,2,Delayed
PRJ_1182,Roads Infrastructure Development at Uttarakhand Section Pkg-4,Ministry of Road Transport & Highways,Roads & Highways,NHAI,Uttarakhand,30.1823,79.0326,2018-09-01,338.54,323.31,2020-06-01,2020-07-31,204.39,15,9,0,Ongoing
PRJ_1183,Roads Infrastructure Development at Maharashtra Section Pkg-5,Ministry of Road Transport & Highways,Roads & Highways,MoRTH,Maharashtra,20.2168,75.9009,2016-01-01,500.99,514.02,2017-08-01,2017-08-01,363.1,9,6,1,Ongoing
PRJ_1184,Healthcare Infrastructure Development at Telangana Section Pkg-6,Ministry of Health & Family Welfare,Healthcare Infrastructure,AIIMS,Telangana,,78.9758,2016-02-01,257.44,282.93,2018-12-01,2019-06-01,257.14,16,14,2,Delayed
PRJ_1185,Roads Infrastructure Development at West Bengal Section Pkg-7,Ministry of Road Transport & Highways,Roads & Highways,NHIDCL,West Bengal,,87.8263,2022-12-01,892.41,934.35,2027-06-01,2027-09-30,895.63,11,9,1,Delayed
PRJ_1186,Roads Infrastructure Development at Uttar Pradesh Section Pkg-8,Ministry of Road Transport & Highways,Roads & Highways,NHIDCL,Uttar Pradesh,27.2672,80.6828,2018-10-01,285.47,280.33,2021-08-31,2021-12-30,216.36,23,18,1,Delayed
PRJ_1187,Roads Infrastructure Development at West Bengal Section Pkg-9,Ministry of Road Transport & Highways,Roads & Highways,NHAI,West Bengal,22.8115,87.6104,2018-10-01,529.76,583.27,2021-12-31,2022-06-01,127.93,8,1,2,Delayed
PRJ_1188,Railways Infrastructure Development at Chhattisgarh Section Pkg-1,Ministry of Railways,Railways,Dedicated Freight Corridor Corp,Chhattisgarh,21.0655,,2018-08-01,926.84,971.33,2021-01-30,2021-01-30,639.17,16,9,0,Ongoing
PRJ_1189,Ports Infrastructure Development at Odisha Section Pkg-2,"Ministry of Ports, Shipping and Waterways",Ports & Shipping,Paradip Port Authority,Odisha,21.3435,85.5199,2023-04-01,150.0,223.05,2025-01-29,2026-08-30,130.2,21,11,7,Delayed
PRJ_1190,Railways Infrastructure Development at Punjab Section Pkg-3,Ministry of Railways,Railways,IRCON,Punjab,31.0381,75.4337,2020-05-01,5132.78,5574.2,2024-12-30,2025-08-30,1872.79,18,5,1,Delayed
PRJ_1191,Roads Infrastructure Development at Uttar Pradesh Section Pkg-4,Ministry of Road Transport & Highways,Roads & Highways,MoRTH,Uttar Pradesh,27.4331,81.1163,2019-10-01,946.9,962.05,2023-10-01,2024-05-31,686.2,9,6,0,Delayed
PRJ_1192,Steel Infrastructure Development at West Bengal Section Pkg-5,Ministry of Steel,Steel & Heavy Industry,NMDC,West Bengal,22.7373,87.9195,2019-04-01,337.03,451.28,2024-02-29,2025-09-29,72.69,19,2,11,Stalled
PRJ_1193,Coal Infrastructure Development at Tamil Nadu Section Pkg-6,Ministry of Coal,Coal Mining,SCCL,Tamil Nadu,10.8558,78.1365,2017-12-01,599.19,626.75,2020-07-01,2020-12-30,539.75,19,17,2,Delayed
PRJ_1194,Water Infrastructure Development at Bihar Section Pkg-7,"Department of Water Resources, River Development & GR",Water & Sanitation,Water Resources Dept,Bihar,25.2331,84.8979,2019-11-01,218.7,207.76,2021-10-31,2022-01-30,190.09,9,7,0,Ongoing
PRJ_1195,Roads Infrastructure Development at Maharashtra Section Pkg-8,Ministry of Road Transport & Highways,Roads & Highways,MoRTH,Maharashtra,20.1937,75.3073,2023-02-01,944.9,929.78,2025-08-02,2026-06-02,789.39,13,11,0,Delayed
PRJ_1196,Coal Infrastructure Development at Chhattisgarh Section Pkg-9,Ministry of Coal,Coal Mining,WCL,Chhattisgarh,,81.3009,2023-11-01,1471.47,1603.9,2028-09-30,2028-11-29,782.74,14,6,1,Delayed
PRJ_1197,Coal Infrastructure Development at Andhra Pradesh Section Pkg-1,Ministry of Coal,Coal Mining,SECL,Andhra Pradesh,16.1391,80.2802,2021-05-01,2242.16,2311.67,2022-11-30,2023-01-29,2138.79,8,6,0,Ongoing
PRJ_1198,Telecommunications Infrastructure Development at Sikkim Section Pkg-2,Department of Telecommunications,Telecommunications,DoT,Sikkim,27.2098,88.9701,2018-01-01,432.62,491.02,2019-08-02,2019-11-01,369.41,10,7,1,Delayed
PRJ_1199,Roads Infrastructure Development at Punjab Section Pkg-3,Ministry of Road Transport & Highways,Roads & Highways,MoRTH,Punjab,31.1304,74.9443,2020-10-01,573.23,544.57,2024-07-01,2024-12-30,118.75,12,2,0,Delayed
PRJ_1200,Roads Infrastructure Development at Andhra Pradesh Section Pkg-4,Ministry of Road Transport & Highways,Roads & Highways,NHIDCL,Andhra Pradesh,15.3711,80.1987,2023-04-01,773.34,894.75,2027-07-01,2031-07-31,438.73,13,5,6,Delayed
PRJ_1201,Roads Infrastructure Development at Assam Section Pkg-5,Ministry of Road Transport & Highways,Roads & Highways,NHAI,Assam,26.1112,92.6207,2020-11-01,491.74,569.43,2025-09-01,2026-01-31,486.89,22,18,0,Delayed
PRJ_1202,Petroleum Infrastructure Development at Gujarat Section Pkg-6,Ministry of Petroleum & Natural Gas,Petroleum & Natural Gas,BPCL,Gujarat,,71.2412,2022-10-01,886.24,1198.2,2026-04-01,2028-08-30,512.06,18,7,7,Delayed
PRJ_1203,Roads Infrastructure Development at Jammu & Kashmir Section Pkg-7,Ministry of Road Transport & Highways,Roads & Highways,NHIDCL,Jammu & Kashmir,33.5037,76.5892,2017-11-01,678.97,697.3,2019-09-01,2020-07-01,601.15,13,11,1,Delayed
PRJ_1204,Coal Infrastructure Development at Haryana Section Pkg-8,Ministry of Coal,Coal Mining,Coal India Ltd (CIL),Haryana,28.7746,76.4309,2018-01-01,922.52,921.6,2021-01-31,2021-09-01,658.76,9,6,0,Delayed
PRJ_1205,Railways Infrastructure Development at Gujarat Section Pkg-9,Ministry of Railways,Railways,Dedicated Freight Corridor Corp,Gujarat,21.8328,70.7556,2021-06-01,567.74,539.35,2022-12-31,2023-03-01,400.4,11,8,1,Ongoing
PRJ_1206,Roads Infrastructure Development at Karnataka Section Pkg-1,Ministry of Road Transport & Highways,Roads & Highways,NHAI,Karnataka,14.9161,75.2932,2020-09-01,450.82,446.76,2024-12-01,2025-01-30,208.88,8,3,1,Ongoing
PRJ_1207,Roads Infrastructure Development at Meghalaya Section Pkg-2,Ministry of Road Transport & Highways,Roads & Highways,NHIDCL,Meghalaya,25.6298,91.5923,2017-10-01,450.69,579.59,2021-08-01,2025-05-01,157.75,16,4,10,Stalled
PRJ_1208,Petroleum Infrastructure Development at Karnataka Section Pkg-3,Ministry of Petroleum & Natural Gas,Petroleum & Natural Gas,ONGC,Karnataka,14.9997,76.261,2022-05-01,1089.35,1471.71,2027-01-29,2029-04-29,203.02,11,1,10,Stalled
PRJ_1209,Roads Infrastructure Development at Uttarakhand Section Pkg-4,Ministry of Road Transport & Highways,Roads & Highways,MoRTH,Uttarakhand,29.8012,79.3682,2023-05-01,546.03,725.13,2027-08-30,2030-06-29,309.01,17,7,2,Delayed
PRJ_1210,Roads Infrastructure Development at Chhattisgarh Section Pkg-5,Ministry of Road Transport & Highways,Roads & Highways,NHAI,Chhattisgarh,21.7684,,2022-05-01,1171.05,1258.88,2025-03-31,2025-05-30,680.5,14,7,2,Ongoing
PRJ_1211,Mining Infrastructure Development at West Bengal Section Pkg-6,Ministry of Mines,Mining & Minerals,NALCO,West Bengal,22.7114,87.6395,2022-05-01,394.14,495.83,2024-05-30,2026-04-30,434.23,17,15,1,Delayed
PRJ_1212,Railways Infrastructure Development at Karnataka Section Pkg-7,Ministry of Railways,Railways,Central Railway,Karnataka,15.5895,,2019-12-01,566.25,823.89,2023-05-01,2026-12-30,89.13,20,2,17,Stalled
PRJ_1213,Roads Infrastructure Development at Uttar Pradesh Section Pkg-8,Ministry of Road Transport & Highways,Roads & Highways,MoRTH,Uttar Pradesh,26.4542,80.6368,2017-07-01,474.63,517.35,2019-11-30,2020-05-30,515.42,9,8,0,Delayed
PRJ_1214,Railways Infrastructure Development at Meghalaya Section Pkg-9,Ministry of Railways,Railways,IRCON,Meghalaya,25.1867,91.5874,2021-03-01,1329.68,1844.27,2025-03-31,2026-02-28,418.84,16,3,8,Delayed
PRJ_1215,Roads Infrastructure Development at Bihar Section Pkg-1,Ministry of Road Transport & Highways,Roads & Highways,MoRTH,Bihar,25.0441,85.1793,2022-03-01,191.33,201.85,2024-09-29,2025-07-30,129.67,15,8,3,Delayed
PRJ_1216,Roads Infrastructure Development at Chhattisgarh Section Pkg-2,Ministry of Road Transport & Highways,Roads & Highways,NHAI,Chhattisgarh,20.7123,82.0718,2020-03-01,5635.23,7291.99,2022-03-31,2022-12-29,5865.43,11,8,3,Delayed
PRJ_1217,Roads Infrastructure Development at Bihar Section Pkg-3,Ministry of Road Transport & Highways,Roads & Highways,NHAI,Bihar,25.4023,85.4518,2020-02-01,631.94,720.41,2024-10-01,2025-06-01,486.02,18,12,0,Delayed
PRJ_1218,Railways Infrastructure Development at Uttar Pradesh Section Pkg-4,Ministry of Railways,Railways,Central Railway,Uttar Pradesh,27.1331,80.5215,2022-03-01,355.26,384.75,2024-06-30,2026-10-30,331.96,13,10,3,Delayed
PRJ_1219,Roads Infrastructure Development at Dadra & Nagar Haveli Section Pkg-5,Ministry of Road Transport & Highways,Roads & Highways,NHAI,Dadra & Nagar Haveli,20.3766,73.2292,2019-10-01,176.41,244.68,2022-04-01,2024-07-31,44.77,23,4,7,Stalled
PRJ_1220,Roads Infrastructure Development at Maharashtra Section Pkg-6,Ministry of Road Transport & Highways,Roads & Highways,MoRTH,Maharashtra,19.4302,75.4978,2023-11-01,1508.02,1711.6,2025-12-31,2027-04-01,766.57,24,10,8,Delayed
PRJ_1221,Roads Infrastructure Development at Uttar Pradesh Section Pkg-7,Ministry of Road Transport & Highways,Roads & Highways,NHAI,Uttar Pradesh,26.4488,81.5262,2018-05-01,206.48,208.34,2019-10-30,2019-11-29,157.69,24,17,1,Ongoing
PRJ_1222,Industrial Infrastructure Development at Bihar Section Pkg-8,Department for Promotion of Industry & Internal Trade,Industrial Parks & SEZ,GIDC,Bihar,25.3896,85.4813,2017-12-01,597.77,591.79,2019-12-31,2020-02-29,278.55,15,6,1,Ongoing
PRJ_1223,Urban Infrastructure Development at Tamil Nadu Section Pkg-9,Ministry of Housing & Urban Affairs,Urban Infrastructure & Metro,PMRCL,Tamil Nadu,11.1662,79.0998,2019-02-01,473.69,471.32,2022-05-03,2022-05-03,350.48,21,15,0,Ongoing
PRJ_1224,Roads Infrastructure Development at Chhattisgarh Section Pkg-1,Ministry of Road Transport & Highways,Roads & Highways,MoRTH,Chhattisgarh,20.9775,82.0698,2016-12-01,567.46,622.5,2020-01-31,2020-03-01,199.19,22,6,1,Delayed
PRJ_1225,Roads Infrastructure Development at Odisha Section Pkg-2,Ministry of Road Transport & Highways,Roads & Highways,MoRTH,Odisha,20.6576,84.7998,2018-05-01,197.06,200.21,2021-04-30,2021-07-30,175.2,22,19,0,Ongoing
PRJ_1226,Railways Infrastructure Development at Uttar Pradesh Section Pkg-3,Ministry of Railways,Railways,Dedicated Freight Corridor Corp,Uttar Pradesh,26.6144,81.2014,2020-06-01,921.39,1122.25,2022-10-31,2024-03-31,318.94,17,4,8,Delayed
PRJ_1227,Power Infrastructure Development at Rajasthan Section Pkg-4,Ministry of Power,Power Transmission & Generation,THDC,Rajasthan,26.8262,74.6092,2017-10-01,1721.97,1732.3,2019-08-01,2019-11-30,1529.58,12,10,2,Delayed
PRJ_1228,Roads Infrastructure Development at Andhra Pradesh Section Pkg-5,Ministry of Road Transport & Highways,Roads & Highways,MoRTH,Andhra Pradesh,16.1324,80.1291,2016-06-01,1518.69,2089.72,2018-07-01,2020-07-30,1022.64,17,7,7,Delayed
PRJ_1229,Coal Infrastructure Development at Telangana Section Pkg-6,Ministry of Coal,Coal Mining,Coal India Ltd (CIL),Telangana,18.2317,78.6623,2020-05-01,276.08,269.73,2022-09-30,2022-12-30,134.28,6,3,2,Ongoing
PRJ_1230,Roads Infrastructure Development at Jharkhand Section Pkg-7,Ministry of Road Transport & Highways,Roads & Highways,NHAI,Jharkhand,23.3608,84.9392,2022-05-01,632.9,844.29,2025-09-29,2027-06-30,458.3,14,7,2,Delayed
PRJ_1231,Roads Infrastructure Development at Andhra Pradesh Section Pkg-8,Ministry of Road Transport & Highways,Roads & Highways,MoRTH,Andhra Pradesh,15.5579,79.1866,2022-01-01,4270.52,4723.2,2025-07-02,2025-08-31,2141.54,15,6,0,Delayed
PRJ_1232,Coal Infrastructure Development at Maharashtra Section Pkg-9,Ministry of Coal,Coal Mining,Coal India Ltd (CIL),Maharashtra,20.2861,75.6434,2019-04-01,829.11,1135.88,2021-07-31,2023-08-30,287.12,23,5,15,Stalled
PRJ_1233,Power Infrastructure Development at Punjab Section Pkg-1,Ministry of Power,Power Transmission & Generation,NHPC,Punjab,31.5142,74.7665,2017-08-01,778.25,884.09,2022-03-02,2024-08-31,147.92,11,1,1,Stalled
PRJ_1234,Railways Infrastructure Development at Telangana Section Pkg-2,Ministry of Railways,Railways,Central Railway,Telangana,,78.9879,2019-03-01,606.82,830.13,2022-03-31,2024-04-29,581.78,11,7,2,Delayed
PRJ_1235,Railways Infrastructure Development at Bihar Section Pkg-3,Ministry of Railways,Railways,Central Railway,Bihar,24.5821,85.4469,2019-09-01,639.27,915.43,2024-01-31,2024-11-30,233.69,6,1,2,Delayed
PRJ_1236,Water Infrastructure Development at Andhra Pradesh Section Pkg-4,"Department of Water Resources, River Development & GR",Water & Sanitation,National Mission for Clean Ganga,Andhra Pradesh,15.8125,79.6191,2022-07-01,494.92,519.67,2024-10-30,2024-12-29,180.48,11,3,0,Ongoing
PRJ_1237,Coal Infrastructure Development at Maharashtra Section Pkg-5,Ministry of Coal,Coal Mining,MCL,Maharashtra,19.8735,75.5577,2023-04-01,1303.43,1710.1,2026-09-30,2027-11-30,105.41,9,0,5,Delayed
PRJ_1238,Roads Infrastructure Development at Bihar Section Pkg-6,Ministry of Road Transport & Highways,Roads & Highways,MoRTH,Bihar,25.3763,85.7404,2021-07-01,535.21,673.29,2025-03-01,2027-03-31,205.85,19,5,13,Stalled
PRJ_1239,Roads Infrastructure Development at Karnataka Section Pkg-7,Ministry of Road Transport & Highways,Roads & Highways,NHAI,Karnataka,15.6686,75.5174,2019-11-01,444.97,503.71,2021-10-01,2021-10-31,282.02,24,13,2,Delayed
PRJ_1240,Roads Infrastructure Development at Jharkhand Section Pkg-8,Ministry of Road Transport & Highways,Roads & Highways,MoRTH,Jharkhand,23.8394,84.8207,2018-12-01,1322.72,1285.68,2021-08-01,2021-10-31,1018.45,9,7,1,Ongoing
PRJ_1241,Urban Infrastructure Development at Telangana Section Pkg-9,Ministry of Housing & Urban Affairs,Urban Infrastructure & Metro,DMRC,Telangana,17.5868,,2020-11-01,955.75,929.94,2024-03-02,2024-07-01,372.78,19,7,0,Delayed
PRJ_1242,Healthcare Infrastructure Development at Tamil Nadu Section Pkg-1,Ministry of Labour and Employment,Healthcare & ESIC,ESIC,Tamil Nadu,11.5817,79.2455,2019-05-01,150.0,165.0,2023-01-29,2023-01-29,30.21,23,4,0,Delayed
PRJ_1243,Roads Infrastructure Development at Maharashtra Section Pkg-2,Ministry of Road Transport & Highways,Roads & Highways,MoRTH,Maharashtra,19.5172,76.2573,2022-02-01,516.21,539.96,2025-01-01,2025-03-02,441.49,24,20,1,Ongoing
PRJ_1244,Airports Infrastructure Development at Uttar Pradesh Section Pkg-3,Ministry of Civil Aviation,Airports & Aviation,Adani Airport Holdings,Uttar Pradesh,26.9101,81.5327,2016-03-01,185.09,175.84,2018-05-01,2019-03-01,160.18,18,16,1,Delayed
PRJ_1245,Railways Infrastructure Development at Maharashtra Section Pkg-4,Ministry of Railways,Railways,Central Railway,Maharashtra,19.6959,76.1574,2020-12-01,453.18,566.48,2023-09-01,2025-06-01,338.99,11,6,2,Delayed
PRJ_1246,Railways Infrastructure Development at Odisha Section Pkg-5,Ministry of Railways,Railways,RVNL,Odisha,21.5314,84.5992,2022-08-01,2464.8,2541.21,2025-07-31,2025-09-29,1579.89,21,12,1,Ongoing
PRJ_1247,Roads Infrastructure Development at Uttar Pradesh Section Pkg-6,Ministry of Road Transport & Highways,Roads & Highways,NHIDCL,Uttar Pradesh,26.5243,81.3365,2018-10-01,999.37,1041.34,2022-06-01,2022-07-01,434.87,23,9,2,Ongoing
PRJ_1248,Roads Infrastructure Development at Andhra Pradesh Section Pkg-7,Ministry of Road Transport & Highways,Roads & Highways,NHIDCL,Andhra Pradesh,15.6787,79.1964,2019-01-01,205.99,200.22,2020-10-01,2021-08-31,200.22,19,17,0,Delayed
PRJ_1249,Roads Infrastructure Development at Uttar Pradesh Section Pkg-8,Ministry of Road Transport & Highways,Roads & Highways,NHAI,Uttar Pradesh,26.7412,81.3637,2016-10-01,653.12,700.8,2019-05-02,2020-11-30,220.12,20,5,14,Stalled
PRJ_1250,Railways Infrastructure Development at Maharashtra Section Pkg-9,Ministry of Railways,Railways,IRCON,Maharashtra,19.9988,75.1451,2018-07-01,949.75,929.81,2022-03-01,2022-03-01,369.5,24,9,2,Ongoing
PRJ_1251,Educational Infrastructure Development at Jammu & Kashmir Section Pkg-1,Department of Higher Education,Educational Infrastructure,IIT,Jammu & Kashmir,33.8419,76.8646,2016-12-01,1013.28,1085.22,2020-06-01,2020-12-31,659.75,24,14,1,Delayed
PRJ_1252,Roads Infrastructure Development at Andhra Pradesh Section Pkg-2,Ministry of Road Transport & Highways,Roads & Highways,NHIDCL,Andhra Pradesh,16.3224,80.0138,2021-02-01,547.04,697.48,2022-08-02,2024-08-01,210.55,17,4,9,Stalled
PRJ_1253,Coal Infrastructure Development at Andhra Pradesh Section Pkg-3,Ministry of Coal,Coal Mining,SECL,Andhra Pradesh,16.3427,79.4628,2023-08-01,150.0,145.65,2027-08-01,2027-08-31,123.83,21,16,0,Ongoing
PRJ_1254,Coal Infrastructure Development at Maharashtra Section Pkg-4,Ministry of Coal,Coal Mining,WCL,Maharashtra,20.2053,75.2351,2018-04-01,1298.94,1547.04,2023-04-01,2027-05-01,191.58,21,2,1,Stalled
PRJ_1255,Coal Infrastructure Development at Jharkhand Section Pkg-5,Ministry of Coal,Coal Mining,ECL,Jharkhand,23.943,84.8418,2021-03-01,1526.64,1609.08,2026-01-29,2026-03-30,526.79,17,5,2,Ongoing
PRJ_1256,Roads Infrastructure Development at Maharashtra Section Pkg-6,Ministry of Road Transport & Highways,Roads & Highways,MoRTH,Maharashtra,19.3577,76.0398,2020-09-01,301.95,368.38,2025-04-02,2026-11-01,249.89,16,11,2,Delayed
PRJ_1257,Mining Infrastructure Development at Jharkhand Section Pkg-7,Ministry of Mines,Mining & Minerals,MECL,Jharkhand,23.5192,85.3775,2018-10-01,467.45,506.25,2022-05-01,2022-05-31,399.97,17,12,2,Delayed
PRJ_1258,Roads Infrastructure Development at Punjab Section Pkg-8,Ministry of Road Transport & Highways,Roads & Highways,NHAI,Punjab,30.7019,75.7214,2019-10-01,150.0,197.25,2023-08-31,2025-06-30,154.57,9,7,2,Delayed
PRJ_1259,Roads Infrastructure Development at Gujarat Section Pkg-9,Ministry of Road Transport & Highways,Roads & Highways,NHAI,Gujarat,22.4911,71.4436,2023-05-01,222.92,246.55,2025-07-30,2025-07-30,183.31,20,13,0,Delayed
PRJ_1260,Roads Infrastructure Development at Jharkhand Section Pkg-1,Ministry of Road Transport & Highways,Roads & Highways,NHIDCL,Jharkhand,24.0395,85.6933,2023-08-01,317.98,379.67,2027-08-01,2028-03-31,170.03,8,3,5,Delayed
PRJ_1261,Roads Infrastructure Development at Bihar Section Pkg-2,Ministry of Road Transport & Highways,Roads & Highways,NHAI,Bihar,25.5211,84.9146,2021-03-01,684.39,755.57,2026-01-29,2026-10-29,566.23,16,11,1,Delayed
PRJ_1262,Roads Infrastructure Development at Uttarakhand Section Pkg-3,Ministry of Road Transport & Highways,Roads & Highways,MoRTH,Uttarakhand,,79.2248,2019-08-01,585.57,599.04,2022-10-31,2023-01-30,290.21,23,11,0,Ongoing
PRJ_1263,Petroleum Infrastructure Development at Karnataka Section Pkg-4,Ministry of Petroleum & Natural Gas,Petroleum & Natural Gas,IOCL,Karnataka,15.361,,2019-11-01,952.1,949.24,2022-06-01,2022-07-31,881.84,8,7,0,Ongoing
PRJ_1264,Roads Infrastructure Development at Rajasthan Section Pkg-5,Ministry of Road Transport & Highways,Roads & Highways,MoRTH,Rajasthan,26.4897,74.583,2021-01-01,189.56,198.47,2025-12-01,2026-08-01,104.57,23,11,1,Delayed
PRJ_1265,Roads Infrastructure Development at Haryana Section Pkg-6,Ministry of Road Transport & Highways,Roads & Highways,NHAI,Haryana,28.9094,76.5649,2018-10-01,1129.63,1203.06,2023-04-01,2023-07-01,329.67,8,2,0,Ongoing
PRJ_1266,Railways Infrastructure Development at Andhra Pradesh Section Pkg-7,Ministry of Railways,Railways,Dedicated Freight Corridor Corp,Andhra Pradesh,16.0834,80.0191,2023-03-01,549.19,583.24,2025-10-30,2026-08-30,419.11,11,8,1,Delayed
PRJ_1267,Petroleum Infrastructure Development at Telangana Section Pkg-8,Ministry of Petroleum & Natural Gas,Petroleum & Natural Gas,HPCL,Telangana,18.3335,79.613,2018-06-01,1650.53,1817.23,2020-01-30,2021-03-31,1053.11,20,11,3,Delayed
PRJ_1268,Roads Infrastructure Development at Tamil Nadu Section Pkg-9,Ministry of Road Transport & Highways,Roads & Highways,NHAI,Tamil Nadu,,78.8247,2019-02-01,566.5,557.44,2022-05-03,2022-07-02,136.86,6,1,0,Ongoing
PRJ_1269,Coal Infrastructure Development at Tamil Nadu Section Pkg-1,Ministry of Coal,Coal Mining,ECL,Tamil Nadu,11.0995,79.0507,2021-07-01,930.92,1300.5,2024-04-30,2027-08-30,459.53,11,4,4,Delayed
PRJ_1270,Roads Infrastructure Development at Gujarat Section Pkg-2,Ministry of Road Transport & Highways,Roads & Highways,MoRTH,Gujarat,22.716,71.2492,2022-12-01,954.8,1063.65,2024-05-31,2024-06-30,830.26,6,4,0,Delayed
PRJ_1271,Roads Infrastructure Development at Odisha Section Pkg-3,Ministry of Road Transport & Highways,Roads & Highways,NHAI,Odisha,20.8959,84.5684,2022-02-01,761.69,792.92,2024-05-02,2024-07-01,579.6,22,15,2,Ongoing
PRJ_1272,Roads Infrastructure Development at Uttar Pradesh Section Pkg-4,Ministry of Road Transport & Highways,Roads & Highways,MoRTH,Uttar Pradesh,26.4869,80.9417,2023-04-01,1731.04,1883.37,2025-03-01,2025-04-30,1682.62,20,17,1,Delayed
PRJ_1273,Roads Infrastructure Development at Punjab Section Pkg-5,Ministry of Road Transport & Highways,Roads & Highways,NHIDCL,Punjab,31.7075,,2022-01-01,747.48,928.37,2026-08-02,2028-03-02,388.39,10,3,4,Delayed
PRJ_1274,Roads Infrastructure Development at Maharashtra Section Pkg-6,Ministry of Road Transport & Highways,Roads & Highways,MoRTH,Maharashtra,19.3223,75.2038,2020-02-01,150.0,157.8,2021-12-01,2022-05-02,133.17,9,7,1,Delayed
PRJ_1275,Roads Infrastructure Development at Punjab Section Pkg-7,Ministry of Road Transport & Highways,Roads & Highways,NHIDCL,Punjab,31.2354,75.8191,2023-10-01,714.27,998.55,2027-03-01,2028-01-29,264.32,18,4,10,Delayed
PRJ_1276,Petroleum Infrastructure Development at Odisha Section Pkg-8,Ministry of Petroleum & Natural Gas,Petroleum & Natural Gas,ONGC,Odisha,20.8546,84.6805,2023-03-01,2247.14,2411.18,2025-08-30,2026-05-30,1967.24,21,16,2,Delayed
PRJ_1277,Railways Infrastructure Development at Uttarakhand Section Pkg-9,Ministry of Railways,Railways,Dedicated Freight Corridor Corp,Uttarakhand,29.7892,79.1007,2018-05-01,936.76,949.87,2020-03-31,2020-06-30,384.33,13,5,1,Ongoing
PRJ_1278,Coal Infrastructure Development at Uttar Pradesh Section Pkg-1,Ministry of Coal,Coal Mining,WCL,Uttar Pradesh,27.3028,80.5185,2020-10-01,325.88,309.59,2024-10-31,2025-01-30,131.93,12,5,1,Ongoing
PRJ_1279,Railways Infrastructure Development at Maharashtra Section Pkg-2,Ministry of Railways,Railways,Central Railway,Maharashtra,19.3385,75.1486,2020-12-01,198.36,207.09,2025-12-01,2025-12-31,179.03,22,17,0,Ongoing
PRJ_1280,Roads Infrastructure Development at Jharkhand Section Pkg-3,Ministry of Road Transport & Highways,Roads & Highways,NHIDCL,Jharkhand,23.745,84.9178,2020-08-01,617.9,648.18,2025-04-01,2025-11-30,294.1,7,3,0,Delayed
PRJ_1281,Coal Infrastructure Development at Maharashtra Section Pkg-4,Ministry of Coal,Coal Mining,ECL,Maharashtra,19.8598,76.1816,2016-01-01,301.22,300.32,2020-10-31,2021-05-01,56.96,23,4,2,Delayed
PRJ_1282,Roads Infrastructure Development at Karnataka Section Pkg-5,Ministry of Road Transport & Highways,Roads & Highways,NHIDCL,Karnataka,14.9622,75.266,2022-08-01,150.0,157.2,2024-05-31,2024-10-30,78.87,13,6,2,Delayed
PRJ_1283,Petroleum Infrastructure Development at Gujarat Section Pkg-6,Ministry of Petroleum & Natural Gas,Petroleum & Natural Gas,HPCL,Gujarat,21.777,71.6442,2016-10-01,946.11,969.76,2020-07-01,2020-07-31,879.89,15,14,0,Ongoing
PRJ_1284,Railways Infrastructure Development at Maharashtra Section Pkg-7,Ministry of Railways,Railways,IRCON,Maharashtra,19.2402,75.6546,2017-04-01,498.69,545.57,2020-03-31,2020-08-30,533.13,11,10,1,Delayed
PRJ_1285,Roads Infrastructure Development at Uttar Pradesh Section Pkg-8,Ministry of Road Transport & Highways,Roads & Highways,NHAI,Uttar Pradesh,27.1261,80.459,2020-04-01,196.72,200.65,2022-04-01,2022-07-01,105.99,15,7,1,Ongoing
PRJ_1286,Roads Infrastructure Development at Karnataka Section Pkg-9,Ministry of Road Transport & Highways,Roads & Highways,NHIDCL,Karnataka,15.4948,76.0782,2023-09-01,436.51,585.8,2028-05-01,2030-04-01,401.12,21,14,2,Delayed
PRJ_1287,Urban Infrastructure Development at Andhra Pradesh Section Pkg-1,Ministry of Housing & Urban Affairs,Urban Infrastructure & Metro,NBCC,Andhra Pradesh,15.8994,79.8309,2023-05-01,805.42,856.16,2027-07-31,2028-01-29,284.16,20,6,1,Delayed
PRJ_1288,Power Infrastructure Development at Maharashtra Section Pkg-2,Ministry of Power,Power Transmission & Generation,NTPC,Maharashtra,20.1258,,2016-09-01,727.55,906.53,2020-01-31,2024-05-31,456.29,16,7,2,Delayed
PRJ_1289,Roads Infrastructure Development at Uttar Pradesh Section Pkg-3,Ministry of Road Transport & Highways,Roads & Highways,NHIDCL,Uttar Pradesh,27.2216,80.7541,2021-06-01,325.95,325.62,2026-03-01,2026-03-01,210.39,9,5,2,Ongoing
PRJ_1290,Roads Infrastructure Development at Rajasthan Section Pkg-4,Ministry of Road Transport & Highways,Roads & Highways,MoRTH,Rajasthan,26.5121,,2020-08-01,278.6,421.24,2023-08-01,2026-07-01,315.06,18,13,1,Delayed
PRJ_1291,Roads Infrastructure Development at Arunachal Pradesh Section Pkg-5,Ministry of Road Transport & Highways,Roads & Highways,NHAI,Arunachal Pradesh,28.0759,95.2439,2019-09-01,1009.02,1448.95,2021-08-01,2023-01-30,795.17,6,3,3,Delayed
PRJ_1292,Roads Infrastructure Development at Mizoram Section Pkg-6,Ministry of Road Transport & Highways,Roads & Highways,MoRTH,Mizoram,23.5839,92.5679,2016-12-01,220.95,220.07,2020-01-31,2020-07-31,147.14,16,10,1,Delayed
PRJ_1293,Power Infrastructure Development at Karnataka Section Pkg-7,Ministry of Power,Power Transmission & Generation,THDC,Karnataka,14.971,75.3496,2019-02-01,497.65,610.12,2021-06-02,2022-04-02,431.83,6,4,1,Delayed
PRJ_1294,Petroleum Infrastructure Development at Bihar Section Pkg-8,Ministry of Petroleum & Natural Gas,Petroleum & Natural Gas,BPCL,Bihar,25.4322,85.7948,2018-01-01,1007.47,1193.85,2022-05-02,2024-10-31,745.36,8,5,3,Delayed
PRJ_1295,Roads Infrastructure Development at Jharkhand Section Pkg-9,Ministry of Road Transport & Highways,Roads & Highways,NHAI,Jharkhand,23.0219,85.7291,2020-08-01,342.55,352.83,2025-06-01,2025-10-31,72.38,20,3,2,Delayed
PRJ_1296,Roads Infrastructure Development at Manipur Section Pkg-1,Ministry of Road Transport & Highways,Roads & Highways,MoRTH,Manipur,24.312,93.5394,2018-05-01,2188.37,2448.79,2022-08-30,2022-12-29,1909.95,9,6,0,Delayed
PRJ_1297,Roads Infrastructure Development at Punjab Section Pkg-2,Ministry of Road Transport & Highways,Roads & Highways,MoRTH,Punjab,31.303,75.7916,2019-07-01,1552.19,1566.16,2023-07-01,2023-10-30,702.09,7,3,2,Delayed
PRJ_1298,Roads Infrastructure Development at Tamil Nadu Section Pkg-3,Ministry of Road Transport & Highways,Roads & Highways,NHAI,Tamil Nadu,11.2621,78.466,2022-01-01,612.31,592.72,2023-10-02,2024-03-02,338.92,17,10,0,Delayed
PRJ_1299,Petroleum Infrastructure Development at West Bengal Section Pkg-4,Ministry of Petroleum & Natural Gas,Petroleum & Natural Gas,IOCL,West Bengal,,87.8459,2023-08-01,1032.01,1523.25,2025-03-31,2027-05-31,1327.94,13,10,3,Delayed
PRJ_1300,Roads Infrastructure Development at Bihar Section Pkg-5,Ministry of Road Transport & Highways,Roads & Highways,NHAI,Bihar,,84.7249,2020-05-01,648.35,648.35,2025-05-01,2025-08-30,122.34,20,3,2,Delayed
PRJ_1301,Railways Infrastructure Development at Jammu & Kashmir Section Pkg-6,Ministry of Railways,Railways,Dedicated Freight Corridor Corp,Jammu & Kashmir,33.9152,76.3745,2017-06-01,876.42,941.28,2021-06-01,2021-10-31,821.72,8,7,0,Delayed
PRJ_1302,Urban Infrastructure Development at Maharashtra Section Pkg-7,Ministry of Housing & Urban Affairs,Urban Infrastructure & Metro,NBCC,Maharashtra,19.7699,75.1814,2022-09-01,1712.42,2354.58,2027-05-02,2028-05-01,766.36,24,8,12,Delayed
PRJ_1303,Power Infrastructure Development at Maharashtra Section Pkg-8,Ministry of Power,Power Transmission & Generation,PGCIL,Maharashtra,,75.8405,2016-06-01,900.65,902.45,2019-10-31,2020-01-30,309.25,22,7,2,Ongoing
PRJ_1304,Petroleum Infrastructure Development at Bihar Section Pkg-9,Ministry of Petroleum & Natural Gas,Petroleum & Natural Gas,HPCL,Bihar,25.403,85.5534,2019-10-01,165.55,225.31,2022-08-31,2025-05-31,57.87,14,3,8,Stalled
PRJ_1305,Power Infrastructure Development at Uttar Pradesh Section Pkg-1,Ministry of Power,Power Transmission & Generation,THDC,Uttar Pradesh,26.9961,80.9234,2017-05-01,318.25,342.76,2020-08-30,2020-09-29,146.57,23,9,1,Ongoing
PRJ_1306,Power Infrastructure Development at West Bengal Section Pkg-2,Ministry of Power,Power Transmission & Generation,SJVN,West Bengal,22.9876,88.3312,2019-06-01,391.51,567.69,2021-11-30,2023-09-30,445.78,22,17,3,Delayed
PRJ_1307,Water Infrastructure Development at Maharashtra Section Pkg-3,"Department of Water Resources, River Development & GR",Water & Sanitation,Water Resources Dept,Maharashtra,20.3264,76.1545,2016-10-01,3114.68,3002.55,2019-10-01,2020-01-30,1860.19,17,10,0,Delayed
PRJ_1308,Healthcare Infrastructure Development at Jammu & Kashmir Section Pkg-4,Ministry of Labour and Employment,Healthcare & ESIC,CPWD,Jammu & Kashmir,33.889,76.7933,2019-11-01,376.67,431.29,2021-12-31,2022-05-01,280.36,15,9,2,Delayed
PRJ_1309,Roads Infrastructure Development at Punjab Section Pkg-5,Ministry of Road Transport & Highways,Roads & Highways,NHAI,Punjab,30.8339,75.1593,2021-01-01,1611.87,1823.02,2025-10-01,2025-10-01,1605.34,20,17,1,Delayed
PRJ_1310,Educational Infrastructure Development at Madhya Pradesh Section Pkg-6,Department of Higher Education,Educational Infrastructure,NIT,Madhya Pradesh,23.1569,78.4493,2019-10-01,786.04,988.84,2022-07-01,2025-11-29,397.75,8,3,3,Delayed
PRJ_1311,Roads Infrastructure Development at Andhra Pradesh Section Pkg-7,Ministry of Road Transport & Highways,Roads & Highways,MoRTH,Andhra Pradesh,,79.377,2023-05-01,1519.89,1950.02,2026-11-29,2028-04-29,107.98,19,1,5,Delayed
PRJ_1312,Roads Infrastructure Development at Bihar Section Pkg-8,Ministry of Road Transport & Highways,Roads & Highways,NHAI,Bihar,25.5439,85.7802,2022-01-01,612.7,607.8,2026-12-01,2027-03-02,304.53,18,9,1,Ongoing
PRJ_1313,Roads Infrastructure Development at Andhra Pradesh Section Pkg-9,Ministry of Road Transport & Highways,Roads & Highways,MoRTH,Andhra Pradesh,15.4626,79.7678,2022-11-01,624.89,754.87,2024-10-01,2026-05-02,556.81,15,11,3,Delayed
PRJ_1314,Roads Infrastructure Development at Maharashtra Section Pkg-1,Ministry of Road Transport & Highways,Roads & Highways,NHIDCL,Maharashtra,20.0178,75.1175,2021-10-01,1284.67,1220.44,2025-01-30,2025-01-30,287.0,16,3,1,Ongoing
PRJ_1315,Roads Infrastructure Development at Bihar Section Pkg-2,Ministry of Road Transport & Highways,Roads & Highways,MoRTH,Bihar,24.6259,85.8796,2022-04-01,764.06,939.03,2025-10-30,2026-12-30,873.14,19,16,1,Delayed
PRJ_1316,Urban Infrastructure Development at Nagaland Section Pkg-3,Ministry of Housing & Urban Affairs,Urban Infrastructure & Metro,MahaMetro,Nagaland,,94.1706,2019-11-01,1225.46,1387.22,2024-03-01,2024-09-30,1154.67,18,14,2,Delayed
PRJ_1317,Roads Infrastructure Development at Odisha Section Pkg-4,Ministry of Road Transport & Highways,Roads & Highways,NHAI,Odisha,21.2038,85.6594,2019-05-01,223.04,237.09,2022-07-31,2023-01-29,202.64,13,10,0,Delayed
PRJ_1318,Roads Infrastructure Development at Jharkhand Section Pkg-5,Ministry of Road Transport & Highways,Roads & Highways,NHAI,Jharkhand,24.1256,85.5834,2023-08-01,757.14,1011.54,2027-01-30,2027-08-31,565.38,13,6,1,Delayed
PRJ_1319,Urban Infrastructure Development at Uttarakhand Section Pkg-6,Ministry of Housing & Urban Affairs,Urban Infrastructure & Metro,PMRCL,Uttarakhand,29.5876,78.8881,2020-05-01,412.02,436.33,2023-06-01,2023-09-30,186.92,11,4,0,Delayed
PRJ_1320,Roads Infrastructure Development at Karnataka Section Pkg-7,Ministry of Road Transport & Highways,Roads & Highways,NHAI,Karnataka,15.4849,75.8205,2020-05-01,469.82,495.19,2022-03-01,2022-06-30,401.13,14,11,2,Delayed
PRJ_1321,Roads Infrastructure Development at Andhra Pradesh Section Pkg-8,Ministry of Road Transport & Highways,Roads & Highways,NHIDCL,Andhra Pradesh,15.4306,79.9182,2017-06-01,259.26,280.26,2020-07-01,2020-10-30,194.4,10,6,2,Delayed
PRJ_1322,Power Infrastructure Development at Jammu & Kashmir Section Pkg-9,Ministry of Power,Power Transmission & Generation,THDC,Jammu & Kashmir,33.9579,76.563,2019-10-01,370.1,377.5,2022-10-31,2024-08-30,284.06,7,5,2,Delayed
PRJ_1323,Coal Infrastructure Development at Tripura Section Pkg-1,Ministry of Coal,Coal Mining,WCL,Tripura,23.5278,91.479,2020-02-01,1020.05,1045.55,2024-09-01,2025-04-02,403.66,20,7,1,Delayed
PRJ_1324,Roads Infrastructure Development at Odisha Section Pkg-2,Ministry of Road Transport & Highways,Roads & Highways,NHIDCL,Odisha,,84.6681,2018-09-01,1126.72,1368.96,2021-04-01,2022-10-31,578.3,10,4,1,Delayed
PRJ_1325,Roads Infrastructure Development at Uttar Pradesh Section Pkg-3,Ministry of Road Transport & Highways,Roads & Highways,NHIDCL,Uttar Pradesh,26.3685,80.7591,2021-01-01,150.0,220.35,2022-12-02,2024-02-01,191.1,23,20,2,Delayed
PRJ_1326,Railways Infrastructure Development at Bihar Section Pkg-4,Ministry of Railways,Railways,IRCON,Bihar,24.912,85.3494,2020-06-01,1315.29,1774.33,2024-12-31,2027-09-01,971.04,7,4,2,Delayed
PRJ_1327,Roads Infrastructure Development at Uttar Pradesh Section Pkg-5,Ministry of Road Transport & Highways,Roads & Highways,NHIDCL,Uttar Pradesh,26.9715,80.6208,2019-01-01,718.73,914.22,2023-11-01,2025-08-01,502.2,13,6,6,Delayed
PRJ_1328,Railways Infrastructure Development at Assam Section Pkg-6,Ministry of Railways,Railways,Central Railway,Assam,26.5944,92.3787,2019-08-01,1129.09,1524.27,2024-07-31,2025-08-30,479.04,23,6,3,Delayed
PRJ_1329,Petroleum Infrastructure Development at Andhra Pradesh Section Pkg-7,Ministry of Petroleum & Natural Gas,Petroleum & Natural Gas,ONGC,Andhra Pradesh,15.3451,79.4612,2020-02-01,1890.02,2054.45,2022-11-01,2022-12-01,1834.38,12,11,2,Delayed
PRJ_1330,Railways Infrastructure Development at Uttarakhand Section Pkg-8,Ministry of Railways,Railways,RVNL,Uttarakhand,29.6483,78.8429,2018-03-01,526.96,554.36,2020-06-30,2021-02-28,165.35,10,3,0,Delayed
PRJ_1331,Railways Infrastructure Development at Manipur Section Pkg-9,Ministry of Railways,Railways,Central Railway,Manipur,25.0358,94.1869,2018-10-01,251.83,336.44,2022-10-01,2026-06-01,179.23,6,3,3,Delayed
PRJ_1332,Roads Infrastructure Development at Bihar Section Pkg-1,Ministry of Road Transport & Highways,Roads & Highways,NHAI,Bihar,24.6437,85.1535,2021-02-01,1151.49,1106.58,2024-07-02,2025-07-02,743.39,17,11,0,Delayed
PRJ_1333,Roads Infrastructure Development at Karnataka Section Pkg-2,Ministry of Road Transport & Highways,Roads & Highways,MoRTH,Karnataka,14.8303,,2022-05-01,344.51,392.4,2026-01-29,2027-12-30,312.02,21,16,1,Delayed
PRJ_1334,Roads Infrastructure Development at Rajasthan Section Pkg-3,Ministry of Road Transport & Highways,Roads & Highways,MoRTH,Rajasthan,26.9575,74.3794,2018-01-01,839.4,948.52,2021-06-01,2023-10-31,730.75,23,16,2,Delayed
PRJ_1335,Petroleum Infrastructure Development at Punjab Section Pkg-4,Ministry of Petroleum & Natural Gas,Petroleum & Natural Gas,IOCL,Punjab,31.4403,75.5074,2022-11-01,496.75,671.61,2024-05-01,2026-04-01,605.27,16,13,1,Delayed
PRJ_1336,Coal Infrastructure Development at Himachal Pradesh Section Pkg-5,Ministry of Coal,Coal Mining,ECL,Himachal Pradesh,31.3109,,2020-05-01,986.83,1120.05,2022-07-01,2022-07-31,915.89,6,4,0,Delayed
PRJ_1337,Roads Infrastructure Development at Gujarat Section Pkg-6,Ministry of Road Transport & Highways,Roads & Highways,NHAI,Gujarat,21.7602,71.2208,2022-10-01,632.86,933.47,2027-08-31,2029-05-31,578.84,15,9,1,Delayed
PRJ_1338,Roads Infrastructure Development at Madhya Pradesh Section Pkg-7,Ministry of Road Transport & Highways,Roads & Highways,MoRTH,Madhya Pradesh,23.3277,78.4577,2020-06-01,909.3,1053.88,2022-03-02,2023-08-31,898.27,10,8,2,Delayed
PRJ_1339,Urban Infrastructure Development at Rajasthan Section Pkg-8,Ministry of Housing & Urban Affairs,Urban Infrastructure & Metro,PMRCL,Rajasthan,26.8917,74.471,2020-05-01,407.23,386.87,2023-05-01,2023-08-30,136.53,13,4,0,Delayed
PRJ_1340,Roads Infrastructure Development at Uttarakhand Section Pkg-9,Ministry of Road Transport & Highways,Roads & Highways,NHAI,Uttarakhand,29.9354,79.1714,2017-02-01,560.55,593.06,2021-12-02,2021-12-02,325.7,12,6,0,Ongoing
PRJ_1341,Roads Infrastructure Development at West Bengal Section Pkg-1,Ministry of Road Transport & Highways,Roads & Highways,NHAI,West Bengal,23.1739,87.6058,2020-05-01,1269.45,1355.77,2023-12-31,2024-05-31,1243.76,14,13,0,Delayed
PRJ_1342,Railways Infrastructure Development at Uttarakhand Section Pkg-2,Ministry of Railways,Railways,RVNL,Uttarakhand,30.5603,78.6912,2020-12-01,309.65,343.71,2022-09-01,2023-08-01,316.18,19,16,1,Delayed
PRJ_1343,Urban Infrastructure Development at Jharkhand Section Pkg-3,Ministry of Housing & Urban Affairs,Urban Infrastructure & Metro,MMRDA,Jharkhand,23.0653,85.0905,2016-03-01,221.71,239.89,2018-03-01,2018-04-30,218.39,23,21,1,Delayed
PRJ_1344,Healthcare Infrastructure Development at Bihar Section Pkg-4,Ministry of Health & Family Welfare,Healthcare Infrastructure,CPWD,Bihar,25.0106,84.794,2018-06-01,344.63,377.37,2021-05-01,2021-12-30,100.17,15,3,2,Delayed
PRJ_1345,Railways Infrastructure Development at Andhra Pradesh Section Pkg-5,Ministry of Railways,Railways,Central Railway,Andhra Pradesh,15.9812,80.3081,2022-05-01,1666.36,1912.98,2025-11-29,2026-05-30,820.73,13,5,0,Delayed
PRJ_1346,Railways Infrastructure Development at West Bengal Section Pkg-6,Ministry of Railways,Railways,Dedicated Freight Corridor Corp,West Bengal,23.5719,87.2951,2016-04-01,150.0,152.55,2020-08-31,2020-12-30,112.6,12,9,1,Delayed
PRJ_1347,Petroleum Infrastructure Development at Andhra Pradesh Section Pkg-7,Ministry of Petroleum & Natural Gas,Petroleum & Natural Gas,GAIL,Andhra Pradesh,15.4319,79.5252,2023-05-01,350.6,362.87,2025-04-30,2026-09-29,203.44,18,10,1,Delayed
PRJ_1348,Roads Infrastructure Development at Bihar Section Pkg-8,Ministry of Road Transport & Highways,Roads & Highways,NHIDCL,Bihar,24.5006,85.2792,2017-10-01,1590.41,1657.21,2020-08-31,2022-12-31,1158.38,15,10,1,Delayed
PRJ_1349,Urban Infrastructure Development at Maharashtra Section Pkg-9,Ministry of Housing & Urban Affairs,Urban Infrastructure & Metro,DMRC,Maharashtra,20.0353,75.5689,2018-02-01,2012.5,2097.03,2020-07-02,2020-10-31,720.73,24,8,0,Delayed
PRJ_1350,Roads Infrastructure Development at Maharashtra Section Pkg-1,Ministry of Road Transport & Highways,Roads & Highways,MoRTH,Maharashtra,19.6527,76.0593,2023-07-01,415.29,541.12,2027-03-31,2029-12-29,111.04,18,3,9,Stalled
PRJ_1351,Roads Infrastructure Development at Gujarat Section Pkg-2,Ministry of Road Transport & Highways,Roads & Highways,MoRTH,Gujarat,22.5787,,2023-11-01,215.54,277.62,2025-10-31,2027-10-01,161.6,9,5,2,Delayed
PRJ_1352,Roads Infrastructure Development at Karnataka Section Pkg-3,Ministry of Road Transport & Highways,Roads & Highways,NHIDCL,Karnataka,15.5052,75.2891,2017-06-01,571.61,723.09,2019-08-01,2020-03-31,601.86,9,7,1,Delayed
PRJ_1353,Roads Infrastructure Development at Telangana Section Pkg-4,Ministry of Road Transport & Highways,Roads & Highways,NHIDCL,Telangana,18.3897,78.7845,2019-06-01,1597.93,2548.7,2021-08-30,2022-05-30,2383.11,10,9,1,Delayed
PRJ_1354,Roads Infrastructure Development at Karnataka Section Pkg-5,Ministry of Road Transport & Highways,Roads & Highways,NHIDCL,Karnataka,15.8907,75.6327,2017-07-01,191.49,261.38,2022-03-01,2023-11-30,175.57,14,9,1,Delayed
PRJ_1355,Roads Infrastructure Development at Andhra Pradesh Section Pkg-6,Ministry of Road Transport & Highways,Roads & Highways,NHAI,Andhra Pradesh,16.3193,80.0255,2020-05-01,276.74,295.84,2024-03-31,2024-05-30,234.48,6,4,1,Ongoing
PRJ_1356,Roads Infrastructure Development at Odisha Section Pkg-7,Ministry of Road Transport & Highways,Roads & Highways,NHIDCL,Odisha,20.9326,85.2695,2016-06-01,1316.81,1287.84,2020-05-01,2020-06-30,912.1,19,13,0,Ongoing
PRJ_1357,Steel Infrastructure Development at Uttarakhand Section Pkg-8,Ministry of Steel,Steel & Heavy Industry,RINL,Uttarakhand,30.1687,79.069,2022-03-01,503.63,478.45,2024-09-29,2024-11-28,371.82,23,17,2,Ongoing
PRJ_1358,Educational Infrastructure Development at Punjab Section Pkg-9,Department of Higher Education,Educational Infrastructure,IIT,Punjab,30.956,74.9895,2018-12-01,1601.15,1652.39,2023-10-01,2024-05-31,436.6,13,3,0,Delayed
PRJ_1359,Railways Infrastructure Development at Andhra Pradesh Section Pkg-1,Ministry of Railways,Railways,IRCON,Andhra Pradesh,15.9643,79.6282,2019-11-01,1613.65,2117.11,2023-05-02,2024-11-30,1634.57,16,12,2,Delayed
PRJ_1360,Coal Infrastructure Development at Maharashtra Section Pkg-2,Ministry of Coal,Coal Mining,SECL,Maharashtra,19.1927,76.1456,2022-04-01,1233.57,1205.2,2025-11-30,2025-12-30,531.0,15,6,1,Ongoing
PRJ_1361,Roads Infrastructure Development at Uttar Pradesh Section Pkg-3,Ministry of Road Transport & Highways,Roads & Highways,NHIDCL,Uttar Pradesh,26.4561,,2019-09-01,376.23,487.97,2021-06-01,2024-07-01,428.16,9,7,2,Delayed
PRJ_1362,Railways Infrastructure Development at Odisha Section Pkg-4,Ministry of Railways,Railways,RVNL,Odisha,20.7476,84.6343,2022-03-01,3302.11,3942.72,2023-09-30,2029-09-29,2104.54,19,10,9,Delayed
PRJ_1363,Roads Infrastructure Development at Maharashtra Section Pkg-5,Ministry of Road Transport & Highways,Roads & Highways,NHAI,Maharashtra,19.4319,75.7121,2022-05-01,910.67,1145.62,2025-09-29,2030-01-28,628.27,17,8,5,Delayed
PRJ_1364,Roads Infrastructure Development at Manipur Section Pkg-6,Ministry of Road Transport & Highways,Roads & Highways,NHAI,Manipur,24.4317,93.481,2018-06-01,554.07,600.06,2022-03-01,2022-05-31,536.01,13,11,0,Delayed
PRJ_1365,Roads Infrastructure Development at Bihar Section Pkg-7,Ministry of Road Transport & Highways,Roads & Highways,NHAI,Bihar,24.9157,,2017-12-01,598.3,716.17,2020-12-31,2023-09-01,585.68,12,9,3,Delayed
PRJ_1366,Roads Infrastructure Development at Jharkhand Section Pkg-8,Ministry of Road Transport & Highways,Roads & Highways,NHAI,Jharkhand,23.2761,84.9319,2017-08-01,1922.26,1904.96,2020-05-01,2021-01-29,797.65,11,4,0,Delayed
PRJ_1367,Roads Infrastructure Development at Bihar Section Pkg-9,Ministry of Road Transport & Highways,Roads & Highways,NHAI,Bihar,25.2736,85.906,2023-10-01,2366.91,2977.57,2028-07-31,2030-03-01,2190.76,15,10,5,Delayed
PRJ_1368,Railways Infrastructure Development at Madhya Pradesh Section Pkg-1,Ministry of Railways,Railways,IRCON,Madhya Pradesh,22.4151,78.9015,2022-03-01,791.06,894.69,2024-09-29,2025-05-30,838.74,6,5,2,Delayed
PRJ_1369,Roads Infrastructure Development at Andhra Pradesh Section Pkg-2,Ministry of Road Transport & Highways,Roads & Highways,NHIDCL,Andhra Pradesh,16.5024,80.263,2018-06-01,373.71,535.53,2021-07-01,2024-06-30,390.3,19,13,5,Delayed
PRJ_1370,Railways Infrastructure Development at Madhya Pradesh Section Pkg-3,Ministry of Railways,Railways,IRCON,Madhya Pradesh,23.104,78.8127,2016-02-01,454.26,463.35,2020-06-01,2021-11-30,94.04,19,3,12,Delayed
PRJ_1371,Roads Infrastructure Development at Andhra Pradesh Section Pkg-4,Ministry of Road Transport & Highways,Roads & Highways,NHIDCL,Andhra Pradesh,15.3341,79.7612,2021-04-01,1082.13,1385.13,2024-05-01,2025-12-30,1294.19,11,9,2,Delayed
PRJ_1372,Roads Infrastructure Development at Karnataka Section Pkg-5,Ministry of Road Transport & Highways,Roads & Highways,NHAI,Karnataka,14.9926,75.6498,2023-04-01,262.32,259.43,2026-09-30,2026-11-29,225.46,12,10,1,Ongoing
PRJ_1373,Roads Infrastructure Development at West Bengal Section Pkg-6,Ministry of Road Transport & Highways,Roads & Highways,NHAI,West Bengal,22.7983,87.422,2023-04-01,669.01,794.78,2027-05-01,2027-05-31,296.1,16,5,1,Delayed
PRJ_1374,Roads Infrastructure Development at Bihar Section Pkg-7,Ministry of Road Transport & Highways,Roads & Highways,MoRTH,Bihar,25.0459,85.4733,2022-12-01,150.0,156.75,2025-08-31,2025-08-31,99.23,9,5,2,Ongoing
PRJ_1375,Roads Infrastructure Development at Chhattisgarh Section Pkg-8,Ministry of Road Transport & Highways,Roads & Highways,NHAI,Chhattisgarh,20.7756,81.7858,2016-10-01,1222.85,1905.2,2021-05-02,2022-05-02,585.05,18,5,12,Delayed
PRJ_1376,Roads Infrastructure Development at Maharashtra Section Pkg-9,Ministry of Road Transport & Highways,Roads & Highways,NHAI,Maharashtra,,75.9973,2023-03-01,502.22,685.53,2026-03-31,2028-10-29,540.52,9,7,2,Delayed
PRJ_1377,Roads Infrastructure Development at Manipur Section Pkg-1,Ministry of Road Transport & Highways,Roads & Highways,NHIDCL,Manipur,,93.3224,2021-11-01,273.37,259.7,2024-10-01,2025-01-30,232.3,12,10,0,Delayed
PRJ_1378,Coal Infrastructure Development at West Bengal Section Pkg-2,Ministry of Coal,Coal Mining,SCCL,West Bengal,22.8137,87.3773,2019-10-01,1500.24,1462.73,2024-03-31,2025-01-29,330.53,23,5,2,Delayed
PRJ_1379,Roads Infrastructure Development at Assam Section Pkg-3,Ministry of Road Transport & Highways,Roads & Highways,MoRTH,Assam,,93.4951,2023-03-01,679.92,718.68,2026-01-29,2026-03-30,480.68,23,14,0,Ongoing
PRJ_1380,Roads Infrastructure Development at Jharkhand Section Pkg-4,Ministry of Road Transport & Highways,Roads & Highways,NHIDCL,Jharkhand,24.0393,84.8197,2017-11-01,2997.81,3726.28,2020-10-31,2022-08-31,3424.58,21,18,1,Delayed
PRJ_1381,Roads Infrastructure Development at Jharkhand Section Pkg-5,Ministry of Road Transport & Highways,Roads & Highways,MoRTH,Jharkhand,,85.7803,2022-12-01,314.53,338.43,2027-03-02,2027-08-01,275.36,10,7,2,Delayed
PRJ_1382,Roads Infrastructure Development at Rajasthan Section Pkg-6,Ministry of Road Transport & Highways,Roads & Highways,NHIDCL,Rajasthan,27.3002,74.6783,2019-08-01,2337.93,2246.75,2021-01-29,2021-06-30,2192.18,10,9,1,Delayed
PRJ_1383,Roads Infrastructure Development at Manipur Section Pkg-7,Ministry of Road Transport & Highways,Roads & Highways,NHAI,Manipur,24.2561,93.8019,2016-11-01,185.08,231.16,2021-04-02,2022-04-02,88.03,16,6,10,Delayed
PRJ_1384,Urban Infrastructure Development at Karnataka Section Pkg-8,Ministry of Housing & Urban Affairs,Urban Infrastructure & Metro,PMRCL,Karnataka,15.4967,76.099,2017-06-01,2248.37,2135.95,2021-08-31,2022-05-01,534.53,15,3,0,Delayed
PRJ_1385,Roads Infrastructure Development at Himachal Pradesh Section Pkg-9,Ministry of Road Transport & Highways,Roads & Highways,NHIDCL,Himachal Pradesh,31.0576,77.0027,2021-10-01,201.95,191.85,2026-06-01,2026-10-31,55.68,23,6,0,Delayed
PRJ_1386,Petroleum Infrastructure Development at Tripura Section Pkg-1,Ministry of Petroleum & Natural Gas,Petroleum & Natural Gas,HPCL,Tripura,23.7021,92.5662,2019-04-01,225.26,303.88,2020-10-30,2022-03-31,218.83,24,16,6,Delayed
PRJ_1387,Roads Infrastructure Development at Andhra Pradesh Section Pkg-2,Ministry of Road Transport & Highways,Roads & Highways,NHIDCL,Andhra Pradesh,16.3339,79.7627,2022-02-01,155.06,218.32,2025-07-02,2026-09-01,39.82,14,2,2,Delayed
PRJ_1388,Roads Infrastructure Development at Bihar Section Pkg-3,Ministry of Road Transport & Highways,Roads & Highways,NHAI,Bihar,25.6942,85.8459,2021-02-01,476.35,651.65,2023-10-03,2025-04-02,428.5,12,7,3,Delayed
PRJ_1389,Roads Infrastructure Development at Bihar Section Pkg-4,Ministry of Road Transport & Highways,Roads & Highways,MoRTH,Bihar,25.6075,85.7777,2017-03-01,1132.34,1492.42,2020-10-30,2022-07-31,1249.51,14,11,3,Delayed
PRJ_1390,Roads Infrastructure Development at Jharkhand Section Pkg-5,Ministry of Road Transport & Highways,Roads & Highways,NHIDCL,Jharkhand,23.0192,85.3392,2021-03-01,3319.88,4591.39,2026-03-01,2027-03-31,3405.14,7,5,2,Delayed
PRJ_1391,Roads Infrastructure Development at West Bengal Section Pkg-6,Ministry of Road Transport & Highways,Roads & Highways,NHIDCL,West Bengal,23.5849,87.5227,2021-10-01,196.97,202.09,2025-04-01,2025-07-01,52.45,14,3,0,Ongoing
PRJ_1392,Urban Infrastructure Development at West Bengal Section Pkg-7,Ministry of Housing & Urban Affairs,Urban Infrastructure & Metro,MahaMetro,West Bengal,22.4982,88.1924,2023-10-01,182.25,202.84,2028-03-31,2028-10-30,177.26,17,13,1,Delayed
PRJ_1393,Ports Infrastructure Development at Karnataka Section Pkg-8,"Ministry of Ports, Shipping and Waterways",Ports & Shipping,JNPT,Karnataka,15.2189,76.0207,2020-06-01,396.97,425.95,2023-07-02,2023-08-31,395.07,16,15,2,Ongoing
PRJ_1394,Roads Infrastructure Development at Uttarakhand Section Pkg-9,Ministry of Road Transport & Highways,Roads & Highways,NHIDCL,Uttarakhand,30.0108,79.5431,2022-02-01,630.96,769.14,2026-05-03,2027-09-02,535.54,13,9,4,Delayed
PRJ_1395,Coal Infrastructure Development at Telangana Section Pkg-1,Ministry of Coal,Coal Mining,Coal India Ltd (CIL),Telangana,18.2678,79.5968,2020-03-01,749.7,766.94,2023-06-01,2023-07-31,189.44,15,3,1,Ongoing
PRJ_1396,Roads Infrastructure Development at Bihar Section Pkg-2,Ministry of Road Transport & Highways,Roads & Highways,NHAI,Bihar,25.3151,84.8031,2018-10-01,759.23,846.54,2021-07-01,2021-07-31,580.27,24,16,0,Delayed
PRJ_1397,Petroleum Infrastructure Development at Telangana Section Pkg-3,Ministry of Petroleum & Natural Gas,Petroleum & Natural Gas,ONGC,Telangana,17.7032,79.2678,2023-09-01,559.78,699.17,2027-10-31,2031-10-31,206.12,8,2,6,Stalled
PRJ_1398,Roads Infrastructure Development at Odisha Section Pkg-4,Ministry of Road Transport & Highways,Roads & Highways,NHAI,Odisha,20.5354,85.6651,2019-12-01,2205.55,2238.63,2023-01-30,2023-01-30,1626.53,22,15,0,Ongoing
PRJ_1399,Roads Infrastructure Development at Rajasthan Section Pkg-5,Ministry of Road Transport & Highways,Roads & Highways,MoRTH,Rajasthan,27.3023,73.7545,2021-05-01,223.34,323.4,2024-08-30,2025-09-29,131.36,17,6,5,Delayed
PRJ_1400,Railways Infrastructure Development at Gujarat Section Pkg-6,Ministry of Railways,Railways,Central Railway,Gujarat,21.7474,71.6597,2018-10-01,1550.35,1900.73,2021-05-01,2022-01-29,1230.87,16,10,6,Delayed
PRJ_1401,Coal Infrastructure Development at Uttar Pradesh Section Pkg-7,Ministry of Coal,Coal Mining,SCCL,Uttar Pradesh,27.138,,2023-02-01,169.17,183.21,2026-01-31,2026-04-01,181.93,20,18,0,Delayed
PRJ_1402,Roads Infrastructure Development at Karnataka Section Pkg-8,Ministry of Road Transport & Highways,Roads & Highways,NHIDCL,Karnataka,14.8044,76.2591,2020-01-01,760.0,915.8,2023-09-01,2025-11-30,441.08,16,7,8,Delayed
PRJ_1403,Roads Infrastructure Development at Telangana Section Pkg-9,Ministry of Road Transport & Highways,Roads & Highways,NHIDCL,Telangana,18.0356,79.012,2019-06-01,263.71,353.11,2021-03-31,2022-02-28,328.09,8,7,1,Delayed
PRJ_1404,Roads Infrastructure Development at Madhya Pradesh Section Pkg-1,Ministry of Road Transport & Highways,Roads & Highways,NHIDCL,Madhya Pradesh,22.8428,78.5511,2018-12-01,744.45,960.34,2021-08-01,2022-10-01,294.87,12,3,6,Delayed
PRJ_1405,Roads Infrastructure Development at Gujarat Section Pkg-2,Ministry of Road Transport & Highways,Roads & Highways,NHIDCL,Gujarat,22.7719,71.2123,2023-05-01,391.78,372.19,2026-11-29,2026-12-29,317.84,16,13,0,Ongoing
PRJ_1406,Roads Infrastructure Development at Uttar Pradesh Section Pkg-3,Ministry of Road Transport & Highways,Roads & Highways,MoRTH,Uttar Pradesh,26.5715,80.9512,2019-06-01,150.0,155.4,2021-07-31,2022-12-30,151.76,6,5,1,Delayed
PRJ_1407,Roads Infrastructure Development at Andaman & Nicobar Section Pkg-4,Ministry of Road Transport & Highways,Roads & Highways,MoRTH,Andaman & Nicobar,11.3676,92.3491,2020-12-01,1591.07,1511.52,2025-10-31,2026-07-01,1273.69,8,6,2,Delayed
PRJ_1408,Roads Infrastructure Development at Manipur Section Pkg-5,Ministry of Road Transport & Highways,Roads & Highways,MoRTH,Manipur,24.4313,94.3665,2016-09-01,150.0,144.3,2019-12-02,2020-08-01,94.69,21,13,0,Delayed
PRJ_1409,Petroleum Infrastructure Development at Maharashtra Section Pkg-6,Ministry of Petroleum & Natural Gas,Petroleum & Natural Gas,IOCL,Maharashtra,19.5052,,2021-08-01,637.53,939.08,2025-08-31,2028-03-01,329.85,13,4,2,Delayed
PRJ_1410,Airports Infrastructure Development at Madhya Pradesh Section Pkg-7,Ministry of Civil Aviation,Airports & Aviation,AAI,Madhya Pradesh,23.1745,78.677,2022-06-01,309.18,396.68,2025-01-30,2026-04-01,390.52,23,21,1,Delayed
PRJ_1411,Roads Infrastructure Development at Telangana Section Pkg-8,Ministry of Road Transport & Highways,Roads & Highways,MoRTH,Telangana,18.5758,78.8366,2018-12-01,619.93,625.51,2021-01-30,2021-03-31,554.81,11,9,2,Ongoing
PRJ_1412,Roads Infrastructure Development at Jammu & Kashmir Section Pkg-9,Ministry of Road Transport & Highways,Roads & Highways,NHIDCL,Jammu & Kashmir,,76.2346,2016-07-01,1161.28,1484.12,2019-08-31,2020-03-31,1148.86,10,7,3,Delayed
PRJ_1413,Roads Infrastructure Development at Maharashtra Section Pkg-1,Ministry of Road Transport & Highways,Roads & Highways,MoRTH,Maharashtra,,75.2187,2017-06-01,150.0,151.95,2020-08-31,2021-03-01,44.29,20,5,1,Delayed
PRJ_1414,Roads Infrastructure Development at Madhya Pradesh Section Pkg-2,Ministry of Road Transport & Highways,Roads & Highways,NHIDCL,Madhya Pradesh,,78.9551,2020-03-01,150.0,184.95,2024-07-31,2025-01-29,41.42,20,4,2,Delayed
PRJ_1415,Power Infrastructure Development at Assam Section Pkg-3,Ministry of Power,Power Transmission & Generation,PGCIL,Assam,26.3277,93.1344,2019-04-01,370.71,507.87,2022-05-31,2022-12-30,252.05,12,6,5,Delayed
PRJ_1416,Roads Infrastructure Development at West Bengal Section Pkg-4,Ministry of Road Transport & Highways,Roads & Highways,MoRTH,West Bengal,22.5988,87.3606,2022-11-01,1362.44,1512.31,2026-10-01,2028-05-31,230.56,24,3,11,Stalled
PRJ_1417,Roads Infrastructure Development at Odisha Section Pkg-5,Ministry of Road Transport & Highways,Roads & Highways,NHAI,Odisha,,85.156,2023-07-01,643.89,635.52,2027-11-30,2027-12-30,524.53,19,16,0,Ongoing
PRJ_1418,Roads Infrastructure Development at Madhya Pradesh Section Pkg-6,Ministry of Road Transport & Highways,Roads & Highways,NHIDCL,Madhya Pradesh,22.7503,78.4453,2020-04-01,150.0,213.45,2022-12-31,2023-12-31,112.16,8,4,2,Delayed
PRJ_1419,Roads Infrastructure Development at Maharashtra Section Pkg-7,Ministry of Road Transport & Highways,Roads & Highways,MoRTH,Maharashtra,19.3082,75.841,2023-12-01,347.16,494.36,2025-07-01,2027-05-01,456.43,9,8,1,Delayed
PRJ_1420,Roads Infrastructure Development at Jharkhand Section Pkg-8,Ministry of Road Transport & Highways,Roads & Highways,NHAI,Jharkhand,,,2019-05-01,2923.75,3376.93,2023-05-31,2026-02-28,2215.69,10,6,2,Delayed
PRJ_1421,Roads Infrastructure Development at Uttar Pradesh Section Pkg-9,Ministry of Road Transport & Highways,Roads & Highways,MoRTH,Uttar Pradesh,26.5408,80.503,2020-09-01,150.0,172.2,2025-08-01,2026-12-31,114.46,18,12,3,Delayed
PRJ_1422,Roads Infrastructure Development at Jharkhand Section Pkg-1,Ministry of Road Transport & Highways,Roads & Highways,MoRTH,Jharkhand,23.2528,85.3332,2016-01-01,658.84,953.34,2018-03-02,2019-08-01,657.8,16,11,1,Delayed
PRJ_1423,Water Infrastructure Development at Assam Section Pkg-2,"Department of Water Resources, River Development & GR",Water & Sanitation,CPWD,Assam,25.8727,92.397,2016-06-01,270.63,310.68,2021-05-01,2022-01-29,246.57,16,12,1,Delayed
PRJ_1424,Steel Infrastructure Development at Bihar Section Pkg-3,Ministry of Steel,Steel & Heavy Industry,SAIL,Bihar,25.0486,85.3001,2022-11-01,18262.74,22700.59,2026-06-01,2027-01-30,22555.78,19,17,1,Delayed
PRJ_1425,Urban Infrastructure Development at Maharashtra Section Pkg-4,Ministry of Housing & Urban Affairs,Urban Infrastructure & Metro,DMRC,Maharashtra,19.9347,75.1356,2016-06-01,198.11,219.9,2018-01-30,2018-05-31,215.2,24,22,2,Delayed
PRJ_1426,Roads Infrastructure Development at Andhra Pradesh Section Pkg-5,Ministry of Road Transport & Highways,Roads & Highways,NHAI,Andhra Pradesh,15.6101,79.3088,2017-04-01,1042.88,1151.34,2018-10-31,2019-05-01,975.94,8,6,1,Delayed
PRJ_1427,Roads Infrastructure Development at Telangana Section Pkg-6,Ministry of Road Transport & Highways,Roads & Highways,MoRTH,Telangana,18.1431,78.96,2023-06-01,196.89,209.69,2026-12-30,2027-03-31,172.78,18,13,2,Ongoing
PRJ_1428,Roads Infrastructure Development at Assam Section Pkg-7,Ministry of Road Transport & Highways,Roads & Highways,MoRTH,Assam,,92.4767,2022-03-01,774.31,800.64,2026-12-30,2027-04-30,262.45,20,6,2,Delayed
PRJ_1429,Roads Infrastructure Development at Sikkim Section Pkg-8,Ministry of Road Transport & Highways,Roads & Highways,NHAI,Sikkim,27.7998,88.0729,2020-11-01,240.18,331.93,2022-08-02,2023-06-02,207.64,14,9,1,Delayed
PRJ_1430,Roads Infrastructure Development at Maharashtra Section Pkg-9,Ministry of Road Transport & Highways,Roads & Highways,NHAI,Maharashtra,20.1035,76.1977,2016-09-01,1315.19,1830.74,2020-03-02,2021-03-02,1704.22,8,7,1,Delayed
PRJ_1431,Airports Infrastructure Development at Andhra Pradesh Section Pkg-1,Ministry of Civil Aviation,Airports & Aviation,GMR Infrastructure,Andhra Pradesh,15.8579,79.2649,2020-12-01,150.0,151.95,2023-03-02,2023-07-01,151.41,21,19,2,Delayed
PRJ_1432,Educational Infrastructure Development at Gujarat Section Pkg-2,Department of Higher Education,Educational Infrastructure,NIT,Gujarat,22.3942,71.6158,2021-01-01,406.53,454.09,2022-12-02,2023-04-02,335.81,18,13,0,Delayed
PRJ_1433,Roads Infrastructure Development at Madhya Pradesh Section Pkg-3,Ministry of Road Transport & Highways,Roads & Highways,NHAI,Madhya Pradesh,22.6695,79.1304,2023-01-01,1625.69,1791.51,2026-06-01,2026-09-30,344.93,19,3,0,Delayed
PRJ_1434,Railways Infrastructure Development at Chhattisgarh Section Pkg-4,Ministry of Railways,Railways,Central Railway,Chhattisgarh,21.275,81.4236,2017-02-01,1148.37,1428.57,2021-07-03,2022-07-03,1157.66,21,16,5,Delayed
PRJ_1435,Roads Infrastructure Development at Rajasthan Section Pkg-5,Ministry of Road Transport & Highways,Roads & Highways,NHAI,Rajasthan,27.2129,74.5354,2021-01-01,628.09,637.51,2025-01-01,2025-06-02,126.36,15,2,2,Delayed
PRJ_1436,Industrial Infrastructure Development at Bihar Section Pkg-6,Department for Promotion of Industry & Internal Trade,Industrial Parks & SEZ,MIDC,Bihar,25.1113,85.3504,2018-10-01,423.99,432.47,2020-07-31,2022-01-29,165.85,20,7,1,Delayed
PRJ_1437,Urban Infrastructure Development at Maharashtra Section Pkg-7,Ministry of Housing & Urban Affairs,Urban Infrastructure & Metro,MMRDA,Maharashtra,19.5409,75.8983,2017-10-01,994.97,1076.56,2020-03-01,2020-11-29,913.2,13,10,0,Delayed
PRJ_1438,Roads Infrastructure Development at Haryana Section Pkg-8,Ministry of Road Transport & Highways,Roads & Highways,NHAI,Haryana,29.5103,75.5928,2019-10-01,951.16,1050.08,2021-11-30,2024-01-30,792.64,18,12,3,Delayed
PRJ_1439,Roads Infrastructure Development at Punjab Section Pkg-9,Ministry of Road Transport & Highways,Roads & Highways,NHIDCL,Punjab,,,2017-05-01,418.28,511.14,2022-01-29,2024-07-30,282.57,9,5,1,Delayed
PRJ_1440,Roads Infrastructure Development at Bihar Section Pkg-1,Ministry of Road Transport & Highways,Roads & Highways,MoRTH,Bihar,25.2549,85.6199,2016-03-01,620.64,612.57,2018-05-01,2018-05-31,539.11,17,15,1,Ongoing
PRJ_1441,Steel Infrastructure Development at Uttar Pradesh Section Pkg-2,Ministry of Steel,Steel & Heavy Industry,SAIL,Uttar Pradesh,26.6131,80.6305,2016-01-01,308.05,353.64,2019-03-02,2019-08-01,183.09,6,2,0,Delayed
PRJ_1442,Roads Infrastructure Development at Tamil Nadu Section Pkg-3,Ministry of Road Transport & Highways,Roads & Highways,MoRTH,Tamil Nadu,11.0774,78.856,2021-08-01,1255.93,1327.52,2024-09-30,2024-09-30,991.43,10,7,2,Ongoing
PRJ_1443,Roads Infrastructure Development at Jharkhand Section Pkg-4,Ministry of Road Transport & Highways,Roads & Highways,NHAI,Jharkhand,23.263,85.4232,2019-07-01,3437.75,3644.02,2021-07-30,2022-02-28,1511.57,13,5,0,Delayed
PRJ_1444,Roads Infrastructure Development at Jharkhand Section Pkg-5,Ministry of Road Transport & Highways,Roads & Highways,MoRTH,Jharkhand,23.0129,85.3272,2020-05-01,445.32,537.06,2021-12-30,2023-06-30,344.38,17,10,7,Delayed
PRJ_1445,Roads Infrastructure Development at Uttar Pradesh Section Pkg-6,Ministry of Road Transport & Highways,Roads & Highways,MoRTH,Uttar Pradesh,26.4713,81.0218,2019-01-01,310.35,323.7,2022-09-01,2022-12-31,269.54,12,9,0,Delayed
PRJ_1446,Power Infrastructure Development at Madhya Pradesh Section Pkg-7,Ministry of Power,Power Transmission & Generation,NHPC,Madhya Pradesh,,78.2265,2022-04-01,582.58,607.05,2026-04-01,2026-07-01,534.44,10,9,2,Ongoing
PRJ_1447,Educational Infrastructure Development at Andhra Pradesh Section Pkg-8,Department of Higher Education,Educational Infrastructure,NBCC,Andhra Pradesh,,79.7977,2016-04-01,1468.29,1532.89,2020-05-01,2020-07-31,657.19,11,4,1,Ongoing
PRJ_1448,Roads Infrastructure Development at Assam Section Pkg-9,Ministry of Road Transport & Highways,Roads & Highways,MoRTH,Assam,26.5677,92.9118,2019-10-01,559.4,592.4,2022-04-01,2024-06-30,255.63,22,9,5,Delayed
PRJ_1449,Water Infrastructure Development at Tamil Nadu Section Pkg-1,"Department of Water Resources, River Development & GR",Water & Sanitation,CPWD,Tamil Nadu,10.8768,78.8059,2019-09-01,1151.87,1199.1,2022-07-01,2022-07-31,368.62,24,7,0,Ongoing
PRJ_1450,Roads Infrastructure Development at Andhra Pradesh Section Pkg-2,Ministry of Road Transport & Highways,Roads & Highways,MoRTH,Andhra Pradesh,16.1436,,2023-10-01,440.15,454.67,2027-05-01,2027-07-31,224.23,8,3,0,Ongoing
PRJ_1451,Roads Infrastructure Development at Kerala Section Pkg-3,Ministry of Road Transport & Highways,Roads & Highways,MoRTH,Kerala,11.2572,,2022-12-01,1166.56,1242.39,2024-10-31,2025-01-30,1085.67,21,18,2,Ongoing
PRJ_1452,Roads Infrastructure Development at Uttar Pradesh Section Pkg-4,Ministry of Road Transport & Highways,Roads & Highways,NHAI,Uttar Pradesh,26.5303,80.9496,2019-04-01,278.67,296.78,2022-10-30,2022-10-30,78.71,17,4,1,Ongoing
PRJ_1453,Petroleum Infrastructure Development at Punjab Section Pkg-5,Ministry of Petroleum & Natural Gas,Petroleum & Natural Gas,IOCL,Punjab,30.9251,75.4739,2023-03-01,2379.15,3349.84,2025-03-30,2028-06-29,664.32,8,1,7,Stalled
PRJ_1454,Roads Infrastructure Development at Chhattisgarh Section Pkg-6,Ministry of Road Transport & Highways,Roads & Highways,NHIDCL,Chhattisgarh,,82.1072,2016-09-01,1867.91,1948.23,2018-11-01,2019-01-31,930.41,24,11,0,Ongoing
PRJ_1455,Roads Infrastructure Development at Uttar Pradesh Section Pkg-7,Ministry of Road Transport & Highways,Roads & Highways,MoRTH,Uttar Pradesh,26.5242,81.3636,2021-09-01,546.81,733.27,2025-10-01,2028-07-01,472.95,23,14,8,Delayed
PRJ_1456,Educational Infrastructure Development at Haryana Section Pkg-8,Department of Higher Education,Educational Infrastructure,IIT,Haryana,28.678,76.4546,2020-04-01,150.0,158.25,2023-08-01,2023-10-31,69.74,6,2,1,Ongoing
PRJ_1457,Power Infrastructure Development at Himachal Pradesh Section Pkg-9,Ministry of Power,Power Transmission & Generation,SJVN,Himachal Pradesh,31.2134,76.671,2022-01-01,2019.91,2755.16,2024-10-31,2026-10-01,1021.32,17,6,6,Delayed
PRJ_1458,Roads Infrastructure Development at Jammu & Kashmir Section Pkg-1,Ministry of Road Transport & Highways,Roads & Highways,MoRTH,Jammu & Kashmir,34.264,76.6474,2018-01-01,341.99,383.71,2019-12-02,2020-12-01,383.71,19,18,1,Delayed
PRJ_1459,Educational Infrastructure Development at Maharashtra Section Pkg-2,Department of Higher Education,Educational Infrastructure,CPWD,Maharashtra,19.4597,75.5052,2020-07-01,2480.0,2678.4,2023-06-01,2024-01-30,2084.66,19,14,0,Delayed
PRJ_1460,Roads Infrastructure Development at Punjab Section Pkg-3,Ministry of Road Transport & Highways,Roads & Highways,NHAI,Punjab,31.4532,74.9109,2021-12-01,1157.31,1153.84,2025-05-01,2025-05-01,375.4,10,3,0,Ongoing
PRJ_1461,Roads Infrastructure Development at Rajasthan Section Pkg-4,Ministry of Road Transport & Highways,Roads & Highways,NHAI,Rajasthan,26.9453,74.2089,2017-10-01,711.31,886.29,2019-04-01,2021-04-30,796.3,23,21,1,Delayed
PRJ_1462,Roads Infrastructure Development at Maharashtra Section Pkg-5,Ministry of Road Transport & Highways,Roads & Highways,NHIDCL,Maharashtra,19.719,75.2467,2017-04-01,1306.08,1294.33,2018-10-31,2019-10-31,1068.84,18,14,0,Delayed
PRJ_1463,Railways Infrastructure Development at Maharashtra Section Pkg-6,Ministry of Railways,Railways,IRCON,Maharashtra,19.6919,75.7323,2018-10-01,169.93,192.7,2021-08-31,2021-08-31,115.74,17,10,2,Delayed
PRJ_1464,Roads Infrastructure Development at Telangana Section Pkg-7,Ministry of Road Transport & Highways,Roads & Highways,NHAI,Telangana,17.7068,78.4741,2018-08-01,776.18,971.0,2021-03-01,2024-03-31,559.5,11,6,1,Delayed
PRJ_1465,Roads Infrastructure Development at Jammu & Kashmir Section Pkg-8,Ministry of Road Transport & Highways,Roads & Highways,MoRTH,Jammu & Kashmir,,,2018-11-01,1379.92,1900.15,2023-07-02,2026-06-01,612.84,7,2,5,Delayed
PRJ_1466,Coal Infrastructure Development at Telangana Section Pkg-9,Ministry of Coal,Coal Mining,ECL,Telangana,17.5638,79.4138,2017-06-01,593.56,572.79,2019-01-30,2019-03-31,524.51,6,5,0,Ongoing
PRJ_1467,Roads Infrastructure Development at Andhra Pradesh Section Pkg-1,Ministry of Road Transport & Highways,Roads & Highways,NHIDCL,Andhra Pradesh,16.2051,80.2838,2020-10-01,255.76,263.43,2023-08-01,2025-05-31,207.87,8,5,2,Delayed
PRJ_1468,Petroleum Infrastructure Development at Punjab Section Pkg-2,Ministry of Petroleum & Natural Gas,Petroleum & Natural Gas,HPCL,Punjab,31.209,75.6189,2019-05-01,150.0,190.95,2021-07-30,2024-08-29,74.45,10,3,2,Delayed
PRJ_1469,Power Infrastructure Development at Maharashtra Section Pkg-3,Ministry of Power,Power Transmission & Generation,NHPC,Maharashtra,19.5432,75.2919,2020-05-01,424.19,561.63,2022-10-31,2024-06-30,395.86,23,16,6,Delayed
PRJ_1470,Roads Infrastructure Development at Odisha Section Pkg-4,Ministry of Road Transport & Highways,Roads & Highways,MoRTH,Odisha,20.8291,,2019-09-01,384.85,413.33,2024-03-01,2024-03-31,357.66,10,9,0,Ongoing
PRJ_1471,Railways Infrastructure Development at Maharashtra Section Pkg-5,Ministry of Railways,Railways,Dedicated Freight Corridor Corp,Maharashtra,20.0637,75.8937,2018-03-01,921.74,1003.77,2019-08-30,2019-08-30,955.96,21,20,2,Delayed
PRJ_1472,Water Infrastructure Development at Punjab Section Pkg-6,"Department of Water Resources, River Development & GR",Water & Sanitation,Water Resources Dept,Punjab,31.2498,75.6261,2021-03-01,150.0,153.0,2023-07-31,2023-09-29,114.43,11,8,0,Ongoing
PRJ_1473,Roads Infrastructure Development at Haryana Section Pkg-7,Ministry of Road Transport & Highways,Roads & Highways,MoRTH,Haryana,,75.7443,2017-05-01,1048.62,1260.44,2019-09-30,2020-09-29,894.36,24,16,3,Delayed
PRJ_1474,Roads Infrastructure Development at Andhra Pradesh Section Pkg-8,Ministry of Road Transport & Highways,Roads & Highways,NHAI,Andhra Pradesh,,79.7986,2016-02-01,366.04,383.24,2020-12-31,2021-08-01,301.51,19,14,0,Delayed
PRJ_1475,Railways Infrastructure Development at Gujarat Section Pkg-9,Ministry of Railways,Railways,Central Railway,Gujarat,22.2024,71.6381,2021-08-01,1915.94,2707.22,2024-08-31,2025-07-31,2641.27,10,9,1,Delayed
PRJ_1476,Roads Infrastructure Development at Bihar Section Pkg-1,Ministry of Road Transport & Highways,Roads & Highways,NHIDCL,Bihar,25.691,85.266,2019-09-01,228.58,239.55,2021-11-30,2022-01-29,239.51,19,18,0,Ongoing
PRJ_1477,Roads Infrastructure Development at Delhi Section Pkg-2,Ministry of Road Transport & Highways,Roads & Highways,MoRTH,Delhi,28.3807,77.6863,2021-07-01,1365.78,2066.43,2024-12-30,2025-07-31,757.26,20,6,14,Delayed
PRJ_1478,Roads Infrastructure Development at Madhya Pradesh Section Pkg-3,Ministry of Road Transport & Highways,Roads & Highways,NHIDCL,Madhya Pradesh,22.6318,78.2121,2020-11-01,746.41,782.98,2024-05-02,2024-05-02,290.68,16,5,2,Ongoing
PRJ_1479,Coal Infrastructure Development at Meghalaya Section Pkg-4,Ministry of Coal,Coal Mining,MCL,Meghalaya,26.0855,,2019-03-01,150.0,143.7,2021-04-30,2021-09-29,94.41,12,8,2,Delayed
PRJ_1480,Steel Infrastructure Development at Manipur Section Pkg-5,Ministry of Steel,Steel & Heavy Industry,NMDC,Manipur,25.1981,94.2474,2016-09-01,292.49,290.74,2019-07-02,2019-10-01,290.35,17,15,0,Ongoing
PRJ_1481,Roads Infrastructure Development at Andhra Pradesh Section Pkg-6,Ministry of Road Transport & Highways,Roads & Highways,MoRTH,Andhra Pradesh,15.8865,80.2631,2022-12-01,375.36,399.76,2027-10-01,2027-11-30,185.81,8,3,1,Ongoing
PRJ_1482,Railways Infrastructure Development at Madhya Pradesh Section Pkg-7,Ministry of Railways,Railways,Central Railway,Madhya Pradesh,23.0919,78.9639,2022-04-01,1441.17,1550.7,2027-01-30,2027-05-01,1382.84,10,8,1,Ongoing
PRJ_1483,Roads Infrastructure Development at Chhattisgarh Section Pkg-8,Ministry of Road Transport & Highways,Roads & Highways,NHIDCL,Chhattisgarh,21.0741,82.2196,2020-11-01,909.41,909.41,2024-10-01,2024-11-30,839.43,19,16,1,Ongoing
PRJ_1484,Roads Infrastructure Development at Andhra Pradesh Section Pkg-9,Ministry of Road Transport & Highways,Roads & Highways,NHIDCL,Andhra Pradesh,15.7564,80.238,2020-10-01,2735.4,3523.2,2023-04-02,2026-07-02,1138.99,9,2,7,Delayed
PRJ_1485,Urban Infrastructure Development at Rajasthan Section Pkg-1,Ministry of Housing & Urban Affairs,Urban Infrastructure & Metro,MMRDA,Rajasthan,26.7906,74.0482,2020-04-01,388.25,433.68,2023-03-02,2023-03-02,141.7,15,4,0,Delayed
PRJ_1486,Roads Infrastructure Development at Delhi Section Pkg-2,Ministry of Road Transport & Highways,Roads & Highways,NHIDCL,Delhi,28.5335,76.5056,2023-03-01,216.6,251.91,2027-07-31,2028-05-30,49.61,13,2,6,Delayed
PRJ_1487,Roads Infrastructure Development at Karnataka Section Pkg-3,Ministry of Road Transport & Highways,Roads & Highways,NHAI,Karnataka,15.7721,75.3202,2016-02-01,224.36,241.86,2018-07-02,2018-12-01,229.19,23,21,2,Delayed
PRJ_1488,Roads Infrastructure Development at Uttar Pradesh Section Pkg-4,Ministry of Road Transport & Highways,Roads & Highways,NHIDCL,Uttar Pradesh,26.8165,81.3423,2022-08-01,636.7,855.09,2024-05-01,2027-11-30,206.99,7,1,3,Stalled
PRJ_1489,Sports Infrastructure Development at Arunachal Pradesh Section Pkg-5,Department of Sports,Sports Infrastructure,CPWD,Arunachal Pradesh,28.5299,94.258,2021-12-01,522.0,512.6,2023-11-01,2023-12-01,439.13,23,18,2,Ongoing
PRJ_1490,Roads Infrastructure Development at Telangana Section Pkg-6,Ministry of Road Transport & Highways,Roads & Highways,MoRTH,Telangana,18.1272,79.5659,2020-06-01,653.05,874.43,2023-01-31,2027-10-31,260.19,14,4,3,Stalled
PRJ_1491,Petroleum Infrastructure Development at Maharashtra Section Pkg-7,Ministry of Petroleum & Natural Gas,Petroleum & Natural Gas,HPCL,Maharashtra,,75.7612,2021-06-01,3337.77,3497.98,2025-08-31,2026-04-01,1453.02,6,2,0,Delayed
PRJ_1492,Petroleum Infrastructure Development at Manipur Section Pkg-8,Ministry of Petroleum & Natural Gas,Petroleum & Natural Gas,NRL,Manipur,25.0631,94.1384,2016-04-01,328.45,418.77,2020-11-30,2021-10-30,249.55,18,10,6,Delayed
PRJ_1493,Roads Infrastructure Development at Assam Section Pkg-9,Ministry of Road Transport & Highways,Roads & Highways,NHIDCL,Assam,26.5986,93.2878,2022-07-01,150.0,165.45,2025-04-30,2025-04-30,49.73,22,6,2,Delayed
PRJ_1494,Power Infrastructure Development at Jharkhand Section Pkg-1,Ministry of Power,Power Transmission & Generation,NTPC,Jharkhand,24.185,84.9126,2021-02-01,467.75,583.28,2023-07-03,2025-05-02,294.47,12,6,4,Delayed
PRJ_1495,Roads Infrastructure Development at Jharkhand Section Pkg-2,Ministry of Road Transport & Highways,Roads & Highways,MoRTH,Jharkhand,23.8218,85.4137,2016-12-01,1229.27,1241.56,2018-12-31,2019-07-01,1200.12,18,17,2,Delayed
PRJ_1496,Coal Infrastructure Development at Gujarat Section Pkg-3,Ministry of Coal,Coal Mining,ECL,Gujarat,,71.7425,2018-07-01,244.7,239.07,2020-12-30,2021-04-30,196.4,10,7,1,Delayed
PRJ_1497,Mining Infrastructure Development at Maharashtra Section Pkg-4,Ministry of Mines,Mining & Minerals,NALCO,Maharashtra,19.7105,75.5146,2021-08-01,731.1,736.22,2026-05-01,2026-05-31,621.78,13,11,0,Ongoing
PRJ_1498,Coal Infrastructure Development at Meghalaya Section Pkg-5,Ministry of Coal,Coal Mining,MCL,Meghalaya,25.0347,91.3606,2021-05-01,150.32,155.28,2023-04-01,2023-05-01,80.0,10,4,2,Ongoing
PRJ_1499,Petroleum Infrastructure Development at Telangana Section Pkg-6,Ministry of Petroleum & Natural Gas,Petroleum & Natural Gas,BPCL,Telangana,18.198,79.1163,2019-10-01,763.83,784.45,2021-12-30,2022-03-31,720.14,9,7,0,Ongoing
PRJ_1500,Airports Infrastructure Development at Jammu & Kashmir Section Pkg-7,Ministry of Civil Aviation,Airports & Aviation,Adani Airport Holdings,Jammu & Kashmir,33.9755,76.4059,2021-06-01,370.34,417.74,2025-11-30,2025-11-30,376.15,10,8,2,Delayed
PRJ_1501,Roads Infrastructure Development at Karnataka Section Pkg-8,Ministry of Road Transport & Highways,Roads & Highways,MoRTH,Karnataka,15.0037,75.4906,2020-01-01,184.57,210.78,2023-04-02,2023-06-01,143.44,9,5,2,Delayed
PRJ_1502,Roads Infrastructure Development at Uttar Pradesh Section Pkg-9,Ministry of Road Transport & Highways,Roads & Highways,NHIDCL,Uttar Pradesh,26.8649,80.728,2018-08-01,948.26,984.29,2022-07-01,2022-07-01,806.56,24,20,1,Ongoing
PRJ_1503,Roads Infrastructure Development at West Bengal Section Pkg-1,Ministry of Road Transport & Highways,Roads & Highways,MoRTH,West Bengal,22.9314,88.1458,2022-10-01,1681.99,1853.55,2027-05-02,2027-08-01,1413.91,7,5,1,Delayed
PRJ_1504,Railways Infrastructure Development at Gujarat Section Pkg-2,Ministry of Railways,Railways,IRCON,Gujarat,22.2921,71.2265,2016-06-01,482.69,497.65,2021-04-01,2021-05-31,339.92,21,15,0,Ongoing
PRJ_1505,Power Infrastructure Development at Assam Section Pkg-3,Ministry of Power,Power Transmission & Generation,NHPC,Assam,26.4507,93.4165,2022-07-01,1575.11,1627.09,2025-01-29,2025-08-30,1405.64,19,15,0,Delayed
PRJ_1506,Roads Infrastructure Development at Assam Section Pkg-4,Ministry of Road Transport & Highways,Roads & Highways,NHAI,Assam,26.2576,92.6953,2020-08-01,1340.28,1348.32,2024-05-01,2024-06-30,431.42,12,3,2,Ongoing
PRJ_1507,Coal Infrastructure Development at Madhya Pradesh Section Pkg-5,Ministry of Coal,Coal Mining,ECL,Madhya Pradesh,,79.2472,2017-11-01,3935.29,4096.64,2021-03-02,2021-04-01,1252.91,15,4,0,Ongoing
PRJ_1508,Roads Infrastructure Development at Gujarat Section Pkg-6,Ministry of Road Transport & Highways,Roads & Highways,NHIDCL,Gujarat,22.0058,71.5571,2018-01-01,278.99,289.87,2022-08-02,2022-09-01,254.35,13,11,2,Ongoing
PRJ_1509,Railways Infrastructure Development at Maharashtra Section Pkg-7,Ministry of Railways,Railways,Central Railway,Maharashtra,20.0085,75.6843,2022-10-01,353.11,494.0,2026-12-31,2028-07-31,372.51,18,13,3,Delayed
PRJ_1510,Roads Infrastructure Development at Himachal Pradesh Section Pkg-8,Ministry of Road Transport & Highways,Roads & Highways,NHIDCL,Himachal Pradesh,30.7916,77.6329,2022-01-01,499.19,595.53,2025-04-02,2027-06-02,457.02,14,11,3,Delayed
PRJ_1511,Roads Infrastructure Development at Gujarat Section Pkg-9,Ministry of Road Transport & Highways,Roads & Highways,NHIDCL,Gujarat,,71.3884,2021-04-01,671.74,677.79,2024-08-30,2024-08-30,209.62,17,5,1,Ongoing
PRJ_1512,Railways Infrastructure Development at Bihar Section Pkg-1,Ministry of Railways,Railways,RVNL,Bihar,24.9191,85.0925,2021-11-01,691.65,917.13,2026-11-01,2027-08-01,751.76,9,7,1,Delayed
PRJ_1513,Petroleum Infrastructure Development at Delhi Section Pkg-2,Ministry of Petroleum & Natural Gas,Petroleum & Natural Gas,HPCL,Delhi,29.0849,76.9251,2018-05-01,968.48,1029.49,2020-12-30,2021-04-30,653.43,15,8,2,Delayed
PRJ_1514,Railways Infrastructure Development at Karnataka Section Pkg-3,Ministry of Railways,Railways,IRCON,Karnataka,15.6202,75.6395,2017-07-01,1408.23,1558.91,2019-08-31,2020-04-30,1511.71,9,8,1,Delayed
PRJ_1515,Steel Infrastructure Development at Andhra Pradesh Section Pkg-4,Ministry of Steel,Steel & Heavy Industry,SAIL,Andhra Pradesh,15.6897,79.6894,2023-12-01,456.53,488.49,2025-09-30,2026-05-31,466.02,17,15,0,Delayed
PRJ_1516,Roads Infrastructure Development at Jharkhand Section Pkg-5,Ministry of Road Transport & Highways,Roads & Highways,NHAI,Jharkhand,23.7498,,2016-05-01,155.8,170.13,2018-12-31,2019-08-01,115.21,9,6,1,Delayed
PRJ_1517,Roads Infrastructure Development at Odisha Section Pkg-6,Ministry of Road Transport & Highways,Roads & Highways,NHAI,Odisha,21.3012,85.667,2017-01-01,811.09,959.52,2020-10-01,2021-10-01,59.67,12,0,7,Delayed
PRJ_1518,Roads Infrastructure Development at West Bengal Section Pkg-7,Ministry of Road Transport & Highways,Roads & Highways,NHAI,West Bengal,22.63,87.6906,2018-03-01,548.68,639.76,2021-01-29,2022-04-30,121.88,23,4,12,Delayed
PRJ_1519,Roads Infrastructure Development at Tamil Nadu Section Pkg-8,Ministry of Road Transport & Highways,Roads & Highways,NHAI,Tamil Nadu,10.6917,79.1161,2018-02-01,671.35,693.5,2020-06-02,2020-07-02,616.0,13,12,1,Ongoing
PRJ_1520,Roads Infrastructure Development at Haryana Section Pkg-9,Ministry of Road Transport & Highways,Roads & Highways,NHAI,Haryana,28.8849,75.8976,2021-10-01,3346.7,4300.51,2023-05-02,2026-03-01,1119.96,8,2,4,Stalled
PRJ_1521,Roads Infrastructure Development at Gujarat Section Pkg-1,Ministry of Road Transport & Highways,Roads & Highways,MoRTH,Gujarat,22.0759,71.0901,2022-09-01,1076.68,1082.06,2025-04-01,2027-04-01,539.14,14,7,1,Delayed
PRJ_1522,Roads Infrastructure Development at Bihar Section Pkg-2,Ministry of Road Transport & Highways,Roads & Highways,NHIDCL,Bihar,24.6322,,2019-01-01,161.15,169.69,2022-12-01,2023-06-01,28.58,21,3,1,Delayed
PRJ_1523,Airports Infrastructure Development at Madhya Pradesh Section Pkg-3,Ministry of Civil Aviation,Airports & Aviation,Adani Airport Holdings,Madhya Pradesh,23.2806,78.8566,2023-03-01,532.15,649.22,2025-06-30,2026-12-29,596.09,20,18,2,Delayed
PRJ_1524,Roads Infrastructure Development at Maharashtra Section Pkg-4,Ministry of Road Transport & Highways,Roads & Highways,NHAI,Maharashtra,20.2469,76.0833,2018-02-01,619.23,626.04,2020-03-02,2020-07-01,278.03,7,3,0,Delayed
PRJ_1525,Petroleum Infrastructure Development at Manipur Section Pkg-5,Ministry of Petroleum & Natural Gas,Petroleum & Natural Gas,NRL,Manipur,25.1127,93.3959,2018-08-01,435.48,446.8,2022-07-01,2023-08-31,348.71,19,14,2,Delayed
PRJ_1526,Roads Infrastructure Development at Madhya Pradesh Section Pkg-6,Ministry of Road Transport & Highways,Roads & Highways,NHIDCL,Madhya Pradesh,,,2020-08-01,358.21,356.78,2022-10-01,2022-10-31,282.76,8,6,2,Ongoing
PRJ_1527,Roads Infrastructure Development at Jharkhand Section Pkg-7,Ministry of Road Transport & Highways,Roads & Highways,NHAI,Jharkhand,23.2352,85.6278,2017-04-01,150.0,164.85,2020-01-30,2020-09-29,66.29,17,6,1,Delayed
PRJ_1528,Roads Infrastructure Development at Maharashtra Section Pkg-8,Ministry of Road Transport & Highways,Roads & Highways,NHIDCL,Maharashtra,19.2706,76.1524,2017-11-01,474.08,499.68,2022-07-02,2022-08-31,429.46,10,8,2,Ongoing
PRJ_1529,Railways Infrastructure Development at Assam Section Pkg-9,Ministry of Railways,Railways,IRCON,Assam,26.7051,93.3796,2017-06-01,1846.45,1785.52,2020-11-30,2021-05-01,335.69,7,1,2,Delayed
PRJ_1530,Water Infrastructure Development at Manipur Section Pkg-1,"Department of Water Resources, River Development & GR",Water & Sanitation,CPWD,Manipur,24.6335,93.7356,2019-03-01,552.4,605.43,2021-12-29,2022-02-27,496.59,21,16,2,Delayed
PRJ_1531,Roads Infrastructure Development at Gujarat Section Pkg-2,Ministry of Road Transport & Highways,Roads & Highways,NHAI,Gujarat,22.4672,71.4709,2020-12-01,151.21,143.65,2025-04-01,2025-09-30,106.77,6,4,2,Delayed
PRJ_1532,Urban Infrastructure Development at Gujarat Section Pkg-3,Ministry of Housing & Urban Affairs,Urban Infrastructure & Metro,DMRC,Gujarat,22.7279,70.9061,2018-11-01,4130.98,4143.37,2022-06-01,2022-07-01,3773.66,21,19,0,Ongoing
PRJ_1533,Urban Infrastructure Development at Andhra Pradesh Section Pkg-4,Ministry of Housing & Urban Affairs,Urban Infrastructure & Metro,DMRC,Andhra Pradesh,16.4055,80.2734,2017-02-01,596.04,635.38,2018-09-02,2019-01-01,434.15,12,8,1,Delayed
PRJ_1534,Roads Infrastructure Development at Maharashtra Section Pkg-5,Ministry of Road Transport & Highways,Roads & Highways,MoRTH,Maharashtra,19.2773,76.1396,2021-08-01,713.77,745.89,2024-03-01,2024-04-30,694.25,10,9,0,Ongoing
PRJ_1535,Roads Infrastructure Development at Gujarat Section Pkg-6,Ministry of Road Transport & Highways,Roads & Highways,NHIDCL,Gujarat,22.0503,70.7763,2016-12-01,1393.36,1379.43,2018-07-02,2019-03-02,593.96,15,6,0,Delayed
PRJ_1536,Telecommunications Infrastructure Development at Karnataka Section Pkg-7,Department of Telecommunications,Telecommunications,BSNL,Karnataka,14.806,75.5771,2016-06-01,181.99,193.46,2018-12-31,2019-06-01,180.74,20,18,0,Delayed
PRJ_1537,Water Infrastructure Development at Odisha Section Pkg-8,"Department of Water Resources, River Development & GR",Water & Sanitation,CPWD,Odisha,21.3348,85.5987,2022-03-01,521.85,538.55,2025-07-30,2027-06-30,145.11,15,3,2,Delayed
PRJ_1538,Roads Infrastructure Development at Madhya Pradesh Section Pkg-9,Ministry of Road Transport & Highways,Roads & Highways,NHAI,Madhya Pradesh,22.4719,79.2513,2020-01-01,909.84,1131.84,2022-03-02,2026-01-30,869.09,13,9,4,Delayed
PRJ_1539,Roads Infrastructure Development at Gujarat Section Pkg-1,Ministry of Road Transport & Highways,Roads & Highways,NHAI,Gujarat,22.1422,,2020-11-01,2555.52,3020.62,2024-05-02,2024-06-01,2936.37,10,9,2,Delayed
PRJ_1540,Railways Infrastructure Development at Gujarat Section Pkg-2,Ministry of Railways,Railways,Dedicated Freight Corridor Corp,Gujarat,21.8923,70.6707,2016-11-01,2921.85,3138.07,2020-06-01,2020-07-31,2262.89,24,16,0,Ongoing
PRJ_1541,Railways Infrastructure Development at Meghalaya Section Pkg-3,Ministry of Railways,Railways,RVNL,Meghalaya,25.949,91.5353,2017-06-01,1126.34,1242.35,2022-05-01,2023-05-01,359.13,21,5,0,Delayed
PRJ_1542,Roads Infrastructure Development at Andhra Pradesh Section Pkg-4,Ministry of Road Transport & Highways,Roads & Highways,MoRTH,Andhra Pradesh,,79.9806,2016-01-01,150.0,154.95,2020-03-01,2020-09-30,80.8,14,7,2,Delayed
PRJ_1543,Roads Infrastructure Development at West Bengal Section Pkg-5,Ministry of Road Transport & Highways,Roads & Highways,MoRTH,West Bengal,22.4654,,2018-09-01,1523.84,1731.08,2021-04-01,2022-10-31,1531.93,8,6,1,Delayed
PRJ_1544,Coal Infrastructure Development at Uttar Pradesh Section Pkg-6,Ministry of Coal,Coal Mining,Coal India Ltd (CIL),Uttar Pradesh,26.5126,80.6178,2021-01-01,1770.02,2316.96,2024-10-01,2027-06-02,400.86,22,3,4,Stalled
PRJ_1545,Roads Infrastructure Development at Assam Section Pkg-7,Ministry of Road Transport & Highways,Roads & Highways,NHAI,Assam,26.2627,93.2412,2017-07-01,873.15,929.9,2019-07-31,2019-08-30,658.89,19,13,1,Ongoing
PRJ_1546,Urban Infrastructure Development at Madhya Pradesh Section Pkg-8,Ministry of Housing & Urban Affairs,Urban Infrastructure & Metro,MahaMetro,Madhya Pradesh,22.5768,78.7647,2023-06-01,1476.75,1624.43,2028-02-29,2028-12-29,1181.75,22,15,1,Delayed
PRJ_1547,Healthcare Infrastructure Development at Andhra Pradesh Section Pkg-9,Ministry of Health & Family Welfare,Healthcare Infrastructure,AIIMS,Andhra Pradesh,15.9904,79.3883,2019-06-01,4201.94,4475.07,2022-07-01,2022-08-30,4179.01,22,19,2,Ongoing
PRJ_1548,Roads Infrastructure Development at Uttar Pradesh Section Pkg-1,Ministry of Road Transport & Highways,Roads & Highways,MoRTH,Uttar Pradesh,27.2156,80.351,2020-10-01,2160.26,2700.33,2022-04-01,2022-11-30,1283.13,6,2,2,Delayed
PRJ_1549,Railways Infrastructure Development at Mizoram Section Pkg-2,Ministry of Railways,Railways,Central Railway,Mizoram,23.6046,92.4536,2016-04-01,3902.65,4417.8,2020-07-01,2021-05-01,935.06,15,2,7,Delayed
PRJ_1550,Roads Infrastructure Development at Maharashtra Section Pkg-3,Ministry of Road Transport & Highways,Roads & Highways,NHAI,Maharashtra,19.4044,76.1439,2018-11-01,1826.61,2029.36,2022-12-01,2023-04-01,1887.09,16,14,1,Delayed
PRJ_1551,Coal Infrastructure Development at Odisha Section Pkg-4,Ministry of Coal,Coal Mining,WCL,Odisha,21.0368,84.5558,2023-06-01,218.98,210.44,2027-07-01,2027-07-31,77.08,15,5,2,Ongoing
PRJ_1552,Urban Infrastructure Development at Bihar Section Pkg-5,Ministry of Housing & Urban Affairs,Urban Infrastructure & Metro,PMRCL,Bihar,25.2361,84.86,2019-12-01,194.76,185.61,2022-09-30,2023-03-01,85.25,24,10,0,Delayed
PRJ_1553,Roads Infrastructure Development at Madhya Pradesh Section Pkg-6,Ministry of Road Transport & Highways,Roads & Highways,NHAI,Madhya Pradesh,23.2122,78.3554,2022-08-01,748.98,898.03,2027-04-01,2028-02-29,702.36,9,6,1,Delayed
PRJ_1554,Roads Infrastructure Development at Bihar Section Pkg-7,Ministry of Road Transport & Highways,Roads & Highways,MoRTH,Bihar,25.3179,85.8485,2016-04-01,150.0,163.2,2021-04-01,2021-07-31,50.59,18,5,1,Delayed
PRJ_1555,Roads Infrastructure Development at Andhra Pradesh Section Pkg-8,Ministry of Road Transport & Highways,Roads & Highways,NHAI,Andhra Pradesh,15.758,79.5869,2020-11-01,310.47,423.17,2022-05-02,2023-04-01,381.06,13,11,2,Delayed
PRJ_1556,Roads Infrastructure Development at Delhi Section Pkg-9,Ministry of Road Transport & Highways,Roads & Highways,NHIDCL,Delhi,28.9802,77.2633,2017-04-01,2015.85,3009.66,2021-12-30,2023-08-30,2016.9,14,9,5,Delayed
PRJ_1557,Roads Infrastructure Development at West Bengal Section Pkg-1,Ministry of Road Transport & Highways,Roads & Highways,NHAI,West Bengal,,87.5823,2016-11-01,256.33,250.95,2018-06-02,2019-01-31,237.09,6,5,1,Delayed
PRJ_1558,Water Infrastructure Development at Maharashtra Section Pkg-2,"Department of Water Resources, River Development & GR",Water & Sanitation,National Mission for Clean Ganga,Maharashtra,19.3125,75.1412,2018-10-01,150.0,167.7,2023-04-01,2023-09-30,149.7,24,20,0,Delayed
PRJ_1559,Educational Infrastructure Development at Gujarat Section Pkg-3,Department of Higher Education,Educational Infrastructure,CPWD,Gujarat,22.3232,70.902,2016-10-01,1118.32,1251.4,2020-05-01,2020-11-30,247.31,9,1,1,Delayed
PRJ_1560,Roads Infrastructure Development at Bihar Section Pkg-4,Ministry of Road Transport & Highways,Roads & Highways,MoRTH,Bihar,25.0427,85.6404,2018-11-01,3218.66,3794.8,2022-10-01,2023-08-31,1903.15,13,6,3,Delayed
PRJ_1561,Educational Infrastructure Development at Andhra Pradesh Section Pkg-5,Department of Higher Education,Educational Infrastructure,CPWD,Andhra Pradesh,,79.7961,2017-02-01,453.42,511.0,2020-01-02,2020-08-02,511.0,11,10,0,Delayed
PRJ_1562,Power Infrastructure Development at Telangana Section Pkg-6,Ministry of Power,Power Transmission & Generation,THDC,Telangana,,,2019-09-01,392.98,407.52,2021-05-01,2021-09-30,400.68,11,10,0,Delayed
PRJ_1563,Healthcare Infrastructure Development at Karnataka Section Pkg-7,Ministry of Labour and Employment,Healthcare & ESIC,ESIC,Karnataka,15.5305,,2018-06-01,628.97,611.99,2022-07-31,2022-07-31,121.66,19,3,1,Ongoing
PRJ_1564,Roads Infrastructure Development at Odisha Section Pkg-8,Ministry of Road Transport & Highways,Roads & Highways,NHAI,Odisha,21.4643,85.6982,2018-08-01,1136.4,1533.0,2020-07-01,2022-04-01,1124.02,8,5,1,Delayed
PRJ_1565,Roads Infrastructure Development at Bihar Section Pkg-9,Ministry of Road Transport & Highways,Roads & Highways,MoRTH,Bihar,24.9133,85.2841,2023-04-01,237.83,249.48,2026-05-01,2026-10-30,224.14,10,8,0,Delayed
PRJ_1566,Roads Infrastructure Development at Telangana Section Pkg-1,Ministry of Road Transport & Highways,Roads & Highways,NHIDCL,Telangana,17.6581,79.4091,2021-12-01,2470.93,3886.77,2023-11-01,2027-04-01,3072.23,15,12,1,Delayed
PRJ_1567,Roads Infrastructure Development at Andhra Pradesh Section Pkg-2,Ministry of Road Transport & Highways,Roads & Highways,NHIDCL,Andhra Pradesh,16.0659,80.1875,2019-11-01,1791.87,2408.27,2021-10-01,2023-06-01,2262.3,7,6,1,Delayed
PRJ_1568,Railways Infrastructure Development at Jammu & Kashmir Section Pkg-3,Ministry of Railways,Railways,Central Railway,Jammu & Kashmir,33.4177,76.984,2023-07-01,968.77,1377.59,2025-03-31,2026-05-31,136.29,16,1,12,Delayed
PRJ_1569,Railways Infrastructure Development at Andhra Pradesh Section Pkg-4,Ministry of Railways,Railways,Dedicated Freight Corridor Corp,Andhra Pradesh,16.4617,79.6309,2020-08-01,1184.6,1551.83,2022-01-30,2023-04-01,1047.58,8,5,2,Delayed
PRJ_1570,Power Infrastructure Development at Karnataka Section Pkg-5,Ministry of Power,Power Transmission & Generation,NHPC,Karnataka,15.3189,75.8486,2022-08-01,1752.15,1876.55,2024-12-30,2025-04-30,1510.11,19,16,0,Delayed
PRJ_1571,Roads Infrastructure Development at Karnataka Section Pkg-6,Ministry of Road Transport & Highways,Roads & Highways,MoRTH,Karnataka,15.1765,76.0466,2018-08-01,800.18,812.98,2023-08-01,2023-11-30,156.74,15,2,0,Delayed
PRJ_1572,Power Infrastructure Development at Rajasthan Section Pkg-7,Ministry of Power,Power Transmission & Generation,NTPC,Rajasthan,27.5157,73.7008,2017-05-01,150.0,149.25,2019-03-01,2019-03-31,140.86,7,6,2,Ongoing
PRJ_1573,Roads Infrastructure Development at Uttar Pradesh Section Pkg-8,Ministry of Road Transport & Highways,Roads & Highways,NHAI,Uttar Pradesh,26.5751,81.169,2023-09-01,1090.47,1166.8,2025-11-30,2027-10-31,525.04,13,5,5,Delayed
PRJ_1574,Petroleum Infrastructure Development at Gujarat Section Pkg-9,Ministry of Petroleum & Natural Gas,Petroleum & Natural Gas,GAIL,Gujarat,22.4003,71.7899,2021-09-01,214.83,215.04,2024-03-02,2024-11-30,54.41,14,3,2,Delayed
PRJ_1575,Roads Infrastructure Development at Chhattisgarh Section Pkg-1,Ministry of Road Transport & Highways,Roads & Highways,NHIDCL,Chhattisgarh,20.9882,81.5768,2021-12-01,1414.11,1596.53,2024-09-30,2024-12-30,972.59,7,3,2,Delayed
PRJ_1576,Roads Infrastructure Development at Gujarat Section Pkg-2,Ministry of Road Transport & Highways,Roads & Highways,NHAI,Gujarat,22.1682,70.6391,2017-12-01,1479.42,1556.35,2021-10-01,2022-03-02,1383.58,21,17,0,Delayed
PRJ_1577,Roads Infrastructure Development at Karnataka Section Pkg-3,Ministry of Road Transport & Highways,Roads & Highways,NHAI,Karnataka,15.6902,75.132,2022-05-01,1750.89,1796.41,2026-01-29,2026-06-30,596.77,9,2,1,Delayed
PRJ_1578,Roads Infrastructure Development at Tamil Nadu Section Pkg-4,Ministry of Road Transport & Highways,Roads & Highways,NHAI,Tamil Nadu,10.6774,78.2994,2018-07-01,238.61,245.05,2020-02-29,2020-08-29,212.71,13,10,2,Delayed
PRJ_1579,Roads Infrastructure Development at Jharkhand Section Pkg-5,Ministry of Road Transport & Highways,Roads & Highways,MoRTH,Jharkhand,,84.7218,2019-07-01,1521.87,1564.48,2022-11-29,2023-07-30,1326.56,14,11,1,Delayed
PRJ_1580,Roads Infrastructure Development at Gujarat Section Pkg-6,Ministry of Road Transport & Highways,Roads & Highways,NHAI,Gujarat,22.8369,71.129,2020-08-01,1225.95,1263.95,2023-10-01,2023-11-30,1174.7,21,19,1,Ongoing
PRJ_1581,Roads Infrastructure Development at Rajasthan Section Pkg-7,Ministry of Road Transport & Highways,Roads & Highways,NHIDCL,Rajasthan,26.9025,74.6489,2021-07-01,469.13,619.72,2023-09-30,2025-06-30,48.16,21,1,8,Stalled
PRJ_1582,Roads Infrastructure Development at Bihar Section Pkg-8,Ministry of Road Transport & Highways,Roads & Highways,NHAI,Bihar,25.3214,84.9189,2021-09-01,444.31,468.75,2026-05-02,2026-12-31,203.14,20,8,0,Delayed
PRJ_1583,Coal Infrastructure Development at Jharkhand Section Pkg-9,Ministry of Coal,Coal Mining,Coal India Ltd (CIL),Jharkhand,23.8353,84.8199,2019-02-01,489.7,553.85,2023-03-03,2025-01-31,168.63,16,5,5,Delayed
PRJ_1584,Coal Infrastructure Development at Odisha Section Pkg-1,Ministry of Coal,Coal Mining,Coal India Ltd (CIL),Odisha,20.6495,,2017-08-01,175.25,177.7,2019-04-01,2019-05-31,141.17,23,17,2,Ongoing
PRJ_1585,Roads Infrastructure Development at Haryana Section Pkg-2,Ministry of Road Transport & Highways,Roads & Highways,NHIDCL,Haryana,28.8226,,2017-07-01,672.46,788.8,2020-04-30,2020-07-30,660.01,23,18,0,Delayed
PRJ_1586,Roads Infrastructure Development at Jammu & Kashmir Section Pkg-3,Ministry of Road Transport & Highways,Roads & Highways,NHIDCL,Jammu & Kashmir,33.4397,77.0755,2023-09-01,1747.84,1737.35,2027-10-01,2028-06-30,1208.46,21,14,1,Delayed
PRJ_1587,Railways Infrastructure Development at Rajasthan Section Pkg-4,Ministry of Railways,Railways,Central Railway,Rajasthan,27.4448,73.7598,2019-06-01,845.25,871.45,2024-02-29,2024-03-30,391.06,8,3,2,Ongoing
PRJ_1588,Railways Infrastructure Development at Uttar Pradesh Section Pkg-5,Ministry of Railways,Railways,Central Railway,Uttar Pradesh,26.6625,81.243,2020-06-01,274.72,289.55,2024-07-01,2025-05-01,212.24,8,6,2,Delayed
PRJ_1589,Roads Infrastructure Development at Karnataka Section Pkg-6,Ministry of Road Transport & Highways,Roads & Highways,NHIDCL,Karnataka,14.7216,75.3278,2018-12-01,441.57,591.26,2020-05-31,2022-08-30,134.42,10,2,6,Stalled
PRJ_1590,Petroleum Infrastructure Development at Uttar Pradesh Section Pkg-7,Ministry of Petroleum & Natural Gas,Petroleum & Natural Gas,IOCL,Uttar Pradesh,26.796,81.19,2022-10-01,292.94,336.0,2025-04-01,2026-03-01,249.65,14,10,0,Delayed
PRJ_1591,Roads Infrastructure Development at Andhra Pradesh Section Pkg-8,Ministry of Road Transport & Highways,Roads & Highways,NHAI,Andhra Pradesh,16.0244,79.5721,2017-06-01,1257.02,1248.22,2021-09-30,2023-10-30,171.25,22,3,2,Delayed
PRJ_1592,Railways Infrastructure Development at Odisha Section Pkg-9,Ministry of Railways,Railways,Dedicated Freight Corridor Corp,Odisha,,85.4358,2020-03-01,1140.71,1477.22,2023-04-01,2023-12-30,1205.42,14,11,2,Delayed
PRJ_1593,Roads Infrastructure Development at Manipur Section Pkg-1,Ministry of Road Transport & Highways,Roads & Highways,NHAI,Manipur,24.4258,94.0127,2023-02-01,234.75,268.08,2027-03-03,2027-06-02,238.45,20,17,0,Delayed
PRJ_1594,Roads Infrastructure Development at Karnataka Section Pkg-2,Ministry of Road Transport & Highways,Roads & Highways,NHAI,Karnataka,14.7462,76.1284,2016-07-01,625.93,769.27,2019-11-30,2022-01-29,194.24,21,5,12,Stalled
PRJ_1595,Roads Infrastructure Development at Odisha Section Pkg-3,Ministry of Road Transport & Highways,Roads & Highways,NHAI,Odisha,21.216,85.0714,2021-09-01,312.69,453.71,2025-10-01,2027-07-02,359.88,24,18,2,Delayed
PRJ_1596,Petroleum Infrastructure Development at Assam Section Pkg-4,Ministry of Petroleum & Natural Gas,Petroleum & Natural Gas,IOCL,Assam,25.7178,92.6941,2016-12-01,3012.65,3178.35,2018-12-01,2019-06-01,1304.73,19,7,0,Delayed
PRJ_1597,Roads Infrastructure Development at Uttar Pradesh Section Pkg-5,Ministry of Road Transport & Highways,Roads & Highways,NHAI,Uttar Pradesh,27.3539,81.1431,2018-11-01,735.36,910.38,2021-10-31,2023-03-02,430.53,15,7,1,Delayed
PRJ_1598,Railways Infrastructure Development at Andhra Pradesh Section Pkg-6,Ministry of Railways,Railways,Dedicated Freight Corridor Corp,Andhra Pradesh,15.8343,79.1652,2017-01-01,1445.12,1372.86,2020-01-01,2020-06-01,1104.12,10,7,0,Delayed
PRJ_1599,Roads Infrastructure Development at Delhi Section Pkg-7,Ministry of Road Transport & Highways,Roads & Highways,MoRTH,Delhi,28.3705,76.8085,2023-01-01,2370.78,2842.57,2025-04-01,2025-12-30,1784.16,12,7,1,Delayed
PRJ_1600,Roads Infrastructure Development at Rajasthan Section Pkg-8,Ministry of Road Transport & Highways,Roads & Highways,NHIDCL,Rajasthan,26.573,73.7335,2018-12-01,234.92,260.29,2023-10-31,2025-03-01,132.38,9,4,5,Delayed
PRJ_1601,Railways Infrastructure Development at Uttar Pradesh Section Pkg-9,Ministry of Railways,Railways,Central Railway,Uttar Pradesh,26.6297,,2017-03-01,673.41,856.58,2020-03-31,2021-07-31,443.63,15,7,8,Delayed
PRJ_1602,Roads Infrastructure Development at Rajasthan Section Pkg-1,Ministry of Road Transport & Highways,Roads & Highways,MoRTH,Rajasthan,27.5931,73.9354,2017-01-01,413.93,518.24,2020-06-01,2020-11-30,169.85,15,4,2,Delayed
PRJ_1603,Steel Infrastructure Development at Rajasthan Section Pkg-2,Ministry of Steel,Steel & Heavy Industry,RINL,Rajasthan,26.9477,73.9944,2017-03-01,150.0,173.55,2020-07-30,2021-02-28,116.29,12,7,1,Delayed
PRJ_1604,Roads Infrastructure Development at Maharashtra Section Pkg-3,Ministry of Road Transport & Highways,Roads & Highways,MoRTH,Maharashtra,19.155,75.1512,2021-05-01,467.17,640.96,2023-07-01,2025-10-30,508.59,7,5,1,Delayed
PRJ_1605,Roads Infrastructure Development at Tripura Section Pkg-4,Ministry of Road Transport & Highways,Roads & Highways,NHIDCL,Tripura,23.6075,91.3959,2018-01-01,481.46,513.72,2020-12-01,2021-10-31,403.45,13,10,2,Delayed
PRJ_1606,Water Infrastructure Development at Telangana Section Pkg-5,"Department of Water Resources, River Development & GR",Water & Sanitation,Water Resources Dept,Telangana,17.8067,79.2854,2020-06-01,364.69,409.18,2024-06-01,2025-04-01,96.68,6,1,1,Delayed
PRJ_1607,Petroleum Infrastructure Development at Uttar Pradesh Section Pkg-6,Ministry of Petroleum & Natural Gas,Petroleum & Natural Gas,HPCL,Uttar Pradesh,27.4169,80.9683,2020-11-01,564.24,598.09,2024-12-31,2027-12-01,133.92,15,3,1,Stalled
PRJ_1608,Railways Infrastructure Development at Andhra Pradesh Section Pkg-7,Ministry of Railways,Railways,IRCON,Andhra Pradesh,16.279,79.8023,2016-03-01,1035.09,1348.72,2020-01-30,2021-02-28,1059.83,14,10,4,Delayed
PRJ_1609,Petroleum Infrastructure Development at Tamil Nadu Section Pkg-8,Ministry of Petroleum & Natural Gas,Petroleum & Natural Gas,GAIL,Tamil Nadu,11.6139,79.1842,2018-02-01,222.31,230.76,2022-03-03,2022-05-02,204.69,6,5,1,Ongoing
PRJ_1610,Roads Infrastructure Development at Karnataka Section Pkg-9,Ministry of Road Transport & Highways,Roads & Highways,NHIDCL,Karnataka,15.3456,75.2648,2016-04-01,456.88,466.02,2021-03-01,2024-05-31,223.18,14,6,6,Delayed
PRJ_1611,Coal Infrastructure Development at Madhya Pradesh Section Pkg-1,Ministry of Coal,Coal Mining,Coal India Ltd (CIL),Madhya Pradesh,23.4708,78.2109,2016-06-01,333.6,364.96,2018-01-30,2018-03-01,228.87,21,12,2,Delayed
PRJ_1612,Roads Infrastructure Development at Manipur Section Pkg-2,Ministry of Road Transport & Highways,Roads & Highways,NHAI,Manipur,25.2471,94.1439,2021-10-01,439.44,417.47,2025-05-01,2026-01-29,107.58,6,1,0,Delayed
PRJ_1613,Roads Infrastructure Development at Manipur Section Pkg-3,Ministry of Road Transport & Highways,Roads & Highways,NHIDCL,Manipur,24.5396,94.4918,2021-10-01,317.23,301.37,2025-01-30,2025-12-30,112.76,16,6,1,Delayed
PRJ_1614,Roads Infrastructure Development at Andhra Pradesh Section Pkg-4,Ministry of Road Transport & Highways,Roads & Highways,MoRTH,Andhra Pradesh,15.9136,,2017-06-01,5816.67,6183.12,2019-08-01,2019-11-30,5457.57,13,11,1,Delayed
PRJ_1615,Roads Infrastructure Development at Jharkhand Section Pkg-5,Ministry of Road Transport & Highways,Roads & Highways,MoRTH,Jharkhand,23.9347,85.4684,2016-05-01,186.77,210.68,2019-03-01,2020-10-29,176.34,10,8,2,Delayed
PRJ_1616,Roads Infrastructure Development at Telangana Section Pkg-6,Ministry of Road Transport & Highways,Roads & Highways,NHIDCL,Telangana,17.8273,79.6105,2017-05-01,1011.62,1425.37,2019-11-30,2021-02-28,1246.53,13,10,2,Delayed
PRJ_1617,Railways Infrastructure Development at Gujarat Section Pkg-7,Ministry of Railways,Railways,IRCON,Gujarat,22.4712,71.0608,2019-05-01,162.24,167.92,2022-07-31,2022-07-31,163.52,24,22,1,Ongoing
PRJ_1618,Roads Infrastructure Development at Karnataka Section Pkg-8,Ministry of Road Transport & Highways,Roads & Highways,NHIDCL,Karnataka,15.4701,76.0975,2016-03-01,266.6,366.58,2019-08-31,2021-09-29,274.43,16,12,3,Delayed
PRJ_1619,Roads Infrastructure Development at Maharashtra Section Pkg-9,Ministry of Road Transport & Highways,Roads & Highways,MoRTH,Maharashtra,20.2129,76.0791,2018-11-01,409.6,429.67,2022-04-01,2022-05-31,175.36,23,9,0,Ongoing
PRJ_1620,Railways Infrastructure Development at Rajasthan Section Pkg-1,Ministry of Railways,Railways,Dedicated Freight Corridor Corp,Rajasthan,26.7853,,2019-11-01,597.39,630.84,2023-12-01,2024-05-31,356.08,11,6,0,Delayed
PRJ_1621,Educational Infrastructure Development at Jharkhand Section Pkg-2,Department of Higher Education,Educational Infrastructure,IIT,Jharkhand,24.0759,85.3766,2023-01-01,559.81,545.81,2025-03-02,2025-05-01,305.05,8,4,0,Ongoing
PRJ_1622,Urban Infrastructure Development at Karnataka Section Pkg-3,Ministry of Housing & Urban Affairs,Urban Infrastructure & Metro,MMRDA,Karnataka,15.4671,75.5685,2022-07-01,454.86,432.12,2025-03-31,2025-07-30,152.01,8,2,2,Delayed
PRJ_1623,Roads Infrastructure Development at Andhra Pradesh Section Pkg-4,Ministry of Road Transport & Highways,Roads & Highways,MoRTH,Andhra Pradesh,16.1553,80.0089,2019-05-01,388.04,591.76,2021-03-31,2022-04-30,524.34,7,6,1,Delayed
PRJ_1624,Railways Infrastructure Development at Maharashtra Section Pkg-5,Ministry of Railways,Railways,IRCON,Maharashtra,19.5384,75.9767,2020-11-01,1730.41,1730.41,2025-06-02,2026-01-31,240.55,22,3,0,Delayed
PRJ_1625,Coal Infrastructure Development at Punjab Section Pkg-6,Ministry of Coal,Coal Mining,MCL,Punjab,31.4142,75.6025,2017-11-01,1725.26,1928.84,2021-09-01,2021-09-01,1247.54,22,14,1,Delayed
PRJ_1626,Airports Infrastructure Development at Uttar Pradesh Section Pkg-7,Ministry of Civil Aviation,Airports & Aviation,AAI,Uttar Pradesh,27.4378,81.0554,2017-08-01,380.72,556.61,2021-03-01,2022-08-30,474.31,24,20,2,Delayed
PRJ_1627,Roads Infrastructure Development at Andhra Pradesh Section Pkg-8,Ministry of Road Transport & Highways,Roads & Highways,NHIDCL,Andhra Pradesh,15.555,79.3467,2016-03-01,776.02,1129.11,2018-03-01,2018-10-30,394.58,19,6,6,Delayed
PRJ_1628,Roads Infrastructure Development at Andhra Pradesh Section Pkg-9,Ministry of Road Transport & Highways,Roads & Highways,NHIDCL,Andhra Pradesh,,79.9965,2017-07-01,858.59,985.66,2020-03-01,2022-07-01,856.48,11,9,1,Delayed
PRJ_1629,Roads Infrastructure Development at Bihar Section Pkg-1,Ministry of Road Transport & Highways,Roads & Highways,NHAI,Bihar,24.9075,85.4265,2020-10-01,162.22,185.26,2022-05-02,2022-08-01,177.94,14,12,0,Delayed
PRJ_1630,Coal Infrastructure Development at Assam Section Pkg-2,Ministry of Coal,Coal Mining,WCL,Assam,25.6392,92.5845,2021-10-01,1110.99,1665.37,2023-07-02,2024-03-01,1518.45,14,11,1,Delayed
PRJ_1631,Railways Infrastructure Development at Haryana Section Pkg-3,Ministry of Railways,Railways,RVNL,Haryana,29.4948,76.514,2021-05-01,960.61,1339.09,2024-07-31,2026-09-30,688.8,9,4,5,Delayed
PRJ_1632,Roads Infrastructure Development at Rajasthan Section Pkg-4,Ministry of Road Transport & Highways,Roads & Highways,NHAI,Rajasthan,27.5099,,2019-04-01,1003.42,1058.61,2022-01-29,2022-06-30,341.36,24,7,0,Delayed
PRJ_1633,Roads Infrastructure Development at Himachal Pradesh Section Pkg-5,Ministry of Road Transport & Highways,Roads & Highways,NHAI,Himachal Pradesh,30.563,77.0636,2020-11-01,1146.07,1217.13,2023-01-31,2023-08-01,836.43,14,9,1,Delayed
PRJ_1634,Roads Infrastructure Development at Madhya Pradesh Section Pkg-6,Ministry of Road Transport & Highways,Roads & Highways,NHAI,Madhya Pradesh,23.1329,78.9631,2023-04-01,350.0,451.5,2027-03-01,2028-12-29,326.3,12,8,2,Delayed
PRJ_1635,Roads Infrastructure Development at Haryana Section Pkg-7,Ministry of Road Transport & Highways,Roads & Highways,MoRTH,Haryana,,76.5364,2023-12-01,546.05,558.06,2028-09-30,2029-01-29,457.61,13,10,0,Delayed
PRJ_1636,Roads Infrastructure Development at Telangana Section Pkg-8,Ministry of Road Transport & Highways,Roads & Highways,NHAI,Telangana,18.3576,79.1997,2019-05-01,1297.43,1310.4,2020-10-29,2020-11-28,1211.79,7,6,0,Ongoing
PRJ_1637,Petroleum Infrastructure Development at Assam Section Pkg-9,Ministry of Petroleum & Natural Gas,Petroleum & Natural Gas,GAIL,Assam,25.9698,92.7019,2016-02-01,617.45,912.59,2019-08-02,2021-03-02,798.75,18,14,3,Delayed
PRJ_1638,Roads Infrastructure Development at Odisha Section Pkg-1,Ministry of Road Transport & Highways,Roads & Highways,MoRTH,Odisha,21.0818,85.2074,2021-06-01,1078.67,1281.46,2025-08-31,2027-05-01,941.1,9,6,3,Delayed
PRJ_1639,Railways Infrastructure Development at Bihar Section Pkg-2,Ministry of Railways,Railways,Central Railway,Bihar,24.7272,85.754,2020-06-01,574.09,545.39,2024-11-30,2025-03-31,378.23,21,14,2,Delayed
PRJ_1640,Roads Infrastructure Development at Maharashtra Section Pkg-3,Ministry of Road Transport & Highways,Roads & Highways,MoRTH,Maharashtra,19.3297,75.5923,2018-01-01,1307.46,1614.71,2023-01-01,2024-06-01,1103.95,20,13,3,Delayed
PRJ_1641,Roads Infrastructure Development at Kerala Section Pkg-4,Ministry of Road Transport & Highways,Roads & Highways,MoRTH,Kerala,10.3012,,2021-04-01,773.19,820.35,2025-11-30,2026-03-31,714.06,11,9,2,Delayed
PRJ_1642,Roads Infrastructure Development at Uttar Pradesh Section Pkg-5,Ministry of Road Transport & Highways,Roads & Highways,MoRTH,Uttar Pradesh,27.0509,80.4253,2018-01-01,150.0,163.8,2020-09-01,2020-12-01,81.72,21,10,0,Delayed
PRJ_1643,Coal Infrastructure Development at West Bengal Section Pkg-6,Ministry of Coal,Coal Mining,WCL,West Bengal,22.6229,88.0714,2021-03-01,560.61,532.58,2023-11-30,2024-04-30,411.44,9,6,0,Delayed
PRJ_1644,Power Infrastructure Development at Jammu & Kashmir Section Pkg-7,Ministry of Power,Power Transmission & Generation,NTPC,Jammu & Kashmir,,77.0071,2017-10-01,591.85,662.28,2022-01-30,2022-01-30,216.77,8,2,2,Delayed
PRJ_1645,Roads Infrastructure Development at Chhattisgarh Section Pkg-8,Ministry of Road Transport & Highways,Roads & Highways,NHIDCL,Chhattisgarh,20.7503,81.6561,2022-12-01,2825.38,3203.98,2026-05-01,2026-08-30,2505.99,13,9,0,Delayed
PRJ_1646,Airports Infrastructure Development at Karnataka Section Pkg-9,Ministry of Civil Aviation,Airports & Aviation,GMR Infrastructure,Karnataka,14.8449,76.1214,2023-12-01,150.0,157.35,2028-05-31,2028-08-30,101.87,15,10,0,Ongoing
PRJ_1647,Roads Infrastructure Development at Odisha Section Pkg-1,Ministry of Road Transport & Highways,Roads & Highways,NHIDCL,Odisha,21.3781,84.6895,2021-05-01,176.95,191.28,2025-12-30,2026-01-29,43.99,11,2,2,Delayed
PRJ_1648,Petroleum Infrastructure Development at Himachal Pradesh Section Pkg-2,Ministry of Petroleum & Natural Gas,Petroleum & Natural Gas,ONGC,Himachal Pradesh,31.4004,,2018-09-01,1097.47,1042.6,2021-03-02,2021-03-02,535.05,24,11,2,Ongoing
PRJ_1649,Roads Infrastructure Development at Assam Section Pkg-3,Ministry of Road Transport & Highways,Roads & Highways,MoRTH,Assam,26.2811,92.9047,2016-08-01,652.99,889.37,2019-07-02,2021-07-01,424.68,21,10,1,Delayed
PRJ_1650,Roads Infrastructure Development at Gujarat Section Pkg-4,Ministry of Road Transport & Highways,Roads & Highways,NHIDCL,Gujarat,22.0272,71.5987,2016-11-01,5069.3,5464.71,2019-01-31,2019-05-02,2528.82,24,11,2,Ongoing
PRJ_1651,Roads Infrastructure Development at Haryana Section Pkg-5,Ministry of Road Transport & Highways,Roads & Highways,NHAI,Haryana,29.5277,76.0762,2022-12-01,682.87,926.65,2024-05-31,2025-05-31,768.73,12,9,2,Delayed
PRJ_1652,Roads Infrastructure Development at Puducherry Section Pkg-6,Ministry of Road Transport & Highways,Roads & Highways,NHIDCL,Puducherry,12.4843,,2022-04-01,356.68,368.81,2025-01-29,2025-01-29,116.81,12,3,2,Ongoing
PRJ_1653,Railways Infrastructure Development at Bihar Section Pkg-7,Ministry of Railways,Railways,IRCON,Bihar,25.485,85.4355,2022-03-01,517.15,510.94,2023-08-30,2024-01-29,507.92,18,17,1,Delayed
PRJ_1654,Railways Infrastructure Development at Telangana Section Pkg-8,Ministry of Railways,Railways,Central Railway,Telangana,18.3343,78.4353,2020-01-01,655.22,667.67,2022-04-01,2022-08-31,519.71,10,7,1,Delayed
PRJ_1655,Roads Infrastructure Development at Jharkhand Section Pkg-9,Ministry of Road Transport & Highways,Roads & Highways,NHIDCL,Jharkhand,24.2065,85.4282,2016-03-01,203.81,233.57,2019-12-31,2021-07-31,94.85,15,6,2,Delayed
PRJ_1656,Roads Infrastructure Development at Jharkhand Section Pkg-1,Ministry of Road Transport & Highways,Roads & Highways,MoRTH,Jharkhand,23.2055,85.2232,2022-06-01,980.82,1050.46,2024-08-30,2025-06-30,296.67,17,4,0,Delayed
PRJ_1657,Roads Infrastructure Development at Chhattisgarh Section Pkg-2,Ministry of Road Transport & Highways,Roads & Highways,NHAI,Chhattisgarh,21.1173,82.0135,2017-02-01,307.37,328.27,2021-11-01,2022-05-02,277.06,18,14,0,Delayed
PRJ_1658,Urban Infrastructure Development at Punjab Section Pkg-3,Ministry of Housing & Urban Affairs,Urban Infrastructure & Metro,MahaMetro,Punjab,30.7614,,2020-09-01,150.0,215.1,2023-01-31,2024-06-01,54.79,6,1,3,Delayed
PRJ_1659,Petroleum Infrastructure Development at Punjab Section Pkg-4,Ministry of Petroleum & Natural Gas,Petroleum & Natural Gas,IOCL,Punjab,30.9141,75.0055,2020-10-01,150.0,190.8,2025-10-01,2027-05-02,136.97,16,10,1,Delayed
PRJ_1660,Railways Infrastructure Development at Bihar Section Pkg-5,Ministry of Railways,Railways,Central Railway,Bihar,25.2858,84.7615,2016-06-01,1520.64,1488.71,2020-07-31,2021-03-01,1190.4,13,9,2,Delayed
PRJ_1661,Roads Infrastructure Development at Bihar Section Pkg-6,Ministry of Road Transport & Highways,Roads & Highways,NHAI,Bihar,25.3779,85.6632,2021-09-01,150.0,153.3,2025-05-02,2025-10-31,148.61,9,8,2,Delayed
PRJ_1662,Roads Infrastructure Development at Maharashtra Section Pkg-7,Ministry of Road Transport & Highways,Roads & Highways,MoRTH,Maharashtra,19.6147,75.4334,2022-09-01,581.04,637.98,2024-10-31,2025-04-01,623.48,23,21,1,Delayed
PRJ_1663,Roads Infrastructure Development at Odisha Section Pkg-8,Ministry of Road Transport & Highways,Roads & Highways,NHIDCL,Odisha,21.3226,85.3966,2020-06-01,150.0,184.35,2024-07-01,2026-12-31,24.55,7,0,7,Stalled
PRJ_1664,Roads Infrastructure Development at Gujarat Section Pkg-9,Ministry of Road Transport & Highways,Roads & Highways,NHAI,Gujarat,22.6219,70.9244,2023-01-01,1434.94,1363.19,2027-04-02,2027-09-01,358.26,6,1,0,Delayed
PRJ_1665,Power Infrastructure Development at Bihar Section Pkg-1,Ministry of Power,Power Transmission & Generation,NHPC,Bihar,25.3594,85.6297,2018-10-01,632.21,751.07,2022-01-30,2023-01-30,679.49,20,18,2,Delayed
PRJ_1666,Coal Infrastructure Development at Jharkhand Section Pkg-2,Ministry of Coal,Coal Mining,SCCL,Jharkhand,,85.4743,2021-01-01,3182.08,3665.76,2023-07-03,2025-09-01,1144.19,17,5,6,Delayed
PRJ_1667,Power Infrastructure Development at Telangana Section Pkg-3,Ministry of Power,Power Transmission & Generation,NHPC,Telangana,17.756,79.2262,2021-01-01,1641.7,1827.21,2025-08-02,2025-10-01,1110.32,13,7,2,Delayed
PRJ_1668,Coal Infrastructure Development at Ladakh Section Pkg-4,Ministry of Coal,Coal Mining,WCL,Ladakh,33.8878,77.362,2021-08-01,1594.23,1962.5,2025-04-01,2026-08-01,1672.28,19,16,1,Delayed
PRJ_1669,Water Infrastructure Development at Rajasthan Section Pkg-5,"Department of Water Resources, River Development & GR",Water & Sanitation,CPWD,Rajasthan,27.1484,74.1572,2018-08-01,2306.11,2845.74,2020-01-30,2022-04-30,1159.88,11,4,4,Delayed
PRJ_1670,Healthcare Infrastructure Development at Assam Section Pkg-6,Ministry of Labour and Employment,Healthcare & ESIC,ESIC,Assam,25.9357,93.2279,2018-10-01,1150.71,1253.12,2021-01-30,2021-03-01,808.67,23,14,1,Delayed
PRJ_1671,Ports Infrastructure Development at Manipur Section Pkg-7,"Ministry of Ports, Shipping and Waterways",Ports & Shipping,IWAI,Manipur,24.0968,93.3094,2023-06-01,1373.5,1736.1,2028-01-30,2030-03-31,528.31,16,5,7,Delayed
PRJ_1672,Roads Infrastructure Development at Assam Section Pkg-8,Ministry of Road Transport & Highways,Roads & Highways,MoRTH,Assam,25.7761,93.2885,2021-06-01,3007.54,3753.41,2026-05-01,2027-05-31,2663.18,21,15,3,Delayed
PRJ_1673,Roads Infrastructure Development at Gujarat Section Pkg-9,Ministry of Road Transport & Highways,Roads & Highways,NHAI,Gujarat,,70.7849,2022-05-01,459.36,503.46,2025-05-31,2025-12-30,459.4,20,19,1,Delayed
PRJ_1674,Water Infrastructure Development at Kerala Section Pkg-1,"Department of Water Resources, River Development & GR",Water & Sanitation,CPWD,Kerala,11.1148,76.6763,2017-11-01,2422.09,3102.7,2019-09-01,2021-04-01,1451.19,14,6,8,Delayed
PRJ_1675,Roads Infrastructure Development at Nagaland Section Pkg-2,Ministry of Road Transport & Highways,Roads & Highways,NHAI,Nagaland,26.086,94.7075,2016-02-01,509.79,526.1,2021-01-31,2021-06-01,418.85,16,13,0,Delayed
PRJ_1676,Roads Infrastructure Development at Jammu & Kashmir Section Pkg-3,Ministry of Road Transport & Highways,Roads & Highways,MoRTH,Jammu & Kashmir,33.5171,77.1476,2016-01-01,561.76,876.91,2017-08-31,2018-10-31,737.91,11,8,2,Delayed
PRJ_1677,Roads Infrastructure Development at Bihar Section Pkg-4,Ministry of Road Transport & Highways,Roads & Highways,MoRTH,Bihar,25.1451,,2023-09-01,471.35,475.12,2025-11-30,2026-01-29,425.35,11,9,2,Ongoing
PRJ_1678,Steel Infrastructure Development at Assam Section Pkg-5,Ministry of Steel,Steel & Heavy Industry,SAIL,Assam,26.3323,92.3585,2018-06-01,382.64,510.06,2022-12-31,2025-07-01,110.22,9,1,1,Stalled
PRJ_1679,Railways Infrastructure Development at Kerala Section Pkg-6,Ministry of Railways,Railways,RVNL,Kerala,11.1969,76.46,2020-12-01,1075.14,1067.61,2022-06-01,2022-10-31,668.06,18,10,2,Delayed
PRJ_1680,Educational Infrastructure Development at Bihar Section Pkg-7,Department of Higher Education,Educational Infrastructure,NBCC,Bihar,24.5781,85.5629,2017-09-01,515.16,526.49,2019-07-02,2019-10-01,451.2,6,4,2,Ongoing
PRJ_1681,Coal Infrastructure Development at Gujarat Section Pkg-8,Ministry of Coal,Coal Mining,Coal India Ltd (CIL),Gujarat,22.6809,71.7244,2023-05-01,784.73,781.59,2026-06-30,2026-09-29,183.65,6,1,2,Ongoing
PRJ_1682,Power Infrastructure Development at Punjab Section Pkg-9,Ministry of Power,Power Transmission & Generation,SJVN,Punjab,30.7539,75.5087,2020-09-01,388.65,412.75,2023-04-02,2023-08-01,386.13,9,8,2,Delayed
PRJ_1683,Railways Infrastructure Development at Bihar Section Pkg-1,Ministry of Railways,Railways,RVNL,Bihar,25.5649,85.6736,2018-09-01,323.67,347.3,2020-06-01,2021-07-01,323.5,12,10,0,Delayed
PRJ_1684,Educational Infrastructure Development at Karnataka Section Pkg-2,Department of Higher Education,Educational Infrastructure,IIT,Karnataka,15.123,75.6331,2023-04-01,7602.38,7693.61,2027-11-30,2028-06-30,5569.56,18,12,1,Delayed
PRJ_1685,Power Infrastructure Development at Bihar Section Pkg-3,Ministry of Power,Power Transmission & Generation,NTPC,Bihar,,85.7313,2020-08-01,331.65,364.81,2025-07-01,2025-07-01,202.3,8,4,0,Delayed
PRJ_1686,Petroleum Infrastructure Development at West Bengal Section Pkg-4,Ministry of Petroleum & Natural Gas,Petroleum & Natural Gas,IOCL,West Bengal,22.9144,88.0956,2018-04-01,1246.25,1647.54,2022-11-30,2024-01-30,1251.63,13,10,3,Delayed
PRJ_1687,Railways Infrastructure Development at Uttar Pradesh Section Pkg-5,Ministry of Railways,Railways,IRCON,Uttar Pradesh,26.6054,80.4499,2018-01-01,724.9,876.4,2019-09-01,2022-08-31,425.41,21,9,7,Delayed
PRJ_1688,Roads Infrastructure Development at Jammu & Kashmir Section Pkg-6,Ministry of Road Transport & Highways,Roads & Highways,MoRTH,Jammu & Kashmir,34.1333,76.3165,2020-10-01,3850.44,4836.15,2023-10-01,2025-01-30,2143.24,12,5,5,Delayed
PRJ_1689,Roads Infrastructure Development at Tamil Nadu Section Pkg-7,Ministry of Road Transport & Highways,Roads & Highways,NHAI,Tamil Nadu,11.509,78.3408,2019-02-01,417.46,427.48,2021-11-01,2022-03-02,185.83,19,8,1,Delayed
PRJ_1690,Roads Infrastructure Development at Mizoram Section Pkg-8,Ministry of Road Transport & Highways,Roads & Highways,NHIDCL,Mizoram,23.2153,92.8172,2022-11-01,498.09,641.04,2025-07-02,2027-03-02,551.29,19,17,1,Delayed
PRJ_1691,Roads Infrastructure Development at Mizoram Section Pkg-9,Ministry of Road Transport & Highways,Roads & Highways,MoRTH,Mizoram,22.5844,92.4042,2022-12-01,386.75,416.14,2026-10-01,2026-10-31,307.84,15,10,2,Ongoing
PRJ_1692,Roads Infrastructure Development at Assam Section Pkg-1,Ministry of Road Transport & Highways,Roads & Highways,NHIDCL,Assam,25.8134,92.4676,2020-10-01,831.66,849.96,2023-07-02,2024-05-01,206.86,21,5,2,Delayed
PRJ_1693,Roads Infrastructure Development at Maharashtra Section Pkg-2,Ministry of Road Transport & Highways,Roads & Highways,MoRTH,Maharashtra,20.0537,75.5331,2016-03-01,1745.65,2243.16,2021-01-29,2022-10-30,311.68,22,3,16,Stalled
PRJ_1694,Power Infrastructure Development at Gujarat Section Pkg-3,Ministry of Power,Power Transmission & Generation,NTPC,Gujarat,21.8359,71.5007,2023-03-01,258.72,277.61,2025-12-29,2025-12-29,253.86,15,13,1,Ongoing
PRJ_1695,Roads Infrastructure Development at Madhya Pradesh Section Pkg-4,Ministry of Road Transport & Highways,Roads & Highways,MoRTH,Madhya Pradesh,22.764,79.0394,2023-02-01,733.66,696.98,2025-01-01,2025-03-02,632.34,6,5,1,Ongoing
PRJ_1696,Roads Infrastructure Development at Andhra Pradesh Section Pkg-5,Ministry of Road Transport & Highways,Roads & Highways,MoRTH,Andhra Pradesh,16.4362,79.9953,2019-06-01,560.56,612.69,2022-03-01,2022-08-30,142.26,13,2,1,Delayed
PRJ_1697,Roads Infrastructure Development at Assam Section Pkg-6,Ministry of Road Transport & Highways,Roads & Highways,NHIDCL,Assam,26.5604,,2020-09-01,1679.19,1803.45,2024-05-02,2025-06-01,1264.76,13,9,0,Delayed
PRJ_1698,Railways Infrastructure Development at West Bengal Section Pkg-7,Ministry of Railways,Railways,Dedicated Freight Corridor Corp,West Bengal,23.065,88.0223,2019-11-01,428.21,505.72,2022-05-02,2022-10-31,319.68,12,7,2,Delayed
PRJ_1699,Roads Infrastructure Development at West Bengal Section Pkg-8,Ministry of Road Transport & Highways,Roads & Highways,NHIDCL,West Bengal,23.3678,88.2684,2021-06-01,1025.43,1157.71,2025-01-30,2025-01-30,440.81,15,5,1,Delayed
PRJ_1700,Railways Infrastructure Development at West Bengal Section Pkg-9,Ministry of Railways,Railways,Central Railway,West Bengal,23.4391,88.3263,2018-06-01,856.47,953.25,2020-01-30,2020-04-30,872.76,12,10,1,Delayed
PRJ_1701,Roads Infrastructure Development at Assam Section Pkg-1,Ministry of Road Transport & Highways,Roads & Highways,NHIDCL,Assam,25.8556,92.7499,2021-03-01,360.09,342.09,2023-09-30,2024-01-29,181.24,23,12,1,Delayed
PRJ_1702,Roads Infrastructure Development at Odisha Section Pkg-2,Ministry of Road Transport & Highways,Roads & Highways,NHAI,Odisha,21.3329,84.5505,2017-06-01,644.92,896.44,2020-07-01,2022-06-01,838.66,21,18,2,Delayed
PRJ_1703,Roads Infrastructure Development at Chhattisgarh Section Pkg-3,Ministry of Road Transport & Highways,Roads & Highways,MoRTH,Chhattisgarh,21.6169,81.4758,2023-08-01,1539.45,2162.93,2027-11-30,2029-01-29,1162.95,14,7,5,Delayed
PRJ_1704,Coal Infrastructure Development at Odisha Section Pkg-4,Ministry of Coal,Coal Mining,Coal India Ltd (CIL),Odisha,21.0374,84.845,2021-08-01,730.38,741.34,2025-09-30,2026-01-29,121.96,6,1,2,Delayed
PRJ_1705,Roads Infrastructure Development at Maharashtra Section Pkg-5,Ministry of Road Transport & Highways,Roads & Highways,MoRTH,Maharashtra,20.2463,76.0245,2022-08-01,1287.8,1960.03,2024-11-30,2025-12-30,744.55,21,8,8,Delayed
PRJ_1706,Educational Infrastructure Development at Tamil Nadu Section Pkg-6,Department of Higher Education,Educational Infrastructure,IIT,Tamil Nadu,10.9094,78.1958,2021-02-01,451.45,504.72,2024-06-02,2024-07-02,444.41,8,6,1,Delayed
PRJ_1707,Coal Infrastructure Development at West Bengal Section Pkg-7,Ministry of Coal,Coal Mining,Coal India Ltd (CIL),West Bengal,23.0493,87.9391,2016-04-01,694.47,785.45,2018-06-01,2019-01-30,785.45,10,9,2,Delayed
PRJ_1708,Roads Infrastructure Development at Uttarakhand Section Pkg-8,Ministry of Road Transport & Highways,Roads & Highways,NHIDCL,Uttarakhand,30.2498,79.0499,2023-01-01,275.67,277.88,2027-07-02,2027-08-31,230.7,6,4,1,Ongoing
PRJ_1709,Railways Infrastructure Development at Andhra Pradesh Section Pkg-9,Ministry of Railways,Railways,Central Railway,Andhra Pradesh,15.8278,79.663,2021-03-01,204.03,199.34,2026-01-29,2026-03-30,173.71,14,11,0,Ongoing
PRJ_1710,Petroleum Infrastructure Development at Kerala Section Pkg-1,Ministry of Petroleum & Natural Gas,Petroleum & Natural Gas,GAIL,Kerala,10.5115,75.7367,2020-01-01,5170.99,5005.52,2023-10-01,2024-05-01,4250.12,7,5,1,Delayed
PRJ_1711,Roads Infrastructure Development at Jharkhand Section Pkg-2,Ministry of Road Transport & Highways,Roads & Highways,NHIDCL,Jharkhand,,85.8736,2021-03-01,695.81,880.2,2023-07-31,2025-08-29,246.77,13,3,4,Stalled
PRJ_1712,Roads Infrastructure Development at Madhya Pradesh Section Pkg-3,Ministry of Road Transport & Highways,Roads & Highways,NHAI,Madhya Pradesh,22.6138,78.1648,2021-03-01,2073.98,2905.65,2023-11-30,2025-02-28,1066.54,9,3,5,Delayed
PRJ_1713,Steel Infrastructure Development at Dadra & Nagar Haveli Section Pkg-4,Ministry of Steel,Steel & Heavy Industry,NMDC,Dadra & Nagar Haveli,19.9742,73.5761,2022-03-01,594.52,594.52,2026-08-30,2027-08-30,506.19,23,18,2,Delayed
PRJ_1714,Coal Infrastructure Development at Odisha Section Pkg-5,Ministry of Coal,Coal Mining,MCL,Odisha,21.145,85.2161,2023-09-01,1763.51,2086.23,2028-01-31,2028-05-31,397.83,9,1,2,Delayed
PRJ_1715,Roads Infrastructure Development at Jharkhand Section Pkg-6,Ministry of Road Transport & Highways,Roads & Highways,MoRTH,Jharkhand,23.9138,85.407,2020-07-01,165.89,236.89,2022-01-30,2023-03-01,83.67,15,5,4,Delayed
PRJ_1716,Roads Infrastructure Development at Gujarat Section Pkg-7,Ministry of Road Transport & Highways,Roads & Highways,NHAI,Gujarat,22.0227,71.1231,2019-06-01,577.68,578.26,2023-03-01,2023-03-31,254.6,20,9,0,Ongoing
PRJ_1717,Roads Infrastructure Development at Manipur Section Pkg-8,Ministry of Road Transport & Highways,Roads & Highways,NHIDCL,Manipur,24.4249,93.5805,2021-01-01,4093.0,4223.98,2023-10-02,2024-07-01,3712.7,12,10,1,Delayed
PRJ_1718,Roads Infrastructure Development at Chhattisgarh Section Pkg-9,Ministry of Road Transport & Highways,Roads & Highways,NHIDCL,Chhattisgarh,21.6402,81.6841,2020-07-01,151.0,149.19,2023-08-31,2023-09-30,47.61,12,3,1,Ongoing
PRJ_1719,Roads Infrastructure Development at West Bengal Section Pkg-1,Ministry of Road Transport & Highways,Roads & Highways,NHAI,West Bengal,23.2853,87.8252,2016-04-01,150.0,196.35,2019-10-31,2020-09-29,184.29,12,10,1,Delayed
PRJ_1720,Roads Infrastructure Development at Madhya Pradesh Section Pkg-2,Ministry of Road Transport & Highways,Roads & Highways,NHIDCL,Madhya Pradesh,22.5519,78.36,2020-06-01,612.04,624.89,2023-06-01,2023-08-31,274.94,24,10,2,Ongoing
PRJ_1721,Roads Infrastructure Development at Gujarat Section Pkg-3,Ministry of Road Transport & Highways,Roads & Highways,MoRTH,Gujarat,,71.501,2016-11-01,1027.99,1180.13,2018-06-02,2018-10-01,889.28,23,17,0,Delayed
PRJ_1722,Roads Infrastructure Development at Jharkhand Section Pkg-4,Ministry of Road Transport & Highways,Roads & Highways,NHAI,Jharkhand,23.6058,84.9873,2018-05-01,224.35,225.92,2021-03-31,2021-09-29,225.92,23,21,0,Delayed
PRJ_1723,Coal Infrastructure Development at Uttar Pradesh Section Pkg-5,Ministry of Coal,Coal Mining,WCL,Uttar Pradesh,26.4454,80.7181,2022-03-01,556.18,560.63,2024-04-30,2024-08-29,467.98,15,13,1,Delayed
PRJ_1724,Railways Infrastructure Development at Maharashtra Section Pkg-6,Ministry of Railways,Railways,Dedicated Freight Corridor Corp,Maharashtra,19.2782,75.8492,2016-09-01,545.83,566.57,2018-05-02,2018-10-31,519.45,21,19,1,Delayed
PRJ_1725,Roads Infrastructure Development at Jammu & Kashmir Section Pkg-7,Ministry of Road Transport & Highways,Roads & Highways,MoRTH,Jammu & Kashmir,33.915,77.1678,2018-08-01,1799.61,1841.0,2023-04-01,2023-04-01,1006.98,12,6,1,Ongoing
PRJ_1726,Roads Infrastructure Development at Jharkhand Section Pkg-8,Ministry of Road Transport & Highways,Roads & Highways,MoRTH,Jharkhand,23.5317,85.7635,2019-03-01,7475.58,7946.54,2022-03-31,2022-07-30,5164.74,22,13,2,Delayed
PRJ_1727,Railways Infrastructure Development at Uttar Pradesh Section Pkg-9,Ministry of Railways,Railways,RVNL,Uttar Pradesh,26.372,80.4985,2022-04-01,1168.23,1385.52,2023-09-30,2025-05-30,1288.52,7,6,1,Delayed
PRJ_1728,Power Infrastructure Development at Haryana Section Pkg-1,Ministry of Power,Power Transmission & Generation,NHPC,Haryana,28.5215,75.9025,2019-03-01,713.68,947.77,2023-06-30,2026-02-28,234.48,19,4,3,Stalled
PRJ_1729,Roads Infrastructure Development at Jammu & Kashmir Section Pkg-2,Ministry of Road Transport & Highways,Roads & Highways,MoRTH,Jammu & Kashmir,33.8475,76.8065,2023-10-01,845.18,1064.93,2027-05-01,2029-01-29,409.09,12,4,7,Delayed
PRJ_1730,Roads Infrastructure Development at Maharashtra Section Pkg-3,Ministry of Road Transport & Highways,Roads & Highways,MoRTH,Maharashtra,20.1033,75.4759,2019-08-01,823.89,1230.89,2021-01-29,2022-03-31,107.46,24,2,8,Delayed
PRJ_1731,Power Infrastructure Development at Madhya Pradesh Section Pkg-4,Ministry of Power,Power Transmission & Generation,NHPC,Madhya Pradesh,23.5101,79.2526,2021-08-01,553.55,646.55,2025-11-30,2027-03-01,292.86,22,9,2,Delayed
PRJ_1732,Petroleum Infrastructure Development at Kerala Section Pkg-5,Ministry of Petroleum & Natural Gas,Petroleum & Natural Gas,NRL,Kerala,10.906,76.0418,2022-10-01,501.17,501.67,2026-01-30,2026-10-30,486.41,12,11,2,Delayed
PRJ_1733,Railways Infrastructure Development at Tamil Nadu Section Pkg-6,Ministry of Railways,Railways,Central Railway,Tamil Nadu,10.7746,79.2328,2023-01-01,669.86,894.26,2026-11-01,2028-01-31,739.61,24,20,4,Delayed
PRJ_1734,Airports Infrastructure Development at Assam Section Pkg-7,Ministry of Civil Aviation,Airports & Aviation,AAI,Assam,26.6547,92.8354,2020-09-01,858.76,953.22,2025-04-02,2025-09-01,677.26,22,15,0,Delayed
PRJ_1735,Urban Infrastructure Development at Gujarat Section Pkg-8,Ministry of Housing & Urban Affairs,Urban Infrastructure & Metro,MMRDA,Gujarat,21.7236,70.6831,2018-12-01,387.25,475.16,2023-08-01,2027-05-01,225.81,16,7,3,Delayed
PRJ_1736,Roads Infrastructure Development at Odisha Section Pkg-9,Ministry of Road Transport & Highways,Roads & Highways,NHAI,Odisha,20.9239,85.4451,2016-11-01,914.75,881.82,2020-10-01,2020-12-31,876.75,24,22,0,Ongoing
PRJ_1737,Roads Infrastructure Development at Telangana Section Pkg-1,Ministry of Road Transport & Highways,Roads & Highways,NHAI,Telangana,17.5737,79.3537,2018-08-01,613.72,734.62,2022-07-01,2025-03-31,495.57,10,6,1,Delayed
PRJ_1738,Roads Infrastructure Development at Madhya Pradesh Section Pkg-2,Ministry of Road Transport & Highways,Roads & Highways,NHIDCL,Madhya Pradesh,23.4419,78.7384,2023-04-01,150.0,161.4,2027-03-01,2027-05-31,104.7,23,14,1,Ongoing
PRJ_1739,Urban Infrastructure Development at Delhi Section Pkg-3,Ministry of Housing & Urban Affairs,Urban Infrastructure & Metro,DMRC,Delhi,28.7861,77.2561,2020-08-01,612.6,593.0,2023-06-01,2023-08-31,387.59,10,6,0,Ongoing
PRJ_1740,Roads Infrastructure Development at Rajasthan Section Pkg-4,Ministry of Road Transport & Highways,Roads & Highways,NHAI,Rajasthan,26.6691,74.4866,2022-08-01,389.91,416.81,2024-08-30,2025-04-30,373.8,8,7,1,Delayed
PRJ_1741,Coal Infrastructure Development at Maharashtra Section Pkg-5,Ministry of Coal,Coal Mining,MCL,Maharashtra,19.1626,76.0525,2021-07-01,232.16,260.95,2023-06-01,2024-01-30,158.92,21,12,9,Delayed
PRJ_1742,Roads Infrastructure Development at Himachal Pradesh Section Pkg-6,Ministry of Road Transport & Highways,Roads & Highways,NHAI,Himachal Pradesh,30.7834,76.6121,2023-02-01,1816.15,1912.41,2025-06-02,2026-01-31,1540.16,16,12,1,Delayed
PRJ_1743,Railways Infrastructure Development at Madhya Pradesh Section Pkg-7,Ministry of Railways,Railways,RVNL,Madhya Pradesh,22.5681,78.6185,2017-06-01,478.91,538.77,2019-10-01,2019-10-31,351.54,20,13,1,Delayed
PRJ_1744,Railways Infrastructure Development at Gujarat Section Pkg-8,Ministry of Railways,Railways,Central Railway,Gujarat,22.1854,70.6221,2016-02-01,1143.26,1462.23,2021-01-31,2022-03-02,1052.26,14,9,4,Delayed
PRJ_1745,Petroleum Infrastructure Development at Andhra Pradesh Section Pkg-9,Ministry of Petroleum & Natural Gas,Petroleum & Natural Gas,IOCL,Andhra Pradesh,16.2987,79.8239,2020-12-01,399.9,459.09,2024-04-01,2024-07-31,382.93,7,5,1,Delayed
PRJ_1746,Petroleum Infrastructure Development at Assam Section Pkg-1,Ministry of Petroleum & Natural Gas,Petroleum & Natural Gas,ONGC,Assam,26.7244,93.1078,2016-12-01,1002.96,1192.52,2020-08-31,2021-07-01,762.57,12,7,1,Delayed
PRJ_1747,Railways Infrastructure Development at Maharashtra Section Pkg-2,Ministry of Railways,Railways,Central Railway,Maharashtra,19.7661,75.4057,2019-05-01,436.82,470.89,2022-05-31,2023-03-31,422.4,17,15,2,Delayed
PRJ_1748,Roads Infrastructure Development at Nagaland Section Pkg-3,Ministry of Road Transport & Highways,Roads & Highways,MoRTH,Nagaland,26.7527,94.9312,2018-02-01,424.02,602.11,2021-05-03,2021-12-02,227.93,20,7,4,Delayed
PRJ_1749,Roads Infrastructure Development at Andhra Pradesh Section Pkg-4,Ministry of Road Transport & Highways,Roads & Highways,NHAI,Andhra Pradesh,16.479,79.7065,2017-02-01,264.4,321.77,2020-10-02,2022-12-02,248.63,18,13,3,Delayed
PRJ_1750,Railways Infrastructure Development at Chhattisgarh Section Pkg-5,Ministry of Railways,Railways,Central Railway,Chhattisgarh,21.0206,82.1947,2022-01-01,2751.74,2911.34,2023-12-02,2024-01-31,2311.26,15,12,2,Ongoing
PRJ_1751,Roads Infrastructure Development at Chhattisgarh Section Pkg-6,Ministry of Road Transport & Highways,Roads & Highways,NHIDCL,Chhattisgarh,21.6426,81.7901,2017-10-01,253.51,269.99,2019-06-01,2019-07-31,166.08,13,8,0,Ongoing
PRJ_1752,Railways Infrastructure Development at Bihar Section Pkg-7,Ministry of Railways,Railways,Dedicated Freight Corridor Corp,Bihar,,85.7538,2021-04-01,284.28,388.04,2022-09-30,2024-01-30,357.71,7,6,1,Delayed
PRJ_1753,Coal Infrastructure Development at Madhya Pradesh Section Pkg-8,Ministry of Coal,Coal Mining,WCL,Madhya Pradesh,22.607,78.3805,2016-07-01,150.0,163.2,2018-05-01,2018-12-30,60.3,17,6,2,Delayed
PRJ_1754,Coal Infrastructure Development at Arunachal Pradesh Section Pkg-9,Ministry of Coal,Coal Mining,MCL,Arunachal Pradesh,27.8482,,2016-12-01,1412.98,1458.2,2019-12-01,2020-07-31,1238.49,11,9,2,Delayed
PRJ_1755,Petroleum Infrastructure Development at Chhattisgarh Section Pkg-1,Ministry of Petroleum & Natural Gas,Petroleum & Natural Gas,GAIL,Chhattisgarh,21.5353,81.8832,2021-07-01,473.52,474.94,2026-03-01,2026-04-30,172.76,21,7,2,Ongoing
PRJ_1756,Roads Infrastructure Development at Andhra Pradesh Section Pkg-2,Ministry of Road Transport & Highways,Roads & Highways,NHIDCL,Andhra Pradesh,15.4089,80.1014,2016-03-01,155.74,157.92,2018-05-31,2018-07-30,157.92,24,23,2,Ongoing
PRJ_1757,Railways Infrastructure Development at Andhra Pradesh Section Pkg-3,Ministry of Railways,Railways,Central Railway,Andhra Pradesh,16.1583,80.0105,2017-11-01,725.53,742.22,2021-01-31,2021-06-01,686.87,7,6,1,Delayed
PRJ_1758,Telecommunications Infrastructure Development at Karnataka Section Pkg-4,Department of Telecommunications,Telecommunications,BSNL,Karnataka,,75.3411,2020-10-01,2046.47,2328.88,2024-08-01,2024-10-31,740.72,21,6,0,Delayed
PRJ_1759,Roads Infrastructure Development at Punjab Section Pkg-5,Ministry of Road Transport & Highways,Roads & Highways,NHAI,Punjab,31.1136,74.7831,2022-02-01,150.0,171.0,2024-05-02,2025-09-01,61.87,9,3,2,Delayed
PRJ_1760,Railways Infrastructure Development at Mizoram Section Pkg-6,Ministry of Railways,Railways,Central Railway,Mizoram,22.9224,92.7189,2019-10-01,150.0,148.2,2023-08-01,2023-09-30,133.53,18,17,0,Ongoing
PRJ_1761,Roads Infrastructure Development at Madhya Pradesh Section Pkg-7,Ministry of Road Transport & Highways,Roads & Highways,MoRTH,Madhya Pradesh,,79.0801,2023-06-01,150.0,146.25,2025-09-30,2026-01-29,81.5,20,11,2,Delayed
PRJ_1762,Roads Infrastructure Development at Uttar Pradesh Section Pkg-8,Ministry of Road Transport & Highways,Roads & Highways,NHIDCL,Uttar Pradesh,26.6481,81.1824,2016-10-01,993.75,947.04,2019-10-01,2020-06-30,883.41,15,13,0,Delayed
PRJ_1763,Roads Infrastructure Development at Assam Section Pkg-9,Ministry of Road Transport & Highways,Roads & Highways,NHAI,Assam,25.875,93.2742,2017-04-01,2162.72,2995.37,2020-03-01,2023-03-01,1060.63,6,1,4,Delayed
PRJ_1764,Power Infrastructure Development at Chhattisgarh Section Pkg-1,Ministry of Power,Power Transmission & Generation,PGCIL,Chhattisgarh,21.1451,81.3167,2021-06-01,150.0,193.95,2024-08-31,2027-08-01,102.29,9,4,4,Delayed
PRJ_1765,Roads Infrastructure Development at Sikkim Section Pkg-2,Ministry of Road Transport & Highways,Roads & Highways,NHIDCL,Sikkim,27.5784,87.9838,2017-01-01,590.76,602.58,2019-10-02,2021-04-01,555.6,23,19,2,Delayed
PRJ_1766,Roads Infrastructure Development at Bihar Section Pkg-3,Ministry of Road Transport & Highways,Roads & Highways,MoRTH,Bihar,25.3681,85.1453,2016-01-01,306.39,293.83,2020-03-01,2020-08-30,53.35,17,3,0,Delayed
PRJ_1767,Railways Infrastructure Development at Andhra Pradesh Section Pkg-4,Ministry of Railways,Railways,Central Railway,Andhra Pradesh,15.4458,79.1576,2022-11-01,519.69,692.23,2024-12-31,2025-12-31,559.86,9,7,1,Delayed
PRJ_1768,Coal Infrastructure Development at Nagaland Section Pkg-5,Ministry of Coal,Coal Mining,SECL,Nagaland,26.7442,94.2437,2018-12-01,310.5,312.36,2022-12-31,2023-04-01,191.74,23,13,0,Ongoing
PRJ_1769,Roads Infrastructure Development at West Bengal Section Pkg-6,Ministry of Road Transport & Highways,Roads & Highways,NHAI,West Bengal,,88.0881,2018-10-01,181.9,205.73,2020-09-30,2020-09-30,120.35,8,4,2,Delayed
PRJ_1770,Roads Infrastructure Development at Kerala Section Pkg-7,Ministry of Road Transport & Highways,Roads & Highways,NHIDCL,Kerala,10.4474,76.4762,2020-08-01,368.41,392.36,2022-12-31,2023-03-01,246.41,14,9,1,Ongoing
PRJ_1771,Roads Infrastructure Development at Haryana Section Pkg-8,Ministry of Road Transport & Highways,Roads & Highways,NHIDCL,Haryana,29.6515,76.5165,2016-08-01,369.03,426.6,2020-12-31,2022-08-31,315.87,18,13,2,Delayed
PRJ_1772,Power Infrastructure Development at Chhattisgarh Section Pkg-9,Ministry of Power,Power Transmission & Generation,SJVN,Chhattisgarh,21.1003,81.3149,2018-06-01,478.92,540.7,2023-06-01,2025-10-30,73.76,13,1,12,Stalled
PRJ_1773,Roads Infrastructure Development at Gujarat Section Pkg-1,Ministry of Road Transport & Highways,Roads & Highways,MoRTH,Gujarat,22.7854,70.6732,2017-02-01,1448.69,1836.94,2022-02-01,2023-10-02,1062.5,24,13,5,Delayed
PRJ_1774,Roads Infrastructure Development at Rajasthan Section Pkg-2,Ministry of Road Transport & Highways,Roads & Highways,NHAI,Rajasthan,27.0213,74.5644,2022-01-01,627.1,833.42,2024-12-31,2026-12-31,702.0,24,20,3,Delayed
PRJ_1775,Railways Infrastructure Development at Madhya Pradesh Section Pkg-3,Ministry of Railways,Railways,Central Railway,Madhya Pradesh,22.5378,78.4182,2019-01-01,6597.55,6656.93,2021-12-01,2022-01-30,4564.85,21,14,1,Ongoing
PRJ_1776,Roads Infrastructure Development at West Bengal Section Pkg-4,Ministry of Road Transport & Highways,Roads & Highways,NHIDCL,West Bengal,23.0004,,2017-10-01,788.1,812.53,2019-04-01,2019-07-31,757.78,10,9,0,Delayed
PRJ_1777,Industrial Infrastructure Development at Uttar Pradesh Section Pkg-5,Department for Promotion of Industry & Internal Trade,Industrial Parks & SEZ,MIDC,Uttar Pradesh,27.2947,80.8634,2019-10-01,599.93,606.53,2023-07-01,2023-07-31,593.84,12,11,2,Ongoing
PRJ_1778,Coal Infrastructure Development at Maharashtra Section Pkg-6,Ministry of Coal,Coal Mining,SECL,Maharashtra,19.3093,75.6467,2016-04-01,324.9,325.55,2021-03-01,2021-04-30,64.12,23,4,1,Ongoing
PRJ_1779,Railways Infrastructure Development at Gujarat Section Pkg-7,Ministry of Railways,Railways,IRCON,Gujarat,22.3274,71.2367,2017-03-01,1194.01,1373.11,2019-03-31,2019-03-31,1108.15,12,9,0,Delayed
PRJ_1780,Roads Infrastructure Development at Uttar Pradesh Section Pkg-8,Ministry of Road Transport & Highways,Roads & Highways,NHAI,Uttar Pradesh,26.4304,80.7614,2018-02-01,666.91,739.6,2022-09-02,2022-11-01,635.25,10,8,1,Delayed
PRJ_1781,Roads Infrastructure Development at Chhattisgarh Section Pkg-9,Ministry of Road Transport & Highways,Roads & Highways,NHIDCL,Chhattisgarh,,82.302,2017-08-01,150.0,218.55,2020-05-01,2020-11-30,101.09,11,5,2,Delayed
PRJ_1782,Roads Infrastructure Development at Chhattisgarh Section Pkg-1,Ministry of Road Transport & Highways,Roads & Highways,MoRTH,Chhattisgarh,21.6634,,2020-04-01,328.61,340.77,2024-03-01,2024-08-30,48.12,21,3,0,Delayed
PRJ_1783,Railways Infrastructure Development at Uttar Pradesh Section Pkg-2,Ministry of Railways,Railways,Central Railway,Uttar Pradesh,27.2689,81.4634,2017-04-01,1370.45,1833.66,2021-07-31,2022-09-30,1180.53,19,12,4,Delayed
PRJ_1784,Roads Infrastructure Development at Himachal Pradesh Section Pkg-3,Ministry of Road Transport & Highways,Roads & Highways,MoRTH,Himachal Pradesh,31.379,77.3697,2021-03-01,550.16,692.1,2025-03-31,2027-03-01,290.64,6,2,4,Delayed
PRJ_1785,Roads Infrastructure Development at Mizoram Section Pkg-4,Ministry of Road Transport & Highways,Roads & Highways,MoRTH,Mizoram,23.2314,93.149,2023-07-01,349.23,398.12,2025-10-30,2026-12-30,143.69,16,5,1,Delayed
PRJ_1786,Roads Infrastructure Development at Uttar Pradesh Section Pkg-5,Ministry of Road Transport & Highways,Roads & Highways,NHIDCL,Uttar Pradesh,,80.3646,2022-07-01,278.43,371.43,2026-03-31,2028-04-29,156.96,18,7,5,Delayed
PRJ_1787,Railways Infrastructure Development at Rajasthan Section Pkg-6,Ministry of Railways,Railways,IRCON,Rajasthan,27.0074,,2022-02-01,1950.0,2691.0,2023-10-02,2025-05-02,2316.45,12,9,2,Delayed
PRJ_1788,Roads Infrastructure Development at Telangana Section Pkg-7,Ministry of Road Transport & Highways,Roads & Highways,MoRTH,Telangana,18.0173,79.5591,2017-01-01,1167.51,1445.38,2020-08-01,2021-10-01,480.68,7,2,2,Delayed
PRJ_1789,Roads Infrastructure Development at Arunachal Pradesh Section Pkg-8,Ministry of Road Transport & Highways,Roads & Highways,MoRTH,Arunachal Pradesh,28.5691,94.5697,2022-08-01,150.0,157.95,2027-08-01,2027-08-31,140.53,15,12,0,Ongoing
PRJ_1790,Roads Infrastructure Development at Odisha Section Pkg-9,Ministry of Road Transport & Highways,Roads & Highways,NHAI,Odisha,21.4243,85.4945,2021-10-01,186.49,183.88,2026-03-02,2026-03-02,50.87,23,6,0,Ongoing
PRJ_1791,Roads Infrastructure Development at Rajasthan Section Pkg-1,Ministry of Road Transport & Highways,Roads & Highways,NHIDCL,Rajasthan,,74.321,2019-05-01,1823.8,1876.69,2022-12-30,2023-05-31,348.41,13,2,2,Delayed
PRJ_1792,Power Infrastructure Development at Madhya Pradesh Section Pkg-2,Ministry of Power,Power Transmission & Generation,SJVN,Madhya Pradesh,22.8194,,2017-10-01,449.27,473.08,2022-10-01,2022-10-31,105.07,15,3,0,Ongoing
PRJ_1793,Roads Infrastructure Development at Maharashtra Section Pkg-3,Ministry of Road Transport & Highways,Roads & Highways,NHAI,Maharashtra,20.0131,76.1977,2023-01-01,524.98,528.13,2026-12-01,2027-01-30,138.25,23,5,0,Ongoing
PRJ_1794,Coal Infrastructure Development at Assam Section Pkg-4,Ministry of Coal,Coal Mining,SECL,Assam,26.7443,93.1708,2019-05-01,208.09,260.74,2021-08-30,2022-09-29,208.37,21,16,2,Delayed
PRJ_1795,Roads Infrastructure Development at Himachal Pradesh Section Pkg-5,Ministry of Road Transport & Highways,Roads & Highways,NHIDCL,Himachal Pradesh,30.9013,77.7722,2020-05-01,280.87,338.17,2024-06-30,2026-01-29,254.82,17,12,4,Delayed
PRJ_1796,Roads Infrastructure Development at Assam Section Pkg-6,Ministry of Road Transport & Highways,Roads & Highways,MoRTH,Assam,26.3328,92.5075,2016-02-01,450.11,467.21,2019-04-02,2019-08-01,429.68,17,14,0,Delayed
PRJ_1797,Water Infrastructure Development at Andhra Pradesh Section Pkg-7,"Department of Water Resources, River Development & GR",Water & Sanitation,National Mission for Clean Ganga,Andhra Pradesh,15.7522,79.1505,2019-08-01,917.84,969.24,2021-03-31,2021-10-30,907.54,23,21,0,Delayed
PRJ_1798,Roads Infrastructure Development at Madhya Pradesh Section Pkg-8,Ministry of Road Transport & Highways,Roads & Highways,NHAI,Madhya Pradesh,22.5592,78.107,2023-04-01,1665.83,2133.93,2027-07-31,2028-05-30,1851.23,13,10,3,Delayed
PRJ_1799,Roads Infrastructure Development at Haryana Section Pkg-9,Ministry of Road Transport & Highways,Roads & Highways,NHAI,Haryana,29.1632,,2021-08-01,1584.16,1918.42,2024-08-31,2026-10-31,1145.56,23,13,4,Delayed
PRJ_1800,Roads Infrastructure Development at Punjab Section Pkg-1,Ministry of Road Transport & Highways,Roads & Highways,NHIDCL,Punjab,31.0518,75.351,2023-07-01,3213.88,3445.28,2026-08-30,2026-12-29,1950.69,15,8,2,Delayed
PRJ_1801,Roads Infrastructure Development at Chhattisgarh Section Pkg-2,Ministry of Road Transport & Highways,Roads & Highways,NHIDCL,Chhattisgarh,21.0316,81.9422,2016-01-01,748.87,767.59,2019-04-02,2019-06-01,228.81,13,3,2,Ongoing
PRJ_1802,Railways Infrastructure Development at Madhya Pradesh Section Pkg-3,Ministry of Railways,Railways,Dedicated Freight Corridor Corp,Madhya Pradesh,23.4432,78.7412,2019-05-01,1368.33,1628.31,2021-03-31,2023-01-29,543.71,17,5,9,Delayed
PRJ_1803,Roads Infrastructure Development at Bihar Section Pkg-4,Ministry of Road Transport & Highways,Roads & Highways,MoRTH,Bihar,24.6792,85.6928,2022-09-01,7608.92,7228.47,2026-04-01,2027-01-30,7004.27,20,18,1,Delayed
PRJ_1804,Roads Infrastructure Development at Maharashtra Section Pkg-5,Ministry of Road Transport & Highways,Roads & Highways,NHIDCL,Maharashtra,19.8394,75.941,2018-01-01,727.46,761.65,2020-09-01,2020-10-31,436.99,18,10,0,Ongoing
PRJ_1805,Petroleum Infrastructure Development at Uttar Pradesh Section Pkg-6,Ministry of Petroleum & Natural Gas,Petroleum & Natural Gas,NRL,Uttar Pradesh,26.3192,81.378,2023-10-01,2941.96,3315.59,2027-05-01,2027-08-30,2932.97,24,22,0,Delayed
PRJ_1806,Roads Infrastructure Development at Gujarat Section Pkg-7,Ministry of Road Transport & Highways,Roads & Highways,NHAI,Gujarat,22.4876,70.6461,2019-10-01,150.0,159.45,2023-04-01,2023-05-01,144.98,6,5,1,Ongoing
PRJ_1807,Railways Infrastructure Development at Uttar Pradesh Section Pkg-8,Ministry of Railways,Railways,IRCON,Uttar Pradesh,26.9995,80.3811,2023-02-01,150.0,197.55,2024-11-01,2027-01-31,166.14,15,12,3,Delayed
PRJ_1808,Roads Infrastructure Development at Odisha Section Pkg-9,Ministry of Road Transport & Highways,Roads & Highways,MoRTH,Odisha,21.169,85.1924,2017-06-01,894.12,907.53,2021-01-30,2021-05-01,505.92,10,5,0,Ongoing
PRJ_1809,Petroleum Infrastructure Development at Jharkhand Section Pkg-1,Ministry of Petroleum & Natural Gas,Petroleum & Natural Gas,IOCL,Jharkhand,23.2051,,2019-02-01,321.91,378.89,2020-10-01,2023-10-01,303.15,10,7,3,Delayed
PRJ_1810,Roads Infrastructure Development at Tripura Section Pkg-2,Ministry of Road Transport & Highways,Roads & Highways,NHIDCL,Tripura,23.9905,91.9502,2021-05-01,398.54,458.72,2026-03-31,2028-07-30,288.91,19,11,5,Delayed
PRJ_1811,Roads Infrastructure Development at Tamil Nadu Section Pkg-3,Ministry of Road Transport & Highways,Roads & Highways,MoRTH,Tamil Nadu,11.5383,78.0868,2023-06-01,705.94,738.41,2027-03-01,2027-03-01,701.79,23,22,2,Ongoing
PRJ_1812,Industrial Infrastructure Development at Maharashtra Section Pkg-4,Department for Promotion of Industry & Internal Trade,Industrial Parks & SEZ,NICDC,Maharashtra,19.9017,75.4155,2022-04-01,150.0,142.5,2025-12-30,2025-12-30,135.06,7,6,2,Ongoing
PRJ_1813,Roads Infrastructure Development at Odisha Section Pkg-5,Ministry of Road Transport & Highways,Roads & Highways,MoRTH,Odisha,21.4889,84.9961,2019-10-01,1355.11,1287.35,2021-07-01,2022-03-01,885.67,22,14,1,Delayed
PRJ_1814,Roads Infrastructure Development at Uttar Pradesh Section Pkg-6,Ministry of Road Transport & Highways,Roads & Highways,NHAI,Uttar Pradesh,26.4321,81.2639,2023-07-01,1891.22,1957.41,2025-11-29,2026-03-30,1927.58,6,5,2,Delayed
PRJ_1815,Railways Infrastructure Development at Assam Section Pkg-7,Ministry of Railways,Railways,IRCON,Assam,26.4229,93.2821,2020-01-01,344.36,337.13,2022-05-02,2022-07-01,182.28,23,12,2,Ongoing
PRJ_1816,Railways Infrastructure Development at Uttarakhand Section Pkg-8,Ministry of Railways,Railways,IRCON,Uttarakhand,30.3645,78.6266,2019-08-01,683.87,932.8,2021-07-01,2023-09-30,882.57,20,17,3,Delayed
PRJ_1817,Railways Infrastructure Development at Himachal Pradesh Section Pkg-9,Ministry of Railways,Railways,RVNL,Himachal Pradesh,31.2564,76.808,2018-11-01,1028.14,1107.31,2022-11-01,2022-11-01,1019.46,24,20,0,Ongoing
PRJ_1818,Industrial Infrastructure Development at Meghalaya Section Pkg-1,Department for Promotion of Industry & Internal Trade,Industrial Parks & SEZ,GIDC,Meghalaya,25.5171,91.875,2017-10-01,1098.47,1245.66,2019-04-01,2020-03-31,1193.36,7,6,1,Delayed
PRJ_1819,Roads Infrastructure Development at Manipur Section Pkg-2,Ministry of Road Transport & Highways,Roads & Highways,NHIDCL,Manipur,,93.9857,2021-12-01,793.88,989.17,2026-07-02,2028-06-01,117.62,17,2,14,Stalled
PRJ_1820,Roads Infrastructure Development at Odisha Section Pkg-3,Ministry of Road Transport & Highways,Roads & Highways,MoRTH,Odisha,21.0767,84.5089,2017-05-01,645.5,672.61,2020-02-29,2020-04-29,236.54,12,4,2,Ongoing
PRJ_1821,Petroleum Infrastructure Development at Gujarat Section Pkg-4,Ministry of Petroleum & Natural Gas,Petroleum & Natural Gas,HPCL,Gujarat,22.1512,71.358,2017-02-01,934.93,1216.34,2019-11-02,2022-08-02,1044.43,19,15,2,Delayed
PRJ_1822,Roads Infrastructure Development at West Bengal Section Pkg-5,Ministry of Road Transport & Highways,Roads & Highways,MoRTH,West Bengal,23.4952,87.8076,2019-04-01,565.0,917.0,2020-10-30,2022-10-30,73.49,8,0,8,Stalled
PRJ_1823,Roads Infrastructure Development at Odisha Section Pkg-6,Ministry of Road Transport & Highways,Roads & Highways,NHAI,Odisha,20.5235,84.8814,2016-10-01,987.85,1075.77,2018-07-02,2018-12-31,1075.77,15,14,1,Delayed
PRJ_1824,Roads Infrastructure Development at Gujarat Section Pkg-7,Ministry of Road Transport & Highways,Roads & Highways,NHIDCL,Gujarat,21.7799,71.3241,2022-07-01,497.27,559.43,2024-04-30,2024-06-29,551.93,15,13,2,Delayed
PRJ_1825,Roads Infrastructure Development at West Bengal Section Pkg-8,Ministry of Road Transport & Highways,Roads & Highways,NHAI,West Bengal,23.3031,87.2619,2016-04-01,289.89,305.25,2019-10-31,2019-10-31,194.46,22,13,2,Ongoing
PRJ_1826,Roads Infrastructure Development at Uttar Pradesh Section Pkg-9,Ministry of Road Transport & Highways,Roads & Highways,MoRTH,Uttar Pradesh,26.5373,81.1167,2016-06-01,876.71,1044.16,2019-05-02,2019-10-01,860.39,6,4,1,Delayed
PRJ_1827,Roads Infrastructure Development at Andhra Pradesh Section Pkg-1,Ministry of Road Transport & Highways,Roads & Highways,NHAI,Andhra Pradesh,16.1831,79.6956,2020-08-01,662.18,691.98,2022-07-02,2023-04-01,298.58,8,3,1,Delayed
PRJ_1828,Roads Infrastructure Development at Telangana Section Pkg-2,Ministry of Road Transport & Highways,Roads & Highways,MoRTH,Telangana,17.9782,79.1294,2019-04-01,498.25,640.25,2022-03-31,2024-03-30,448.53,10,7,3,Delayed
PRJ_1829,Roads Infrastructure Development at Uttar Pradesh Section Pkg-3,Ministry of Road Transport & Highways,Roads & Highways,NHIDCL,Uttar Pradesh,26.9855,81.0666,2018-04-01,2140.88,2143.02,2022-10-31,2023-03-01,1857.83,12,10,0,Delayed
PRJ_1830,Healthcare Infrastructure Development at Rajasthan Section Pkg-4,Ministry of Health & Family Welfare,Healthcare Infrastructure,CPWD,Rajasthan,27.5838,74.0096,2021-06-01,566.85,633.17,2023-08-31,2023-11-30,497.0,10,8,0,Delayed
PRJ_1831,Railways Infrastructure Development at Madhya Pradesh Section Pkg-5,Ministry of Railways,Railways,Central Railway,Madhya Pradesh,,78.336,2016-10-01,390.43,536.06,2020-12-31,2022-05-02,84.91,16,2,6,Delayed
PRJ_1832,Roads Infrastructure Development at Maharashtra Section Pkg-6,Ministry of Road Transport & Highways,Roads & Highways,MoRTH,Maharashtra,19.1822,75.5426,2023-06-01,150.0,199.8,2027-01-30,2029-01-29,45.06,17,3,7,Stalled
PRJ_1833,Roads Infrastructure Development at Maharashtra Section Pkg-7,Ministry of Road Transport & Highways,Roads & Highways,NHAI,Maharashtra,19.5007,76.076,2018-09-01,1251.03,1197.24,2023-06-01,2023-06-01,782.17,6,3,1,Ongoing
PRJ_1834,Roads Infrastructure Development at Delhi Section Pkg-8,Ministry of Road Transport & Highways,Roads & Highways,MoRTH,Delhi,28.6053,77.5696,2020-07-01,851.42,996.16,2025-03-31,2025-05-30,363.69,22,8,2,Delayed
PRJ_1835,Water Infrastructure Development at Tamil Nadu Section Pkg-9,"Department of Water Resources, River Development & GR",Water & Sanitation,CPWD,Tamil Nadu,10.7521,78.6068,2022-02-01,1347.77,1412.46,2025-09-01,2025-10-31,600.65,19,8,1,Ongoing
PRJ_1836,Roads Infrastructure Development at Kerala Section Pkg-1,Ministry of Road Transport & Highways,Roads & Highways,MoRTH,Kerala,10.6128,76.2083,2021-07-01,451.39,438.3,2023-04-01,2023-10-31,289.48,17,10,2,Delayed
PRJ_1837,Petroleum Infrastructure Development at Telangana Section Pkg-2,Ministry of Petroleum & Natural Gas,Petroleum & Natural Gas,GAIL,Telangana,18.5764,,2018-10-01,355.64,372.0,2023-05-02,2025-08-31,56.96,17,2,5,Stalled
PRJ_1838,Roads Infrastructure Development at Maharashtra Section Pkg-3,Ministry of Road Transport & Highways,Roads & Highways,NHAI,Maharashtra,19.4106,75.7331,2019-01-01,449.09,563.61,2021-06-01,2023-06-01,111.89,17,3,12,Stalled
PRJ_1839,Coal Infrastructure Development at Maharashtra Section Pkg-4,Ministry of Coal,Coal Mining,Coal India Ltd (CIL),Maharashtra,19.2103,75.9764,2019-06-01,1193.66,1197.24,2023-07-01,2023-07-31,1153.8,10,9,1,Ongoing
PRJ_1840,Roads Infrastructure Development at Tamil Nadu Section Pkg-5,Ministry of Road Transport & Highways,Roads & Highways,MoRTH,Tamil Nadu,11.7251,,2017-06-01,376.62,431.61,2021-11-30,2022-03-31,375.37,24,21,2,Delayed
PRJ_1841,Educational Infrastructure Development at Andhra Pradesh Section Pkg-6,Department of Higher Education,Educational Infrastructure,CPWD,Andhra Pradesh,15.8101,,2022-09-01,636.82,796.03,2026-08-01,2028-05-01,621.23,22,17,1,Delayed
PRJ_1842,Roads Infrastructure Development at Karnataka Section Pkg-7,Ministry of Road Transport & Highways,Roads & Highways,NHIDCL,Karnataka,15.1902,75.3012,2018-09-01,1847.18,2209.23,2023-01-31,2024-11-30,276.59,11,1,10,Stalled
PRJ_1843,Roads Infrastructure Development at Karnataka Section Pkg-8,Ministry of Road Transport & Highways,Roads & Highways,NHIDCL,Karnataka,15.8816,75.4666,2017-07-01,625.84,620.83,2021-05-31,2021-10-30,96.98,17,2,1,Delayed
PRJ_1844,Roads Infrastructure Development at Bihar Section Pkg-9,Ministry of Road Transport & Highways,Roads & Highways,MoRTH,Bihar,25.4452,85.7622,2019-01-01,3946.21,4025.13,2023-01-31,2023-12-01,1908.9,18,8,5,Delayed
PRJ_1845,Power Infrastructure Development at Haryana Section Pkg-1,Ministry of Power,Power Transmission & Generation,PGCIL,Haryana,29.5029,75.8677,2021-06-01,1274.39,1285.86,2025-09-30,2026-03-01,513.59,11,4,0,Delayed
PRJ_1846,Roads Infrastructure Development at Telangana Section Pkg-2,Ministry of Road Transport & Highways,Roads & Highways,NHAI,Telangana,17.9624,78.9949,2019-09-01,358.86,447.86,2022-10-31,2024-06-30,333.12,22,15,4,Delayed
PRJ_1847,Roads Infrastructure Development at Assam Section Pkg-3,Ministry of Road Transport & Highways,Roads & Highways,NHAI,Assam,,93.1734,2020-07-01,305.31,301.95,2025-07-01,2025-10-30,59.76,13,2,0,Delayed
PRJ_1848,Roads Infrastructure Development at Andhra Pradesh Section Pkg-4,Ministry of Road Transport & Highways,Roads & Highways,MoRTH,Andhra Pradesh,16.4154,79.6493,2019-04-01,335.97,376.29,2021-03-31,2021-03-31,320.75,22,17,2,Delayed
PRJ_1849,Roads Infrastructure Development at Madhya Pradesh Section Pkg-5,Ministry of Road Transport & Highways,Roads & Highways,NHAI,Madhya Pradesh,22.5224,78.2912,2018-07-01,1496.54,1701.57,2022-03-01,2023-09-30,1477.48,18,14,3,Delayed
PRJ_1850,Railways Infrastructure Development at West Bengal Section Pkg-6,Ministry of Railways,Railways,RVNL,West Bengal,22.3994,87.7023,2018-11-01,391.24,566.91,2023-01-31,2024-03-01,102.31,9,1,8,Delayed
PRJ_1851,Railways Infrastructure Development at Andhra Pradesh Section Pkg-7,Ministry of Railways,Railways,RVNL,Andhra Pradesh,15.8172,79.6578,2019-02-01,754.99,767.07,2021-01-01,2021-05-02,324.68,24,10,0,Delayed
PRJ_1852,Power Infrastructure Development at Jharkhand Section Pkg-8,Ministry of Power,Power Transmission & Generation,THDC,Jharkhand,23.5499,85.0454,2017-02-01,372.76,392.52,2021-04-02,2021-09-01,107.28,8,2,2,Delayed
PRJ_1853,Water Infrastructure Development at Bihar Section Pkg-9,"Department of Water Resources, River Development & GR",Water & Sanitation,CPWD,Bihar,25.0724,84.8551,2020-10-01,150.0,199.65,2022-07-02,2024-03-01,199.65,8,7,1,Delayed
PRJ_1854,Railways Infrastructure Development at Bihar Section Pkg-1,Ministry of Railways,Railways,RVNL,Bihar,24.7695,84.9899,2022-07-01,7832.45,7793.29,2026-05-31,2026-10-30,6880.21,24,22,2,Delayed
PRJ_1855,Roads Infrastructure Development at Uttar Pradesh Section Pkg-2,Ministry of Road Transport & Highways,Roads & Highways,NHAI,Uttar Pradesh,26.7857,80.3688,2022-02-01,150.0,159.15,2024-07-02,2024-08-01,139.74,17,14,2,Ongoing
PRJ_1856,Roads Infrastructure Development at Odisha Section Pkg-3,Ministry of Road Transport & Highways,Roads & Highways,MoRTH,Odisha,21.5405,84.9899,2018-03-01,433.57,546.3,2021-12-30,2025-08-30,306.96,19,10,7,Delayed
PRJ_1857,Airports Infrastructure Development at West Bengal Section Pkg-4,Ministry of Civil Aviation,Airports & Aviation,GMR Infrastructure,West Bengal,23.134,,2023-11-01,559.98,660.78,2027-03-02,2029-10-31,468.65,6,4,1,Delayed
PRJ_1858,Roads Infrastructure Development at Uttar Pradesh Section Pkg-5,Ministry of Road Transport & Highways,Roads & Highways,NHAI,Uttar Pradesh,27.1646,,2021-09-01,215.53,243.33,2025-03-02,2027-01-31,204.32,8,6,2,Delayed
PRJ_1859,Roads Infrastructure Development at Uttarakhand Section Pkg-6,Ministry of Road Transport & Highways,Roads & Highways,NHAI,Uttarakhand,29.9002,79.3603,2018-03-01,475.56,547.85,2021-09-29,2022-12-29,318.55,10,5,4,Delayed
PRJ_1860,Railways Infrastructure Development at Uttar Pradesh Section Pkg-7,Ministry of Railways,Railways,Central Railway,Uttar Pradesh,26.623,80.7386,2018-01-01,521.44,560.55,2022-12-01,2023-01-30,473.39,22,18,2,Ongoing
PRJ_1861,Roads Infrastructure Development at Nagaland Section Pkg-8,Ministry of Road Transport & Highways,Roads & Highways,MoRTH,Nagaland,26.522,95.0162,2022-01-01,3988.11,4522.52,2023-07-02,2023-07-02,3521.36,21,15,0,Delayed
PRJ_1862,Roads Infrastructure Development at Uttar Pradesh Section Pkg-9,Ministry of Road Transport & Highways,Roads & Highways,NHIDCL,Uttar Pradesh,26.7953,81.2038,2019-06-01,2376.3,2293.13,2022-07-31,2023-01-29,810.85,21,7,0,Delayed
PRJ_1863,Roads Infrastructure Development at Punjab Section Pkg-1,Ministry of Road Transport & Highways,Roads & Highways,MoRTH,Punjab,31.0551,74.8151,2020-11-01,456.89,472.42,2023-04-02,2023-07-02,195.14,20,8,1,Ongoing
PRJ_1864,Roads Infrastructure Development at Maharashtra Section Pkg-2,Ministry of Road Transport & Highways,Roads & Highways,NHAI,Maharashtra,19.8642,75.8948,2016-04-01,5737.11,6471.46,2018-12-01,2019-10-01,6191.4,20,18,1,Delayed
PRJ_1865,Roads Infrastructure Development at Assam Section Pkg-3,Ministry of Road Transport & Highways,Roads & Highways,MoRTH,Assam,26.4599,92.8841,2023-05-01,408.38,421.86,2026-10-30,2027-01-29,225.3,7,3,2,Ongoing
PRJ_1866,Roads Infrastructure Development at Bihar Section Pkg-4,Ministry of Road Transport & Highways,Roads & Highways,NHIDCL,Bihar,,,2017-06-01,320.61,329.59,2019-03-02,2019-08-01,298.63,16,14,2,Delayed
PRJ_1867,Roads Infrastructure Development at Odisha Section Pkg-5,Ministry of Road Transport & Highways,Roads & Highways,NHAI,Odisha,21.119,85.2425,2017-03-01,670.33,684.41,2018-11-30,2019-01-29,628.42,8,7,2,Ongoing
PRJ_1868,Roads Infrastructure Development at Chhattisgarh Section Pkg-6,Ministry of Road Transport & Highways,Roads & Highways,NHIDCL,Chhattisgarh,21.6576,81.4286,2021-12-01,915.25,1113.86,2026-10-31,2029-03-31,686.91,15,8,1,Delayed
PRJ_1869,Roads Infrastructure Development at Assam Section Pkg-7,Ministry of Road Transport & Highways,Roads & Highways,NHIDCL,Assam,26.2986,92.4884,2019-08-01,197.54,278.14,2022-03-01,2023-05-01,110.94,8,3,4,Delayed
PRJ_1870,Water Infrastructure Development at Maharashtra Section Pkg-8,"Department of Water Resources, River Development & GR",Water & Sanitation,Water Resources Dept,Maharashtra,19.4557,75.6381,2022-11-01,150.0,160.65,2026-07-02,2026-08-31,127.43,22,17,1,Ongoing
PRJ_1871,Roads Infrastructure Development at Tripura Section Pkg-9,Ministry of Road Transport & Highways,Roads & Highways,NHAI,Tripura,,92.194,2021-12-01,229.02,242.07,2026-10-31,2026-11-30,207.65,17,14,0,Ongoing
PRJ_1872,Roads Infrastructure Development at Telangana Section Pkg-1,Ministry of Road Transport & Highways,Roads & Highways,NHIDCL,Telangana,17.6486,79.04,2023-08-01,564.57,574.73,2025-03-31,2025-12-29,257.85,21,9,1,Delayed
PRJ_1873,Healthcare Infrastructure Development at Chhattisgarh Section Pkg-2,Ministry of Health & Family Welfare,Healthcare Infrastructure,HITES,Chhattisgarh,,82.162,2021-07-01,247.46,283.34,2023-10-31,2023-12-30,167.18,12,7,2,Delayed
PRJ_1874,Roads Infrastructure Development at Jharkhand Section Pkg-3,Ministry of Road Transport & Highways,Roads & Highways,NHAI,Jharkhand,23.2378,,2016-09-01,268.3,302.91,2021-06-01,2021-09-30,255.73,16,13,2,Delayed
PRJ_1875,Roads Infrastructure Development at Bihar Section Pkg-4,Ministry of Road Transport & Highways,Roads & Highways,MoRTH,Bihar,25.3332,,2017-09-01,1124.78,1161.9,2022-09-01,2022-10-31,968.46,6,5,0,Ongoing
PRJ_1876,Petroleum Infrastructure Development at West Bengal Section Pkg-5,Ministry of Petroleum & Natural Gas,Petroleum & Natural Gas,ONGC,West Bengal,22.9343,87.5741,2017-06-01,535.78,556.14,2020-07-01,2020-08-30,323.0,18,9,1,Ongoing
PRJ_1877,Roads Infrastructure Development at Odisha Section Pkg-6,Ministry of Road Transport & Highways,Roads & Highways,NHAI,Odisha,20.4825,84.782,2017-01-01,827.25,945.55,2020-06-01,2022-01-30,863.68,22,19,3,Delayed
PRJ_1878,Healthcare Infrastructure Development at Tamil Nadu Section Pkg-7,Ministry of Health & Family Welfare,Healthcare Infrastructure,HSCC,Tamil Nadu,11.1701,78.1035,2021-07-01,324.14,332.57,2023-03-01,2023-03-31,323.06,13,12,1,Ongoing
PRJ_1879,Coal Infrastructure Development at Gujarat Section Pkg-8,Ministry of Coal,Coal Mining,Coal India Ltd (CIL),Gujarat,21.8374,71.6841,2018-04-01,196.61,218.63,2020-08-30,2020-10-29,153.18,10,6,2,Delayed
PRJ_1880,Railways Infrastructure Development at Uttar Pradesh Section Pkg-9,Ministry of Railways,Railways,IRCON,Uttar Pradesh,27.1038,80.5161,2018-01-01,248.08,326.47,2019-10-02,2020-05-02,291.81,10,8,1,Delayed
PRJ_1881,Roads Infrastructure Development at Bihar Section Pkg-1,Ministry of Road Transport & Highways,Roads & Highways,NHIDCL,Bihar,25.2054,85.4108,2017-01-01,421.94,418.99,2018-08-02,2019-05-02,255.58,17,10,2,Delayed
PRJ_1882,Power Infrastructure Development at Madhya Pradesh Section Pkg-2,Ministry of Power,Power Transmission & Generation,THDC,Madhya Pradesh,23.4515,78.3011,2019-08-01,356.59,478.19,2023-05-01,2024-05-30,178.35,8,3,3,Delayed
PRJ_1883,Roads Infrastructure Development at Andhra Pradesh Section Pkg-3,Ministry of Road Transport & Highways,Roads & Highways,NHIDCL,Andhra Pradesh,15.974,80.1682,2021-02-01,180.42,241.58,2024-08-02,2025-11-01,122.78,7,3,1,Delayed
PRJ_1884,Industrial Infrastructure Development at Punjab Section Pkg-4,Department for Promotion of Industry & Internal Trade,Industrial Parks & SEZ,GIDC,Punjab,31.6091,75.2283,2016-06-01,582.81,737.84,2019-10-31,2022-01-29,107.06,7,1,3,Stalled
PRJ_1885,Urban Infrastructure Development at Kerala Section Pkg-5,Ministry of Housing & Urban Affairs,Urban Infrastructure & Metro,MMRDA,Kerala,10.7581,76.5003,2019-12-01,708.57,679.52,2021-10-31,2021-11-30,630.06,8,7,2,Ongoing
PRJ_1886,Roads Infrastructure Development at Punjab Section Pkg-6,Ministry of Road Transport & Highways,Roads & Highways,MoRTH,Punjab,30.9128,75.6166,2022-11-01,1173.56,1525.63,2024-10-01,2027-04-02,1344.86,19,17,2,Delayed
PRJ_1887,Roads Infrastructure Development at Madhya Pradesh Section Pkg-7,Ministry of Road Transport & Highways,Roads & Highways,NHAI,Madhya Pradesh,23.1445,78.4192,2018-07-01,1228.43,1203.86,2023-03-01,2023-08-30,325.73,6,1,2,Delayed
PRJ_1888,Railways Infrastructure Development at Delhi Section Pkg-8,Ministry of Railways,Railways,Dedicated Freight Corridor Corp,Delhi,28.2115,,2021-03-01,559.05,745.21,2023-07-01,2024-09-29,733.26,18,16,2,Delayed
PRJ_1889,Healthcare Infrastructure Development at Haryana Section Pkg-9,Ministry of Labour and Employment,Healthcare & ESIC,ESIC,Haryana,29.2222,76.3802,2016-07-01,287.42,302.37,2018-11-30,2019-07-31,111.21,18,6,1,Delayed
PRJ_1890,Roads Infrastructure Development at Karnataka Section Pkg-1,Ministry of Road Transport & Highways,Roads & Highways,NHAI,Karnataka,15.6444,75.6623,2017-04-01,582.78,695.84,2019-06-01,2020-07-31,252.85,7,2,4,Delayed
PRJ_1891,Roads Infrastructure Development at Andhra Pradesh Section Pkg-2,Ministry of Road Transport & Highways,Roads & Highways,MoRTH,Andhra Pradesh,16.4511,79.2444,2022-11-01,638.91,639.55,2025-03-02,2025-04-01,397.91,19,11,2,Ongoing
PRJ_1892,Roads Infrastructure Development at Odisha Section Pkg-3,Ministry of Road Transport & Highways,Roads & Highways,MoRTH,Odisha,20.5905,85.0567,2023-04-01,486.57,477.33,2024-10-30,2024-12-29,448.32,19,17,2,Ongoing
PRJ_1893,Roads Infrastructure Development at Maharashtra Section Pkg-4,Ministry of Road Transport & Highways,Roads & Highways,MoRTH,Maharashtra,19.9754,76.1713,2022-04-01,1387.0,1367.58,2024-08-30,2024-12-29,455.74,11,3,2,Delayed
PRJ_1894,Roads Infrastructure Development at Maharashtra Section Pkg-5,Ministry of Road Transport & Highways,Roads & Highways,MoRTH,Maharashtra,19.5016,76.3044,2021-09-01,1112.55,1264.97,2024-06-01,2026-10-01,1088.6,21,17,4,Delayed
PRJ_1895,Roads Infrastructure Development at Odisha Section Pkg-6,Ministry of Road Transport & Highways,Roads & Highways,NHAI,Odisha,21.4823,85.496,2019-07-01,279.58,301.39,2022-09-30,2022-12-30,260.6,24,19,0,Ongoing
PRJ_1896,Roads Infrastructure Development at Telangana Section Pkg-7,Ministry of Road Transport & Highways,Roads & Highways,MoRTH,Telangana,18.1592,79.251,2019-07-01,307.41,346.76,2023-01-29,2023-02-28,341.66,20,18,2,Delayed
PRJ_1897,Roads Infrastructure Development at Meghalaya Section Pkg-8,Ministry of Road Transport & Highways,Roads & Highways,MoRTH,Meghalaya,25.4015,91.7489,2018-10-01,399.52,474.23,2021-01-30,2023-04-01,249.66,10,5,3,Delayed
PRJ_1898,Roads Infrastructure Development at Maharashtra Section Pkg-9,Ministry of Road Transport & Highways,Roads & Highways,MoRTH,Maharashtra,20.165,75.7796,2017-10-01,260.85,329.19,2020-11-30,2021-09-30,276.79,24,19,3,Delayed
PRJ_1899,Roads Infrastructure Development at Maharashtra Section Pkg-1,Ministry of Road Transport & Highways,Roads & Highways,NHIDCL,Maharashtra,19.1849,76.0543,2023-06-01,4086.99,4197.34,2025-10-30,2026-01-29,3257.72,21,15,1,Ongoing
PRJ_1900,Roads Infrastructure Development at Rajasthan Section Pkg-2,Ministry of Road Transport & Highways,Roads & Highways,NHAI,Rajasthan,26.9122,74.5575,2016-06-01,1121.64,1534.4,2019-08-01,2022-01-30,1158.37,23,17,4,Delayed
PRJ_1901,Healthcare Infrastructure Development at Haryana Section Pkg-3,Ministry of Health & Family Welfare,Healthcare Infrastructure,CPWD,Haryana,28.9454,76.6533,2020-11-01,481.28,488.5,2023-05-03,2023-12-02,207.93,8,3,0,Delayed
PRJ_1902,Roads Infrastructure Development at Karnataka Section Pkg-4,Ministry of Road Transport & Highways,Roads & Highways,NHIDCL,Karnataka,15.1935,75.4998,2023-05-01,2905.27,3660.64,2025-04-30,2027-05-30,2839.83,14,10,2,Delayed
PRJ_1903,Railways Infrastructure Development at Bihar Section Pkg-5,Ministry of Railways,Railways,Central Railway,Bihar,24.9616,84.7879,2016-01-01,746.51,918.21,2017-10-31,2018-08-31,75.77,24,1,3,Delayed
PRJ_1904,Roads Infrastructure Development at Telangana Section Pkg-6,Ministry of Road Transport & Highways,Roads & Highways,NHAI,Telangana,17.7242,79.3598,2022-11-01,390.68,395.76,2025-12-01,2026-01-30,303.72,17,13,1,Ongoing
PRJ_1905,Roads Infrastructure Development at Assam Section Pkg-7,Ministry of Road Transport & Highways,Roads & Highways,NHAI,Assam,26.5088,92.9439,2018-09-01,727.95,941.97,2020-09-30,2021-03-01,711.7,8,5,1,Delayed
PRJ_1906,Petroleum Infrastructure Development at Uttar Pradesh Section Pkg-8,Ministry of Petroleum & Natural Gas,Petroleum & Natural Gas,HPCL,Uttar Pradesh,26.4133,80.5374,2023-01-01,377.91,385.85,2024-12-01,2026-08-01,293.04,16,12,0,Delayed
PRJ_1907,Roads Infrastructure Development at Gujarat Section Pkg-9,Ministry of Road Transport & Highways,Roads & Highways,NHAI,Gujarat,21.9005,70.8371,2018-07-01,640.42,712.79,2022-08-30,2023-03-31,263.42,14,4,0,Delayed
PRJ_1908,Roads Infrastructure Development at Manipur Section Pkg-1,Ministry of Road Transport & Highways,Roads & Highways,MoRTH,Manipur,24.1334,93.5807,2021-08-01,2187.13,3239.14,2024-07-01,2026-12-31,460.5,20,2,3,Stalled
PRJ_1909,Roads Infrastructure Development at Andhra Pradesh Section Pkg-2,Ministry of Road Transport & Highways,Roads & Highways,NHAI,Andhra Pradesh,16.2043,80.3121,2020-05-01,734.99,958.43,2024-01-30,2025-03-31,753.42,8,5,1,Delayed
PRJ_1910,Urban Infrastructure Development at Bihar Section Pkg-3,Ministry of Housing & Urban Affairs,Urban Infrastructure & Metro,DMRC,Bihar,25.0804,85.5383,2016-10-01,150.0,193.8,2021-10-01,2023-07-02,126.36,23,14,7,Delayed
PRJ_1911,Coal Infrastructure Development at West Bengal Section Pkg-4,Ministry of Coal,Coal Mining,SCCL,West Bengal,22.5839,87.7819,2019-01-01,953.76,1183.62,2022-12-01,2023-01-30,1183.62,24,22,2,Delayed
PRJ_1912,Roads Infrastructure Development at Assam Section Pkg-5,Ministry of Road Transport & Highways,Roads & Highways,NHAI,Assam,26.1588,92.4161,2017-07-01,339.51,357.16,2019-03-01,2019-06-30,259.48,7,5,0,Delayed
PRJ_1913,Coal Infrastructure Development at Tripura Section Pkg-6,Ministry of Coal,Coal Mining,ECL,Tripura,24.4713,92.0587,2017-11-01,232.79,263.98,2019-07-02,2019-08-01,243.47,7,6,1,Delayed
PRJ_1914,Urban Infrastructure Development at Andhra Pradesh Section Pkg-7,Ministry of Housing & Urban Affairs,Urban Infrastructure & Metro,PMRCL,Andhra Pradesh,15.8523,79.99,2023-09-01,2072.27,2569.61,2026-12-31,2029-07-31,1871.97,19,14,4,Delayed
PRJ_1915,Roads Infrastructure Development at Nagaland Section Pkg-8,Ministry of Road Transport & Highways,Roads & Highways,NHAI,Nagaland,25.5779,93.9766,2017-10-01,341.07,390.53,2022-06-01,2024-06-30,119.05,20,6,1,Delayed
PRJ_1916,Roads Infrastructure Development at Odisha Section Pkg-9,Ministry of Road Transport & Highways,Roads & Highways,MoRTH,Odisha,20.4113,85.1019,2016-02-01,662.17,711.17,2017-11-01,2018-01-31,462.29,20,13,0,Ongoing
PRJ_1917,Railways Infrastructure Development at Jharkhand Section Pkg-1,Ministry of Railways,Railways,Central Railway,Jharkhand,24.1233,85.4922,2016-03-01,488.41,498.18,2019-07-31,2019-10-30,250.91,24,11,1,Ongoing
PRJ_1918,Roads Infrastructure Development at Jharkhand Section Pkg-2,Ministry of Road Transport & Highways,Roads & Highways,NHIDCL,Jharkhand,24.1523,85.2426,2019-03-01,199.97,212.57,2021-11-29,2022-01-28,205.4,20,18,0,Ongoing
PRJ_1919,Roads Infrastructure Development at Telangana Section Pkg-3,Ministry of Road Transport & Highways,Roads & Highways,NHAI,Telangana,18.6404,79.5343,2023-10-01,1243.1,1345.03,2028-01-30,2029-10-30,379.62,18,4,8,Stalled
PRJ_1920,Roads Infrastructure Development at Meghalaya Section Pkg-4,Ministry of Road Transport & Highways,Roads & Highways,MoRTH,Meghalaya,25.1546,91.9117,2017-09-01,772.78,807.56,2022-09-01,2022-09-01,165.86,12,2,1,Ongoing
PRJ_1921,Roads Infrastructure Development at Maharashtra Section Pkg-5,Ministry of Road Transport & Highways,Roads & Highways,NHIDCL,Maharashtra,20.0973,75.4796,2023-01-01,161.32,164.39,2028-01-01,2028-01-01,51.84,21,6,1,Ongoing
PRJ_1922,Roads Infrastructure Development at Telangana Section Pkg-6,Ministry of Road Transport & Highways,Roads & Highways,NHIDCL,Telangana,,79.414,2020-07-01,567.61,641.97,2024-10-30,2025-01-29,554.11,22,19,0,Delayed
PRJ_1923,Roads Infrastructure Development at Maharashtra Section Pkg-7,Ministry of Road Transport & Highways,Roads & Highways,NHIDCL,Maharashtra,19.8642,75.1558,2023-05-01,599.03,724.83,2025-09-29,2027-05-30,401.18,8,4,4,Delayed
PRJ_1924,Roads Infrastructure Development at Jharkhand Section Pkg-8,Ministry of Road Transport & Highways,Roads & Highways,MoRTH,Jharkhand,24.101,85.0947,2019-11-01,171.23,182.02,2022-08-31,2022-09-30,63.15,9,2,2,Ongoing
PRJ_1925,Roads Infrastructure Development at Sikkim Section Pkg-9,Ministry of Road Transport & Highways,Roads & Highways,NHAI,Sikkim,27.7185,88.1075,2018-08-01,242.03,289.47,2022-05-01,2023-03-31,68.51,11,2,8,Delayed
PRJ_1926,Coal Infrastructure Development at Andhra Pradesh Section Pkg-1,Ministry of Coal,Coal Mining,ECL,Andhra Pradesh,15.4648,79.9503,2019-04-01,450.93,482.04,2022-11-30,2023-03-01,401.77,13,11,0,Ongoing
PRJ_1927,Roads Infrastructure Development at Jharkhand Section Pkg-2,Ministry of Road Transport & Highways,Roads & Highways,NHAI,Jharkhand,23.6186,85.2438,2020-06-01,632.04,868.42,2022-10-31,2024-01-30,60.67,6,0,1,Delayed
PRJ_1928,Roads Infrastructure Development at Uttarakhand Section Pkg-3,Ministry of Road Transport & Highways,Roads & Highways,NHAI,Uttarakhand,29.6673,78.5299,2022-05-01,2632.64,3430.33,2024-08-30,2026-03-31,2885.19,12,9,1,Delayed
PRJ_1929,Roads Infrastructure Development at Haryana Section Pkg-4,Ministry of Road Transport & Highways,Roads & Highways,MoRTH,Haryana,29.0729,,2021-01-01,727.59,988.07,2025-11-01,2028-10-01,540.62,15,7,3,Delayed
PRJ_1930,Roads Infrastructure Development at Uttar Pradesh Section Pkg-5,Ministry of Road Transport & Highways,Roads & Highways,NHIDCL,Uttar Pradesh,26.2766,80.5457,2020-07-01,717.35,985.64,2022-07-01,2023-05-01,881.91,12,10,1,Delayed
PRJ_1931,Coal Infrastructure Development at Gujarat Section Pkg-6,Ministry of Coal,Coal Mining,Coal India Ltd (CIL),Gujarat,,70.6861,2017-12-01,1521.18,1572.9,2020-01-31,2020-07-31,1272.76,21,16,0,Delayed
PRJ_1932,Power Infrastructure Development at Andhra Pradesh Section Pkg-7,Ministry of Power,Power Transmission & Generation,PGCIL,Andhra Pradesh,15.8149,80.0804,2023-02-01,3237.28,3075.42,2027-03-03,2028-01-31,1110.79,13,4,2,Delayed
PRJ_1933,Power Infrastructure Development at Punjab Section Pkg-8,Ministry of Power,Power Transmission & Generation,SJVN,Punjab,30.6152,75.0318,2017-06-01,226.54,321.91,2021-08-31,2023-01-30,218.59,22,14,1,Delayed
PRJ_1934,Roads Infrastructure Development at Assam Section Pkg-9,Ministry of Road Transport & Highways,Roads & Highways,MoRTH,Assam,26.6692,92.5977,2017-10-01,979.46,1377.12,2020-05-01,2021-07-31,976.76,10,6,4,Delayed
PRJ_1935,Roads Infrastructure Development at Maharashtra Section Pkg-1,Ministry of Road Transport & Highways,Roads & Highways,MoRTH,Maharashtra,19.2374,75.8443,2023-05-01,158.09,202.04,2025-01-29,2027-05-31,45.19,19,3,10,Stalled
PRJ_1936,Roads Infrastructure Development at Jharkhand Section Pkg-2,Ministry of Road Transport & Highways,Roads & Highways,NHAI,Jharkhand,,85.2543,2022-01-01,449.37,448.47,2025-01-31,2025-01-31,397.2,15,13,2,Ongoing
PRJ_1937,Railways Infrastructure Development at Maharashtra Section Pkg-3,Ministry of Railways,Railways,Central Railway,Maharashtra,19.3724,75.9257,2017-03-01,150.0,199.8,2021-10-30,2022-08-30,10.63,10,0,6,Delayed
PRJ_1938,Roads Infrastructure Development at Uttar Pradesh Section Pkg-4,Ministry of Road Transport & Highways,Roads & Highways,MoRTH,Uttar Pradesh,27.2237,,2019-08-01,1603.09,1986.23,2024-03-01,2025-01-29,925.85,18,8,10,Delayed
PRJ_1939,Roads Infrastructure Development at Tamil Nadu Section Pkg-5,Ministry of Road Transport & Highways,Roads & Highways,MoRTH,Tamil Nadu,11.6216,78.09,2016-01-01,150.0,207.0,2019-10-01,2021-07-31,115.95,19,9,7,Delayed
PRJ_1940,Railways Infrastructure Development at Maharashtra Section Pkg-6,Ministry of Railways,Railways,RVNL,Maharashtra,20.119,76.3005,2020-09-01,349.69,426.97,2025-03-02,2026-04-01,363.69,23,18,3,Delayed
PRJ_1941,Water Infrastructure Development at Karnataka Section Pkg-7,"Department of Water Resources, River Development & GR",Water & Sanitation,Water Resources Dept,Karnataka,15.3734,75.8059,2020-04-01,495.83,499.3,2022-12-01,2023-03-02,440.78,21,19,1,Ongoing
PRJ_1942,Roads Infrastructure Development at Maharashtra Section Pkg-8,Ministry of Road Transport & Highways,Roads & Highways,MoRTH,Maharashtra,19.7159,,2020-09-01,378.27,403.61,2024-05-02,2025-01-30,357.08,24,19,1,Delayed
PRJ_1943,Roads Infrastructure Development at Delhi Section Pkg-9,Ministry of Road Transport & Highways,Roads & Highways,NHIDCL,Delhi,28.4662,77.6906,2016-09-01,190.46,200.94,2019-12-02,2020-10-01,63.17,23,6,2,Delayed
PRJ_1944,Railways Infrastructure Development at Odisha Section Pkg-1,Ministry of Railways,Railways,IRCON,Odisha,21.4502,85.0585,2018-11-01,150.0,156.15,2022-11-01,2023-05-02,38.56,17,4,2,Delayed
PRJ_1945,Railways Infrastructure Development at Tamil Nadu Section Pkg-2,Ministry of Railways,Railways,RVNL,Tamil Nadu,10.5844,78.2835,2018-01-01,1506.34,1510.86,2022-04-02,2022-07-02,1391.61,13,11,2,Ongoing
PRJ_1946,Roads Infrastructure Development at Jammu & Kashmir Section Pkg-3,Ministry of Road Transport & Highways,Roads & Highways,NHAI,Jammu & Kashmir,,76.6572,2017-07-01,1216.64,1339.52,2022-05-31,2022-05-31,308.43,11,2,0,Delayed
PRJ_1947,Railways Infrastructure Development at Nagaland Section Pkg-4,Ministry of Railways,Railways,Dedicated Freight Corridor Corp,Nagaland,26.1102,94.9044,2017-09-01,524.42,630.88,2019-04-02,2020-08-31,630.88,18,17,1,Delayed
PRJ_1948,Petroleum Infrastructure Development at Karnataka Section Pkg-5,Ministry of Petroleum & Natural Gas,Petroleum & Natural Gas,ONGC,Karnataka,15.2992,76.1196,2016-08-01,916.94,972.87,2021-01-30,2021-05-31,785.89,9,6,0,Delayed
PRJ_1949,Roads Infrastructure Development at Jharkhand Section Pkg-6,Ministry of Road Transport & Highways,Roads & Highways,NHAI,Jharkhand,23.9825,85.5356,2017-12-01,1241.14,1321.81,2020-05-01,2020-06-30,453.29,21,7,0,Ongoing
PRJ_1950,Railways Infrastructure Development at Andaman & Nicobar Section Pkg-7,Ministry of Railways,Railways,Dedicated Freight Corridor Corp,Andaman & Nicobar,,92.3676,2019-09-01,3641.24,4795.51,2023-10-31,2028-05-31,1033.21,18,4,10,Stalled
PRJ_1951,Roads Infrastructure Development at Maharashtra Section Pkg-8,Ministry of Road Transport & Highways,Roads & Highways,NHAI,Maharashtra,19.66,75.6498,2023-08-01,150.0,217.2,2026-11-30,2028-02-29,214.91,22,20,2,Delayed
PRJ_1952,Railways Infrastructure Development at Bihar Section Pkg-9,Ministry of Railways,Railways,Dedicated Freight Corridor Corp,Bihar,25.2777,85.0499,2023-04-01,360.16,418.15,2026-09-30,2029-01-29,132.75,11,3,6,Delayed
PRJ_1953,Petroleum Infrastructure Development at Mizoram Section Pkg-1,Ministry of Petroleum & Natural Gas,Petroleum & Natural Gas,BPCL,Mizoram,23.6394,93.2992,2023-09-01,253.38,258.45,2028-08-31,2030-07-01,168.12,21,12,6,Delayed
PRJ_1954,Railways Infrastructure Development at Kerala Section Pkg-2,Ministry of Railways,Railways,RVNL,Kerala,10.8179,75.7512,2019-09-01,288.69,370.68,2024-05-01,2026-05-01,238.87,9,5,1,Delayed
PRJ_1955,Telecommunications Infrastructure Development at Odisha Section Pkg-3,Department of Telecommunications,Telecommunications,BSNL,Odisha,20.5703,85.6579,2022-10-01,191.02,191.59,2024-07-31,2024-07-31,183.0,9,8,2,Ongoing
PRJ_1956,Roads Infrastructure Development at West Bengal Section Pkg-4,Ministry of Road Transport & Highways,Roads & Highways,MoRTH,West Bengal,22.6913,87.4,2020-03-01,1556.99,1731.37,2024-03-31,2024-06-30,1605.71,15,13,1,Delayed
PRJ_1957,Roads Infrastructure Development at Jharkhand Section Pkg-5,Ministry of Road Transport & Highways,Roads & Highways,NHAI,Jharkhand,23.7204,,2019-12-01,242.98,280.4,2024-05-31,2024-09-29,210.05,6,4,0,Delayed
PRJ_1958,Roads Infrastructure Development at Maharashtra Section Pkg-6,Ministry of Road Transport & Highways,Roads & Highways,NHAI,Maharashtra,19.8794,76.0778,2017-01-01,150.0,198.9,2020-06-01,2022-05-02,172.66,10,8,1,Delayed
PRJ_1959,Urban Infrastructure Development at Andhra Pradesh Section Pkg-7,Ministry of Housing & Urban Affairs,Urban Infrastructure & Metro,MMRDA,Andhra Pradesh,15.9974,79.7971,2016-09-01,783.82,744.63,2021-01-31,2021-01-31,382.77,16,8,2,Ongoing
PRJ_1960,Power Infrastructure Development at Bihar Section Pkg-8,Ministry of Power,Power Transmission & Generation,NTPC,Bihar,24.9518,85.5811,2016-07-01,150.0,154.95,2020-08-30,2020-08-30,43.88,18,4,2,Ongoing
PRJ_1961,Roads Infrastructure Development at Uttar Pradesh Section Pkg-9,Ministry of Road Transport & Highways,Roads & Highways,NHAI,Uttar Pradesh,26.3906,80.5197,2023-07-01,265.35,268.8,2027-11-30,2028-06-30,63.05,11,2,2,Delayed
PRJ_1962,Railways Infrastructure Development at Uttar Pradesh Section Pkg-1,Ministry of Railways,Railways,RVNL,Uttar Pradesh,26.6097,81.0334,2019-08-01,1001.99,1475.93,2021-09-30,2022-08-30,1135.01,15,12,3,Delayed
PRJ_1963,Airports Infrastructure Development at Karnataka Section Pkg-2,Ministry of Civil Aviation,Airports & Aviation,Adani Airport Holdings,Karnataka,14.9752,75.3951,2016-08-01,572.69,544.06,2018-10-01,2019-08-01,461.48,14,11,2,Delayed
PRJ_1964,Power Infrastructure Development at West Bengal Section Pkg-3,Ministry of Power,Power Transmission & Generation,THDC,West Bengal,22.6352,,2020-11-01,431.76,512.5,2024-04-01,2026-08-01,106.81,24,5,6,Stalled
PRJ_1965,Roads Infrastructure Development at Assam Section Pkg-4,Ministry of Road Transport & Highways,Roads & Highways,MoRTH,Assam,26.5001,92.5406,2021-03-01,2440.54,2638.22,2022-09-30,2023-11-30,1444.32,6,3,0,Delayed
PRJ_1966,Railways Infrastructure Development at Sikkim Section Pkg-5,Ministry of Railways,Railways,IRCON,Sikkim,27.678,88.4306,2018-08-01,3807.56,4184.51,2022-08-31,2022-09-30,2661.09,17,10,0,Delayed
PRJ_1967,Educational Infrastructure Development at Chhattisgarh Section Pkg-6,Department of Higher Education,Educational Infrastructure,CPWD,Chhattisgarh,21.2834,81.4137,2020-10-01,150.0,182.25,2024-01-01,2026-06-01,140.31,12,9,1,Delayed
PRJ_1968,Coal Infrastructure Development at West Bengal Section Pkg-7,Ministry of Coal,Coal Mining,MCL,West Bengal,,88.2304,2021-07-01,379.9,478.29,2025-07-01,2027-08-31,177.99,16,6,5,Delayed
